-- Dumping data for table `component`
LOCK TABLES `component` WRITE;
INSERT INTO `component`
(`id`, `name`, `componentTypeId`, `description`)
VALUES
(1,'pv1',1,'PV example'),
(2,'wt1',2,'WT example'),
(3,'dg1',3,'DG example'),
(4,'b1',4,'B example');
UNLOCK TABLES;


-- Dumping data for table `component_spec_data`
LOCK TABLES `component_spec_data` WRITE;
INSERT INTO `component_spec_data`
(`componentId`, `componentSpecMetaId`, `value`)
VALUES
(1,1,50),
(1,29,-0.0033),
(1,30,0),
(1,2,1.0),
(1,3,500),
(1,4,100),
(2,5,2.5),
(2,6,35.0),
(2,7,50),
(2,8,30),
(2,9,10000),
(2,10,1000),
(2,31,10.0),
(2,32,75.0),
(2,33,20.0),
(3,11,1.0),
(3,12,0.6),
(3,13,0.4),
(3,14,65.0),
(3,15,0.0),
(3,16,25),
(3,17,750),
(3,18,100),
(4,19,0.95),
(4,20,100.0),
(4,21,0.95),
(4,22,100.0),
(4,23,100.0),
(4,24,0.99),
(4,25,0.2),
(4,26,1.0),
(4,27,2000.0),
(4,28,50.0);
UNLOCK TABLES;


-- Dumping data for table `component_user`
LOCK TABLES `component_user` WRITE;
INSERT INTO `component_user`
(`userId`, `componentId`, `permissionId`)
VALUES
(2,1,1),
(2,2,1),
(2,3,1),
(2,4,1);
UNLOCK TABLES;


-- Dumping data for table `grid`
LOCK TABLES `grid` WRITE;
INSERT INTO `grid`
(`id`,`name`,`description`)
VALUES
(1,'no wind','solar / battery / diesel'),
(2,'no solar','wind / battery / diesel'),
(3,'no diesel','solar / wind / battery'),
(4,'all sources','solar / wind / battery / diesel'),
(5,'no solar, more wind','wind x2 / battery / diesel');
UNLOCK TABLES;


-- Dumping data for table `grid_component`
LOCK TABLES `grid_component` WRITE;
INSERT INTO `grid_component`
(`gridId`,`componentId`,`quantity`) 
VALUES 
(1,1,1),
(1,3,1),
(1,4,1),
(2,2,1),
(2,3,1),
(2,4,1),
(3,1,1),
(3,2,1),
(3,4,1),
(4,1,1),
(4,2,1),
(4,3,1),
(4,4,1),
(5,2,2),
(5,3,1),
(5,4,1);
UNLOCK TABLES;


-- Dumping data for table `grid_user`
LOCK TABLES `grid_user` WRITE;
INSERT INTO `grid_user`
(`gridId`, `userId`, `permissionId`)
VALUES
(1,2,1),
(2,2,1),
(3,2,1),
(4,2,1),
(5,2,1);
UNLOCK TABLES;


-- Dumping data for table `powerload`
LOCK TABLES `powerload` WRITE;
INSERT INTO `powerload`
(`id`, `name`, `description`, `startdatetime`, `enddatetime`, `image`)
VALUES
(1,'Powerload 1','example powerload','2023-09-01 08:00:00','2023-09-15 08:00:00',_binary 'iVBORw0KGgoAAAANSUhEUgAAAYQAAADcCAYAAABwF9b9AAAAAXNSR0IArs4c6QAAIABJREFUeF7tXQmcjdX7/1IMRRKyFUooFCKkspZskT0x4ZcU2bK110hpL9OETJQisowhWSpJKmWNGIkW7RR/MchMyv/znJnnzrln3ve9791m7r3zvJ9Pn8x7z3uW73nO8z3P85yl0OnTp09DHkFAEBAEBIECj0AhIYQCLwMCgCAgCAgCCgEhBBEEQUAQEAQEASEEkQFBQBAQBASBHATEQhBpEAQEAUFAEBALQWRAEBAEBAFBQCwEkQFBQBAQBAQBAwFxGYlICAKCgCAgCIjLSGRAEBAEBAFBQFxGIgOCgCAgCAgC4jISGRAEBAFBQBCwQkBiCCIXgoAgIAgIAhJDEBkQBAQBQUAQkBiCyIAgIAgIAoKAxBBEBgQBQUAQEAQkhiAyIAgIAoKAIGCLgASVRTgEAUFAEBAEJKgsMiAICAKCgCAgQWWRAUFAEBAEBAEJKosMCAKCgCAgCEhQWWRAEBAEBAFBQILKIgOCgCAgCAgCzgjIKiOREEFAEBAEBAGFgBCCCIIgIAgIAoJAdBDCf//9h8cmPYlBAwfggsqVVaVPnDiBV197HV/v/gaNr2qEDjfeiAoVyiMjIwPzFizE9h07UKtGDQyI74dixYpJVwsCgoAgIAi4QCCiLYStX27De6tXY+mydzH7tZmocUl11aQJT0zC7m/2KJLYsHETdqSlYd6bszB1ejJ27tqFgfHxmJ+SgjLnnYf7x411AYMkEQQEAUFAEIhoQkhJXYJffv1Vzfp1QmjdrgNenTYF1S+6CIcPH0b7Ll2xaN5b6NGnL6YlJaJBvXrYs3cvRo4dj5VLU6WXBQFBQBAQBFwgENGEwPUnApj+cpLHQkg/dgwlzj4bhQoVwtz587HknXcxJfFF3NStB1YsTcV5pUvj+PHjaNO+I5YvWawsBXkEAUFAEBAEnBGISkKgJu0/cACJL0/Bnr3f4rFHHkaJEiXQu1881q9dg8KFC6tWN23eEilvz0XlSpVcycGBAwdQqlQpiTu4QksSCQKCQKwhEJWE8O1332H46LHo1b0b+vTqqRQ4BZ+btWyNZSmLUK5cWRw9ehRtO3X2IgjuvLS0NCQkJOTqyyFDhqBhw4ax1sfSHkFAECjgCNBE180TlYTQuXtP3DnodtzQprWnjUWKFMHwe8agZYvr0K1LF8yaPQebt27F1MTJbnDAyZMnceTIEZVWVia5gkwSCQKCQJQgEHOEkDwlCZdUr44//vwTRAjmQ6uM/j55EsNGjVY/xcXF4ZWkRFStUsV1l4nLyDVUklAQEARiEIGosBD8wf3UqVMqvlCpYkVPLMHt90IIbpGSdIKAIBCLCMQcIQTTSUIIwaAXI98e2giUaRwjjZFmCAL+ISCEoOElhOCf8ERd6j0vZyl7XeETATAJ8P+tCMHq26gDQCosCDgjIIQghFAwxggp+/XxQLPZ3oRAiv7ghiwMKI35O39Hv5u/FQzkpJUFCAEhBCGEgiHuToRACNQclkUYtYbntiC+ScrCyPytYCAnrSxACAghCCEUDHEnS4AUuznL10lACKFgyIK00hYBIQQhhIIxPJgQaJZP1gA/QggFo/+lla4QEEIQQnAlKFGfSAgh6rtQGhB+BIQQhBDCL2WRUEKghEDf0UOBZ4khREJPSh3CiIAQghBCGMUrgrIm1xA9ZZv45zISQoigTpSqhBsBIQQhhHDLWGTkL4QQGf0gtYhoBIQQhBAiWkBDVjkhhJBBKRnFLgJCCEIIsSvdesuEEApGP0srg0JACEEIISgBipqPhRCipqukovmHQMQTAl1889ikJzFo4ABcULmyQiojI0Pds7x9xw7UqlEDA+L7qTsM7N67hVfOMnKLVBSmE0KIwk6TKuc1AhFNCFu/3Ib3Vq/G0mXvYvZrMz13Kk+dnoydu3ZhYHw85qekqDuT7x83Fnbv3YIqhOAWqShMR4RAK4xo+SjtVubH18Y0WWUUhZ0tVQ4UgYgmhJTUJfjl11+VNcCEcPr0aVzdohWmJSWiQb162LN3L0aOHY8VSxZbvl+5NNU1NkIIrqGKvoRCCNHXZ1LjPEcgKEJIT0/H/gN/oEiRM5U758wzzwxLA1q364DpLycpC+HgoUPo1LU7VixNxXmlS+P48eNo074jZr8+E/EDb8/1fvmSxcqCcPMIIbhBKUrTuCEEtgb0oy34HTdb/y1KoZBqCwJ2CARECGvXrcPc+Qvw1Y6dXvnWqlkTN3fuhM4dO+KMM84IGeo6Ifz408/o3S8e69eu8dyI1rR5SyS98DyGjx6T633K23NRuVIlV3URQnAFU3QmEkKIzn6TWucpAn4Rwj///INx9z+gArhdOnVC1apVUP7885Xy/+vIEfz6628gsti4eQuemPCoJwgcbIt0QqAgc7OWrbEsZRHKlSuLo0ePom2nzvh0zWpc2/r6XO914uB6pKWlISEhIVe1hgwZgoYNGwZbXfk+AhEouuV2oEwTxKVvQ/rlUz01VO9rDkdmyfooui9Zvc+sNjjn9+x3/EL/LQKbKVUSBCwRKFWqlCtk/CYEmqFfUv1ix8xJSZ/691/l0gnFoxMC5Tds1Gi0bHEdunXpglmz52Dz1q2YmjjZ9r2bOpw8eRJHjhxRSYnw5IktBEqubYSMhjOAPUnIbDjT07iSO4YivWJ/FXC2IgT+veix7bnIIrYQktbEMgJhIQQCjJRz3dq1cVWjhmjYoD7ITRRK95BVp1CZyVOScEn16urnXbt3K+VPT1xcHF5JSkTVKlVs37vtaHEZuUUqCtMtq5W1uojvROAm6KuMrGII/DtdsEOPxBCisPOlym4R8MtCoExpNk6xg23bv8LGzZtx1llnoXGjhmjcqBEa1K+Hi6pVc1t2UOlOnTqF/QcOoFLFip5YAmVo995NYUIIblCK0jRCCFHacVLtvETAb0LQK0fK99vvvseSZcuw5J1l6qcPVy7H2WefnZdtCFlZQgghgzLyMhJCiLw+kRpFHAIBEQItN93y5TZs3LQJH637RDXq2mZXo2njxmjVornXjD3iWuxQISGEaOotP+sqhOAnYJK8ICLgNyGQ757cRo2uvBLXXN1UxRIuvuiiqCUBvdOFEGJ4CAghxHDnStNChYDfhDD+gQex7tPPVDD5umuaqdhB7csuDdumtFA11E0+QghuUIrSNEIIUdpxUu28RMBvQqDK0RJNOlhu0+Ytihx++vlntGnVUrmMOrS7MeyrjsIFkBBCuJCNgHyFECKgE6QKkY5AQITAjfr75El8s2cPVr3/gQSVI72nC3r9hBAKugRI+10g4DchfLr+c2UdbNmyVa37L126NJo1bYKrGjZE/SuuQIUK5V0UG5lJ/LIQ9PXrkdkcqZWOgB0h0PubvslKKfsQRGYKOAJ+E0L7Ll1R/4rLcVWjRriyfj21IaxQoUIxAaMQQkx0o3UjhBBiuHOlaaFCwG9CoLOEChcujE8/W49rr2nmqQddTvPGnLdwW99bo/boByGEUIlVBOYjhBCBnSJVijQE/CYEbsCI0WPR+KpG6NfnFmz/ageeePoZFUx+Y0YyihYtGmntdFUfvwmBLlyRowxcYZvviYQQ8r0L/K4AufDoqJFaw7M+5X/LmPMbSrcfBEwIBw8exNCR96BC+fLqCIthQ+5C7x7dUaRIEbdlR1w6IYSI65LQVcgNIdB5RXZnHbFC0m9bC13tJCcrBIgQ6IY7emjyZUUI1Gd8PSrHggTNgBEImBCoxD//PIi7ho9Au7Y34I7/DQy4EpHyoRBCpPREiOvBip5mmqbC14PKQgghBj7I7MyFG1b9wwsBqF+FEIIEHPCbEOjk0RMnTtgWvGbVCnXgXTQ+QgjR2Gsu6iyE4AKkCEziLyGQ9VamcQQ2JHqq5BchUECZrqykoLLdQwfb0b3HdPBduNxHdBnP8pWrsGHjJlzZoD46d+qo7l6gwDbdv0zLYmvVqIEB8f38CnALIUSP4PpVUyEEv+CKmMT+EAK5lsgCFEIIqvv8IoS///4bdw0fqa7JvPH663NZAqSQaZ/CvAULMHbUKFxaq2ZQlbP7+PnJifjz4EF1a9ui1FSUOa8MHrh3HKZOT8bOXbswMD4e81NS1F3K948b67oOfhMC5Sw+Zdf45ltCIYR8gz6ogoUQgoIvkI/9IgQqgCyEOfPexutvzsb55crh4ouq4cwiRfDDD/vw62+/oWXz61SA+YLKlQOpj6tvevWNx9A770DL5s3x4UdrMX3GTMyf8yaubtEK05IS0aBePezZuxcjx47HyqWprvKkREIIrqGKroS671mPGVArJIYQuX3phhA4DQecxUIIqj/9JgQuLTMzU51h9MO+H/HXX3+hYoUKqFu3Ds51eXdnMLV+Z/lyTE6agubXXqPOUho17G40u7opOnXtjhVLU5X7iIirTfuOWL5ksbIU3DxCCG5QisI0QghR2GnIWj2ku4Gcgv5CCCHp44AJISSlB5jJmHvvw+HDf6FF8+vw8bpPULZsGdx9113o3S8e69eu8cQ4mjZviZS356JypUquSrIlBFrJYK595qVu4jJyhW2+JhJCyFf4Ay5cCCFg6AL9MOoI4cAff6BLj15IXfC2skr473cWLUDnHr2wLGURypUri6NHj6Jtp85eBMEgpaWlISEhIRdmQ4YMQcOGDb3fH9yAkjvvVhe0Z5as7/mNLm2nAFb65VMDxV6+yysEqA9/f0P1FfVbesvNXv3o+VtLxwmKbrkdqDkcmRkZnjzyqtoFvRwP9jzuHPoHe5Ky+kkbowUdP739pVx6bqKOEGj10k3de+Kh++5VF/Rs/XIbHkyYgHcXL8LIMePQssV16NalC2bNnqMu8pmaONmVXNCR3v/tTkRGRiYKXzrC803RfcmI25eMjGqDkVltsJciyShZD5kNZ7rKXxLlHwJF07eBFAb1lRMh6Om4tiV3DEV6xf4oGhfnySP/WhJ7JVthbmKvNqVlP7n6L7t/FOFX7J+1gU2eXAiEnRBopU/vnj3CGjy269cPPlyDF15KUj+fVbw4ht45WN3HQKev0o1u9MTFxeGVpER1+J7b59SS6jh18RAUO7Y9Z/WQvltSdw9RMJICWOIycgtv/qUTl1H+Ye+rZD6ewmpTmdWJwuaiAE5DfUyPHGvhC3HH3wO2EJ55/gV1ZtGIu4fmy/WZtCfi99/3o1Klil6nrZIFsf/AAVSqWNHveilCaJeGYlvvyJppkHCxwNH/daElwaRHdkcGJYB58nEwhMAKyCqgmSeVj/FChBAiqoMDJoSJk57C8lWr1H0I+iqeV6dNQfFixSKqka4qc2gjTmx7GoWveQvFfpqRM9tghWDOVgoqIdAAJssompb3CSG4GgL5kkgIIV9gtys0YEKgdf5//30yV76X163j98w8IhARQnDXDUSM0XbKqxCCu77Nj1QkT9Q/VsdOiMsoz3skYEKgmn773XfY9tVXuLRmLdC+hHpXXB619ymTUIqF4EL+yDKiteGmr5Z9uJRFpFkP0UYIVN9Iw9CFaASUJFhCYAve6ra7gCpUsD8KmBBohzDdgUC++htvuB5btm5FqXNKYcIjD0UnolaEQIOST8cUl1FWv9oRglXwnd0B+X3oWKQSgpXid8KMSTdSyYLqx23S6+hEcLFMCCx3UWRRB0wI/QcNRp9ePdVBdgcPHULPbl3R4eZu6oKcCy+4IPpIYc/LOHz4MIrXG5cTQ4hWQgj1DJPz0y8sMS0EK0LglVj+DgirjYDBSFQ4CUHH2h93GuNF3+sWl35vA72n3xlr/sZfPIPBzp9v7cjMKe7EMmJ1MJ0bl1GkWQh6W/UxYbaPLRo6lI/6OEIWpwRMCN1vuRWTHkvA9z/sU4TQ95be6HlrPzz/9JOoVrWqP2IUGWkDIQQijGBOWLRS3IEoc/2bUK+GcXNJCfWg1Wostibod51AeCZp5Xbi+gcyQPR8zX+zpefvWUZOq4xMReek3EwpZ4XA7xkLnRC4X3lps65EApE7K9y5DH/lzspasZswsAyZS7QpD5Ibem/eU8HWqCkHdv0XjMvI37Y7aSx9UmDXx7qlTTrEXMGYjxoxYEKgw+3eX/0hqlWtoqyEYsWK4eDBQ3h58gv52Jwgig6UEEiY/HWJ8MDkQcDmNZvPVsqQlY/po7e6ZlDfH2E3GK2g0uvFv3NeXDe+ztDqKA/6TRduK0JgJUD5mjNdfdasY+DkitBn0KyQqe66Mg2XhcDKm/tPV+a+ZvFOhEBtZ8WiX/zC3+iWqy/lxMTBcmJOYvg95aNbKqzwrWJCLAv8Da86cyIE/bYzlgGuO40f3RrQ8Qw1IVgpf9Ntpf/N6alOLEdOZKy7VH0RArdNn3To8mw1ieBxZzep0mWfvzdJ1EFmAiYE2gewacsWrFn7MX7+5Re0btkCbVq2VMtQo/LxRQjmDIQHPzXWanZjB4I54+bZMwubPsg4D/0b07w0hY6+ITOUZ2P+LI/1NcNlITRn/P5YCDqOpqDyb+btV7oC0RWEqYDMgcU4hIMQ9NmtqcDckLDVhiq9njo5c5v9JQSdsOysC10R6/VmbM3Jjl5Hvd95pkvvrIheJwS72bxVnC6UhGB3/phJCDxmmKgYAzvC08e6TghM6vy7PonSZd/NXhdTpqxiL7oOMTfRurS4AyaEp557HuXPPx9NGl+FS2vWjM6lpnpHBkIIBLI5QHyxoT4Y9H/7IgRWwnZKVJ856ATlLyH4Ehy7wcz1MgXdtCgCIQQ7otCJkgaAXrapXEPtMnIiBDcy4YsQrGZ3TthZyZ1OCFyeeSqoroT1erPyNJV7tBKCbpmarqtwEgLHgcxJVDgIwW6c5IWF8OX27Vj/xQZ8/sUG/Pb77+roiKubNFH3ITjdqOZLX+bb77FICDx4TavCDmQ3guMvIZj+YSGELPQZa6tJgd3szh9CMAnLjhB00nBDCGb/64RiRyLmzNpOhqys8FBZCE5jQScEtvgpve7KoglXIBZCXhKCVRxPlzUXyjVgC4HyptgB3YlAbiO6pIaeqL1TOb8Jwc6kN81yU2mbZrbVzDiSCEGvr1uXkR02uoVAA0+3jPLaQrArzxf5+vpOxygYQuB8nNwypmvNKl7kixDIotBdltT+aCAEdnVxfCYYQtDjbv4QgpOr0fzNyr2bn4QwZXoyUlKXoPS556JZ0yZo1LAh6te7AqXOOccFD0VgkkAJwU8G9gqe6QMwHIRgZ0Jawe/GzUHf2aWzcxmZFkIoCYF9tHyfrr+EYLbFqm12/l1zBu5LsZuYW+VrNXOOBUIwLQc7C8HE38piNd9ZWVpO8m01OdLrFwwhmG4pK7eglStQb4NJppw+EEKg+vCE0pcrOLucgC2El6ZMw5Jly3BJ9YvRuFEjRQZ1a9f261L7iKIFIQR3wfFoIQSdqM2ZLw+OaCAE0yXDK1x8ufdMwspPCyGUhGBn4diRDCsZXy4jthA4PSlmsnbMYLj+t6nAwk0I+mILKwvBnJTZWQwOijdgQqA8aaXRvh9/wkcff4xXX3tdFfPReytRvHjxsOp6clUtXrIUH3/yKcqXPx/9+vRB1SoXIiMjA/MWLMT2HTtQq0YNDIjv556gdEI4/lWOIPCs08m/6Wtw6mjYBfECtRCsyqYyaGYerRYCz/h59Y4dNk4WQrgJgd0gvAIlXBZCoIRg1i/WCcGXhcu/k1yYy0Z1wgolIThZL1ZBZV8uI7eEYMaL6O9wWwhfbNiI9Rs2YNPmLfhh3z4VVG7WtCnatb0h7OcZrVj1Hl55dQZGDrsbO9PSsHXbdrVDeur0ZOzctQsD4+MxPyVFncJ6/7ix7sgpUgiBa6svUbNTCnbuKlMQTQWbFy4jHoCmb9+NyyjUhGDnew/GQhBCyHFHsILVCVoPjOeFhRBOQuCYgK+gsmkhhJIQOPCt710wYzwm6bM1kxeEMOGJSTi/XDk0bdJYuYqKFCniTvGGIFWvvvG4645Bau8D3X9AlkKL667Fta2vx7SkRDSoVw90GuvIseOxcmmquxKFEELrMhJCcL48yW0MIdItBJ1sCxIhsPVqntlEGDCB2MWfzImcmxiCTgg8tvh2OH2XO29q5ImYuVnUhzYMymWUfuwYPv1sPf755x80vqoRKpQv7075BpHq33//xTWt2qD5tddg3aef4coG9ZVFcNFF1dCpa3esWJqK80qXxvHjx9GmfUcsX7LY674G26IjmRB089JplQg3TiyELCSsZmg6lgXFQiAs3Lg+A1ll5JYQ9NVHwQSV7eQ/rywEsl75MV1PdhaC02IFU07tgsqBEAJjZZenhTIMmBA++/wLPDzhMVzdpLHK9vMNG3F9q1Z44N5xQah735/++edB3NS9B27ufBMGDeiPjz5eh7cXLlJnKN0S3x/r167x7INo2rwlUt6ei8qVKvnO2IoQdAZ28hH7E0OwU0g8SKxcRnlBCL6Cclwvt0FlNxaCObidlpdS+aYryW0MIZwuIz7uIdAYgh1xMd7BWgistIQQskiRHn9jCLrLSCcEq017kWQh5CUhjBo7Dje0aYOO7dspjA/88Qe69OiF1AVvo2KFCr4VcIApTp48iZZt26mYQa2aNcEWw7w3Z6HPbQOwLGURypUri6NHj6Jtp85eBMFFpqWlISEhwasG7at/h44dO6LYFWOV4qFLuzNK1ldpMqsN9rxLv3yq97+BXBe3OzXN7pL3ovuSvT5TZWY/+jdFt9wO1ByOzOy6mfnRJ/zOk+ehDV7fWNWP0+rlWrYjGxuFg/ZwmZ76cLqK/RWWnF6vv9kWu/ravicsyjRBXPo2dcG6Xo4VDtQ2L7zMtli0LVd7sttNdYrbl4yMaoNzy4cLmdDrYfaX3gd2eJnYmX3lVb8S9TzYePWzQ/upTtQ2j/xnF2DKif63akfdKbn6QdWV++nyqbCtu1EfK9m2lX8bufTgwmM6MyPXWKA844rGeca7+obGDNWZxmWZxkp+VVsPbchKS/mUaZLV9/xkl0FLs9Nbbs6RNSe5MsarkmVjbFH2qo7p25HRcAYyMzJy6yc9n2wdEbdlEDJK1lP1LXztW640bsAWQvsuXfHS88+hxiXVVUG04ohOO52Y8AhqX3qpq8IDTURHb9OO6P79+mLL1i8x8cmnsGThfIwYPRYtW1yHbl26YNbsOdi8dSumJk52Vczpz/rhj9K9Veef889uYE+S6nAeEEXTt6l3mQ1nQv+3rnjcFBQsIZTcMVQpP7UkzkbxmAqGFSZ/EwwhmG3nvExC4HREXoybWV+zLaxczPpyOqXw9bbvGJo1iLMJTy9HlZWNVdFj2z396EWuWp+qQWf87UUqZlqDEPyVCbeEoGNk92+7/mTCUj5tlt3siQcpMrPO+t+BEgIpLKt+4H6i8WP2O9ffDYZ28m8nl2bepBx1GWI5YQXP6UkGqc4Kw5L11LinsrkdTCBe5J0tI6S4dUJwkisvGcsmHCrLfKhsRTR1p6BoXFwu/aTn4xkvO+9W+ozaVrz1IjfqCQETwvOTE5G262vc0qunOtBu3aef4stt2zH7tRlel967qoWfib7e/Q1G33ufWmZ64sQJPDEhQa1y2rV7N4aNGq1yi4uLwytJiahapYq73NfH48C5vVDq4htQjJedunUZma4PpxJ9bazhb+0OwgpXDCEYl5HVOn87l5GT+8tpeakeJNNPh2XftBlgIxwZK96gQ5iGOoZg5TKisn25Ee2WHdK3blaY+ZI5fUWMfjqq3s9OMRSqn9VOZTs3n46t2XYz2GxXdzcb08IVQzDlSHcNUZ/wMRacjt7ZnfPEm98CCSqbBzuyPuAYAq/eonS+gsrsvuL6u9CEARMCKWPy369dtw4//vQzWrVojg7tbsQFlSu7KDb4JLS6aP+BAyhbpozXXgN+Tze5+XWmkhBCVqeYx1qbXWUVQ3AiBPPQOSdCMNdP64rf6ggAyot3QoebEEwlby5BdKPMdCwjmRCYfJ0wNfeIRDMhWMlROAnBlBV94hKNhPDrb78p64BWFp1bqlTw2j0SchBCEEKwmtlbKW5Klx+E4ESm5hgKxkKIBEKwW7wQqIXgtPFTCMEjPX5bCEveWQY6+prcRHTl5Nw3ZuHii6pFgkoPrg7hIgSnHc66AormVUaxYiH4QwjmZqu8sBDCTQjcfjdWV7gthPwmBMKCZuvczlC6jAKxEKjv+XIjrpudy0g/oUCvvwsN6TchUED3tr63Kp89HXB3+r//MGzIXS6KivAkQgihsRB4BsdCG00uo0gkBLsls+GIIRQEQmA1ZMboTBKMNkLQSSYvCYHW9vPmL7oLIWXpUjz35KQI1/YuqpffhGClSLna+szQl8Xh1uqwcjGEIobgK5AbyTGEYAjBTb8EEkPIT0Iwjx2h+ptEZGUdhiKoHC4LoaARArVXv1LXhyr020IgQli1bKmKHWzYtAkLF6cKITjN1nwpCvP8EX1mHYmEYKU09cGb14RAW/V9rYhxu8pICCELS54th4oQ9DzN+5N1BeVmc1+wMQR/CYEx0O+55oBzoKuM7FxG5KLiFUqm4vblMrKzEPKCEOgAu2LFimH//v34Zu+36hwhfkaPGI6iRYu6mJJHWBKxENy5jKKdEHSF4utIAbOtpnVDv7NS8EX8VgPcvGTdaulvMBYCKy5dsTstOzVdRnlNCDrekWIhCCE4K+qZs95AZmambaJBAwfk6UF3IaOVWCQEq9m6HWBu9yEIIWQhaAaV/SEEuwB0LBMCW3L64Wv6wXCmNRyNhKD77vX2Ou330N1w0WghhEwBR1pGhzbiwKmqKFWqVGg3pvGmHPNEQnMAhCOGIISQtblKdxlFgoUghJD7PKFACMGNi4nz9bWKzy6o7I+FIIQQaVo9uPocOHBACMHXxjSxEMRC0A+HcxNUZleb+X+r4eq0u1efTZN1IYSQ4+bNrxhCcCo3sr8WQnCxUzkvCEGf0etKwHyvKxinYxYCtRCc9hZEustIPy4iEmIIugvF6VgPIQTr282sgsp6vzoRAh8RoevNAAAgAElEQVSv4kL9+r3KyEWeUZskZgjBPALCVKRWPRRJMQQ7xW/np/dnlZE/LqNIJgRf/SWE4C3lbl1G9BVv+OIbx/g4CR1Tkg1zOWdeu4yEEMLLNR5CKFYs91JGJ/PUadlpfsQQhBBy3DrBxBCEEHLfome3D0FXTqYFEE0uI5IclhkhhPAq3FDnfuToUdz7wEN4+IH71CU4dODevAULsX3HDtSqUQMD4vt5HXznq/ywEQIVzKcU2g2WQILKvlZisECLhZDja41kC8FqYmG37DRQC8GX3z3QfQgFgRB0bPyxEEw3a6j2IYiFkKPST58+jfsffgRr132Ct2e/gWpVq2Lq9GTs3LVLXak5PyVFXZ15/7ixvnjA87sQQoTGEJhEI81l5HQtpJOf3M7yEELIOTbc12QnXEFlthD02BW7jHRLh3536zIKNSHwBE8/1rygxxDokL31X3yBzVu/xGvTp6l7D65u0QrTkhLRoF497Nm7FyPHjsfKpalCCJFqIdgpeLv3dopUD7jpa9utlt2G0kJwIgQnN2JeE4Lbez1YcQWyUznaLQQOeusHyFEf8s5qMyjuixAYQyvPgCnfuouXZIM3LOqaS5dxIQRvnf7Dvn0YOWYc3pz5KrrdcqsihBIlSqBT1+6ec5aOHz+ONu07YvmSxcpScPPki4Vg+vuponz/Lf3bVB6+dpqaMxurewQiJagshJDVE+bxJTqphcJlJISQdVy5/vDyanPZbKwQAu1SZ+KI5VVGtEv6f3cOwfChd6HJVVehdbsOihAKFSqM3v3ive5QpnOXUt6eq+ILbp6wE4KVGSyEkHMpjy/XUKxaCKYMCCHkngjxALaz8OxcTOZ3prUciYRAVoW5i9tfC6GgEMKWL7/E3SPvwSXVs+5y/va771DlwgvxwPhxuGv4CCxLWYRy5cri6NGjaNupsxdB+CKFAk0ITi4OEzjTP67PYn25adyc3BpqlxEH12mQRaLLKL8IwSowHelBZScL2SluY7drXwjBa3RH3T4EshAO//WXpxF9bhuAp594HFfUrYMx996Pli2uQ7cuXTBr9hxs3roVUxMn5+KBtLQ0JCQkeL2vXr062rZtizp16qj3ZT5vBrpAOyMjU/2fLsqO+zEZ6XWnev2b0pb8fZYnnVlYyZ1D1Sur79S3O4cio+pglTf9nx4uh/6tl2uWZf7GZZt5xh3bZls/85tMurTex0PYHLp6vSeV3n5P2VqZ/M5sm4kb52v33mwvp1d9VbK+wk+vP+ej2p/9G9eF0lnhp7fNrjyWD+pT7iuzzno5Jpy5+tSQAas2kAzqdXOSOZYrNcvMXg1jJcdWeVAZ3C6WS/rbTk64LXpaUz70fiK5MX/X8eHfbGVbG2tO/WM1DlUdjbGg56HLEWNIbae+1OtN6eihfvLCJrtuVAZjz7879Z0up1Qf+sYch7o+iosrqsYzlWGlkyg/dhep/CoOQOkmD/sa1ur3qCMEs1Xtu3TFtJcmq1VGu3bvxrBRo7OUalwcXklKVMFmtw9ZCHSKK30b9/4VCvCMaoM95hu9y2j7lQI7bl8yMhrOyMp6z8tQnZSt0PXy4rYMUn+qtOZ3VM8tg1QZKj8qi97peTuVZZGf+t7Mk9LZ1I/ryt/kMlUtwPPgwL9p7ffko5XpeWe2zcDNk6/de6O9nN6qr/R+wcGNnn70aqdVf3AfUwY25SmMKV3DGTl9ZdY5uw8s8TTzNfvLcBlx33nh7iBzHhkoWR9x6duQQf/n/tfLtshD4ZOZibhK1yKjRH1vWeR20xjgh/NjGSZMjLbr/UTjJ5f8aDJmO8YsZM2pf0yxtZVBDQ8vOeJxxO3R6q3S0UP6gXWApgeUvDH22b879l12P9B31CaVp+EyUt8TxtlkoP6v94/Zr+nbsupIE4Jaw1Co1ghXajDqCcFs5alTp7D/wAFUqlgRhQsXdgUCJ8rlMuIAE3eOnY/baU04H3FAfkGnGAKlo9UFZpq8CirnhcuIgNYD5sEEle1MfSv/O/lT+fydULmMzDP+7VaOWJ3o6bQOXT8nKFvJsPJxxM6UdH1XrV1Q2UpuWV7pG31ZI+dvumW4LfoqI1OWQrkxLViXkSmD4XAZkbzpK9CoTCdXKbeJ/f52MQQ+noX7wmnZKR99rghheE6czodGjDlC8IsBjMRRQQi+NhZRmwLZqSyEkCUN+sC1C2JzOn1poYmfP8tO3cQQTOXsz8Y0IYScMRHJhMB3OJuTApZD7kdfhEDpSabYZWhFMDaKUghBAyYshMCrA0JlIQRCCOYgsBKGUBGC1fI+u13Y+W0h2AVVeR14QScEWpppt7OeZciXhWDOwPX1/FZy6OtwO38shOz4iSrGTgYjyUIQQghmPh/6b4UQhude7uY0aPk3fZDmByHQYKeBbc6EdFPcymUUDYRgpXB1V5LdceWhcBm5IQRf1pK/hGCnuK1kzYmweZbMMhHrhGASpVgIwROEEIIQQsS5jAoqIZj7BfKLEPQb3jjOR1YMPebRFbrrL5AYQjAWghBC8ARg5hARhODLjy0uoyxLQMdBLITcg0EPegcaQ8hPC0EIIadP3cQQhBCEECxXLen+UruVS3kRQ7Ba2WPGMkIVQxBCiA5CoH4iMg9kA5lYCDn3NFgFlYUQhBDyjRDMALRVDMFfQtBn/G52KkezheB0uJndChN9WaebGIK+1FO/Tc4JZ55M0P/Jqgi1hcBywxMVp4lJNFgIVH/9IDpxGYVeKednjjHnMgqXhVCQCYGDlOY+BH+WnQohWJ/oqVu3wRICYcx7XvQjS0wr1dcqI6cYQn4Tgk7YYiGEnjqEEFwGlcNNCHarR+ziJ3nlMtLbLYSQMwCdsDAtObJW8sJCCJYQiETMU2j1oDKv8c9PC0EIIfQkoOcYM4TAswW+2MNUsMHGEIQQspRFoBvTQmEh+OrTSHUZmatvTFlk2XJjIdi5FtmlFoyFIIQQXmUbDbmHjRDYtLQaxFZ+Vafdsm5WGcUSIdi1Nz9iCJFkIQgh5NxxwHsxzOMhAiEE3Q0UKxaC1YU7NgpZdiprwEQdIdgdXyCEkNWrgWxM45Uw9L2pdMNNCFauFLt9CJFGCHrgWsfJJO5ItxB0QqC6c/xBrzefPkC/u3UZ6ZiY41Yfr+b5abocmkdXuHEZ8Y1tLmfkQgh2hGDllw7kcDvexGJ1cJ0eRNOVgVsLIdoJwc3s300af2IIViui9N2+TgM3FgiBZM5OjoNZZRSLhMC6gfpdJwT6mxW1EIJLqgljshMnTuDV117H17u/QeOrGqHDjTeiQoXyyMjIwLwFC7F9xw7UqlEDA+L7qeOs3T5eFoIQgj1soYohuFH2btLkFyHo5/JYrTLipZsmknYxhLywEIQQ7K+o1Sdvep8FQgj0vd7/obQQ9CXdVuROY4bKM3dSu1CEUWkhTHhiEnZ/sweDBg7Aho2bsCMtDfPenIWp05Oxc9cuDIyPx/yUFHWX8v3jxrqAIStJ2AnBakbvK4ZgfuNrHbnuKon0oLIbZe9mxRETgukrtXIZhdJCcCIEO+tN7x+2TKxkgKU2FC4jt8e4F0QLQe8nOzmKVkLw49hrFreoJAS6R/nVaVNQ/aKLcPjwYdAlOYvmvYUeffpiWlIiGtSrhz1792Lk2PFYuTQ1/ITg5M/VZx1WSsL09+szOCvlEYmEYDX7cbMxTQghSzaFEHLGaLhWGeluWLu7CYQQovPGtPRjx1Di7LNRqFAhzJ0/H0veeRdTEl/ETd16YMXSVJxXujSOHz+ONu07YvmSxcpScPMEbCHEAiE4HSdggmflHuEdtk6BXHMpYbgJgfOn+pv1o9m5k8VGs2o7146+JNFcicIX4jhZIk5BRdPKEQvBW/qccHVaZRRJhGDncuW7v6nFelyL28x3Yujy7OQyKigWAuFBt6IlvjwFe/Z+i8ceeRglSpRA737xWL92jeemtKbNWyLl7bmoXKmSGz4I3GUkhJBb4VpZCE6EYO605CWDwbiM+Ft9NUgoXEYkTVw/N4TALgce5JFCCKZiigaXkZOFHCmEoJO46RbUd02bkwchBFd6Oleib7/7DsNHj0Wv7t3Qp1dPFTj+77//0KxlayxLWYRy5cri6NGjaNupsxdB+CrNp4VgZ87aEYKpkCLZZRROC4HbzR3Ag8RucNtZDro7zY3vVwgha0WRXQzBiRDYonJa8cb9SWnyapWREyGYrktWsOaZTOF2GflLCLqc6jgyvmIhOKvuzt174s5Bt+OGNq09CYsUKYLh94xByxbXoVuXLpg1ew42b92KqYmTc2WWlpaGhIQEr/fVq1dH27ZtUadOHfW+5M6hKJq+DYeuXu9JR+8yqg5G3LFtyMjIRGa1weo3Shf3YzLS6071ypPfcz4lf5/l9Z0qJ/sd/Z/LKvN5M8+/zW/0sqzys8rTrn56ZfUyfREn45BZsr4HK8KF/uY6KYzMd9kXhFvhprdFr69Zd66nnt6qr/R+0fvR6zur/sjuY70tXF9uN+XN/e2pj/ad3gf0LaVJrzjAIy9mv1nJAPcBt1/JnSZjvvqU60X/p7ZwX1C+dnXmehfdlyXL9J0uF3ZlqjKqDfbItl1fEn58raM5Vri9HvkxZMXEg77PhaPRd6od2bjr7bAbX3ZyZNZb/Z097u30g1426xPPeDBkRdcTOo4mJoQdyQA9nJfVeOA+1mWufPnyvoa1+j3qgsp//PkniBDMh1YZ/X3yJIaNGq1+iouLwytJiahapYorICgRWQhkbdC3cVsGqY1JGW2/8nxP7zKIBA5tRBwJbNUsQlB/70tGRsMZ3mVlv/fks+dl7+8oNb1L35bVydnfx71/RU655jd6WVb5cZ5xRYFvXs7Kx65+Wm29yvSBmAeHbJPX6+/sOuHgxiyssn3xCq+MTHvc9Lbo9TXq7qmnlt6qr/R+8epHvRwL/Kzawv3s+Y3kK7u/uT4mJqpfs2WE0qDWsBx5MctlzLi/dPy5/SXru5O57G899aKyyzTO6Quqe7Z85aozyw7LMikgXRZt5EilqTY4p342fanKo3akb8s9VrjN/K0pK/y7g/zn6rt9yR7c9XbYjS87OTLrrdJlj3tb/aCVrfQR6w7CVPt3LjnVcTQxKVFfyZ3SFdljy2o8qPIMmXO7/D7qCMGXdj916pSKL1SqWNETS/D1Df9u6TKy2nji5As3BrPyNbMP285lRP52enhXIZ+TYxXYDPUqI26L1Rp4O+D8DSoXBJeR6XLT+5pdKoHEEKgPTJdMtjLyxDGs+kk/y8gflxHV2+rIBz7MjX/TyzTrZxcPMpdvWtXbTlY0QvDUzynoz+3gwGpeBJX1AK/urqK662PGHD/6vgH9MiONENQ/nYLKZp6mzLlUgjFHCC7bbZksYgjBaRMLKwgiKru17r6WsloNZt6z4AZAIYTcQeVIIgR90uBvDCEQQiB5oIc3YsUaIVB79Ekbt5farN9fIYTgRntETxohhG/cdZYTITgt9eTcQx1UZiVmt2QzL1YZ+SIEfdeoP6uMArEQIokQzOC/r7OMrJYtW1ndZE3nlYUghOBOL8RaqpgiBCs3lJXCZOUeKgvBaWWPEyHoJOPvKiMhBO+hKISQRRahWmVkRQhMbGIhxBoN5LQnbITApqUZe6D3prCZ/kYrt5DT4WR2eVotK2XfJV/P6PaYXDcWgtWsvCASAq871y0Ep41JVn3gbwxBJwTefcs3vekuR6tlp6F2GZn7PkzfuqlOQmUhmG6sYGIIQgixq/SdWiaEEEKXUagIwSREKzLMKwvBXA+uXxhv5zIKFyHoit0UaiGErCCuHtcQQnCl1CWorMHkmhB4lsM7DX1tTBMLwVsYrWIIdi4jt4RALjLz7PdQb0yzWgGjr+bRZ/c6eVDbQm0hCCE4xxCEELIC3voRGC4oQQhBCCFLcCI1hmAXONTdb2zS+0sIdjt1rc49YlecPqj0HbAF3UKg/mC3lOkmIsz47KhIdxlRXU05imSXkR4DNOMZQgguKNAhScxYCPq6Zn1vQ6iCyk6rO0IdVM5rQrBTZkIIuW+Q47FkxikinRDslnXbTSyEEIJTrNH6db4QgpXydrsPwWqGS+D7Swi86chtUNlfQmCSMDfdmL5uuxUbPMPUA+7hshDyixDMVWH6ILIKKkeayyiaLAQhBFsVLS6j/HYZ5Sch6DMfPQjsi9Ht/PpMRvrubP2dEyGYLhe7lVRWBwyG0mWUH4RgJQNCCN6bvhgPp5365m5gu6ByIISgu7r0Hdd5seyU60vtMceWuIx8aavAf48aC8FOCPRBYwYyrZadxjoh8Cya/s/Wj67w7ZZd6j5v3ToJV1DZDSFYXb5ud0Kt2UaT7J3kJ9Blp6G2EOxiWoEQAq/0YhkwiUOPGVktTmBM2CdvRQjm3hlKoy/11cs0+03vf6ujK8xvdXkWQghc4fv6MmBCsDPfWUjodw7c6jMK3b2jB4DsBFb32drlZ+cyslN+7KrIDwtBxy0cFgLnb7dLWAgh9yw8FIRgp7RNxWo1IJnM3BCC2X92FgKfAcTxtGAJwZwY8MydxzAreJ0QdJK2IwQ++lqfhOhuUr6YyS0h6OX7Un7Zv4vLKBQuo2gnBBJgfy7kDpXLKJSEYA4i7lc+y4eVgT8WgqlwrCwEfbaor05hpcjErROumW9+WQhUD6t7qP093M4kkWAIwWpRgq7MnOJObgnBTgacgsq6y4i/Z8uD6kf/5rOcIoEQ7OKLPoghpgghIyMD8xYsxPYdO1CrRg0MiO+njrN2+/i0EFgQ9NvAdMXj65J3c/9CpFgIoSYE011lWkq8f0MIIUt6YpkQdMXE7fS1HJJIXJ8Fh5oQ7EjFX0LQ99PwycT0LpSEwHXSLyxyYyEIIQBTpydj565dGBgfj/kpKeou5fvHjXXLB95XaPKsx2qzkZU5y2YgCQOvgOGSmUAihRB0Bc0KyR8LQR9QpnVkpdwiiRCcZpjUFnP2Z/Y/9aXu5/VlIXBa/TtzQuGLEKgM3UfPcmUqW0pDeZv+fFNe+TsrC4HrYuVvNy1DroeThRAIIXB77Va98VhzchlRGrLYeMzpx3b7SwgmkdnhwHgESwgcx9BjfEIIrvW4Snj69Glc3aIVpiUlokG9etizdy9Gjh2PlUtTXWfkZSEEQggkgDw7plJ1ZeBPDMGXW8MpKGg349QHj670KL05o/eFmD6gTHLIK0KwIlerepsuI72+doF2PR99p6cVsbklBP0se1O5h4IQeGkqW1/6fb3BEILTqqtACcGNb5vKtdtla0cIpp/ejhD0SYw5Lux2vHM6Nzt//SUErg8rfSYvq1m+aT3Z6YKCbiEcPHQInbp2x4qlqTivdGkcP34cbdp3xPIli5Wl4OYJmhD0+1D1teP+WgjBEgILmN1xCTx7YqVhKk1fYDkRglXZgVgIvgQ93IRg5Ra0wsUtIeiX4+g+ejsC18vyZSFQWquLa9jiyStC4Bm93QzcSlH6kjU7kqey7GI8vIOcCcFp5Y5uJdm5jPyttxMhmAFubp9O6NyXVhMWkxDsgvAFnRB+/Oln9O4Xj/Vr13huSmvavCVS3p6LypUquRI7L0IwZ766O8HOZWReNM5WQiQSgm6OB0MIVuaz3ayc8DBXWdkpVDtCcIrj2CkP3Wft1kJwe5SHXf31WR/9W/c30zf6LDlYC4FdlFazV38tXdNl5I+FECmEoCtdu019Vm4zqzGvE7Yby8YuPefNngLzeAwhBFc62nWi//77D81atsaylEUoV64sjh49iradOnsRhK/MgiIEcxZHf/tDCHZL1KyY3pfLyMlCsJpNcl1NIbUDTB84VoRg5udkIUQiITjtGjYxYYVrFSh12mEcqYTAsmOl3H3FEKy+0We5/s607eTPl8uIv2NLQZ+o8W9WM+v8JAR9nOvxDyvioDaY+2rsrEB9AYcvBQggplYZDRs1Gi1bXIduXbpg1uw52Lx1K6YmTs4FQ1paGhISErzeV69eHW3btkWdOnXU+6J08f2hjciky6yzn5K/z0LR7EuuD1293uv7kjuHqm/4Pf2b3qVXHKAuH+fv0utORWbJ+p5vPem0955yyjQBDm2A+Y0qq2ic5W+euu4cqv5J39Lj+YbeFb3Mu11GWl9yw3WGQ/30sunfZT5v5qmP3n6uV2ZmhqeuXvU12q/3gYmLVb2pXOoD7kez7rn6MbuP9W+c8ND7WZcVT5vLNMmFN8mCnpbzIFy4v/QyWbYCkoPs9ujt9GBAC5wMOWbsuR5eeFnIjkpvlGGHsZWs+5I1uz61kj193LCMK7mz6oPs8Un562PWHPOsC9RYNsauXd2t2qljYsq6KoP0SpnGSjfY1VkfR6ae0dth5kd/ly9f3hXUMUUIu3bvBpECPXFxcXglKRFVq1RxBcTJkyfVKiNfT9yxbSpJRokcpc7f0G/6ez2tP9+p+meXY1WW0296XfRv3eRn1SY7PPzNz1f7ndpp1sspL7O+Vml94edP/npf2dXTTl70ugaDj6/8Tbl0qrNVf+t4+Sv7Znqruvgac3Z96kZm/JVTJ3n3d3wEKg/+1tmNvFatWtUVzDFFCNTiU6dOYf+BA6hUsaInluAKCQBHjhzxkInbbygdWRumxeHP97GSdteuXSDrq2fPnrHSpIDbIVjkQLdw4UJledeuXTtgPGPlw/zCwu1+rJgjhPwQHFKA1NEF/SEyIByEHKGIUbDIGhE8NmSikDV5JBzYNR1pOkMIIQQ9IoSQBaIowRxhEiy8LQT6SwhBCCEE6jbysxBCEEIwpVQIQQjBSnOJhRD5+jzoGgohCCEIIdgPI3EZ5WAjhBC0uo38DCSonEMIFEwV10CW+0ywELkwtReRIwXXJYYQ+XpdaigICAKCQIFGQILKBbr7pfGCgCAgCOQgIIQg0iAICAKCgCCgEBBCEEEQBAQBQUAQEEIQGRAEBAFBQBAQl5HIgCAgCAgCgoCBgLiMRCQEAUFAEBAExGUkMiAICAKCgCAgLqOQy0BGRgaOHk1Xl/MU9OfI0aMoXKgQSpYsWdChwIE//lBXuhYpUqRAYyHjI6f76TIvOpG5Qvnyfp/IHG4hKtAuo9OnT2PZihX4/IsNKH3uubi5802oWaOGwvyvv/7CG3Pewt5vv0P9elfghjZtULXKhbn6gwb81FeS8d7q1eq3KhdeiJs6tEd831vD3XchzT89PR2Ll76DHWlpuKhaNfS9pTfOLVVKlfHmW3Pxyy+/esqrVq0Kbu3dO1f5mzZvwey587Bx82b12xWX18Vtffvi2mZXh7Su4c7MCYsNmzbhwzVrkflPJlo2b47m115jOagXpaYiJXUpfti3T1WX0t19152u7+cIdxv9zX/rl9vw0ccfY8yokV6fLkxZjLhicejcsaNllrEyPrhxhw8fxmNPPoUnH5sAqyOlp0xPVuOGxo/5/Pvvv3h52itY9cFqUD6lS5dGi+uuxci7h6J48eL+dklY0hdoQiBhnvbqDNzxv4GgGQwpvtkzZ6By5UroP2gwqAP79bkF3+zZg3kLFuL9d9/BOeec49URTz77HI4dO44xo0agaNGi+PSz9Uh4/AlMfvYZNG3SOCydFupMiRjvf/gRRX6EBRHkdz/8gDdnvqqUXfsuXdGrezdFmvSULVs2l5KnC4Zatm2HYUPuQveuN6srTBelLsHst+big+XLosZacMIibdcujBw7HvcMH4bTOI3JSVPw6IMPqEGtP9u/2oE7hw3Hy5NfQIN69fDd999j+oyZOHz4L7yW/Eqouy+s+f3x55/45NPPMHf+ApQoUQJvzEhW5dGY+GLjJkxLflVNfu6+M+dmQb1CsTA+qD0k32vXfYIVq95TE57VK5ejxNlne2FPv9/30MPo2b0bxowckatf3vvgAyTPfB2Tn3tGWQfbtn+Fp557Hte3boUhg+8Iaz+6zbxAEwIpulHDhuLGG25QePUbeLvqnC6dOiol+O7iRUr5kYl3fYdOqpM7tm/nhS2l69H1Ztw+oL/nfUrqEtSscQkur1sXh/7v//BCYhK2btuGGtWrY9iQO5UVsmnLVnyw+kMUK14MH3y4BhdVq4p7x4yxtELcdmag6X797Td0v+VWLFkwHxUqlAe5fG7s1BnTX05CrZo1lKJft/p9RXh2zy+//ooeffpiSuKLaNiggUrGJNu1800Kx11ff42XpkzDjz//jKaNr8Ko4cNQ6pxzMHf+fJw48Tf27N2LHWm70KxJE4weORxnGwMu0Pb5850TFp9+/jn27t2Lyc89q7Ic/8CDKH/++blmzctXrsLEJ5/yIsIff/oJq9d85JETSkOTjL///hvt2t6A//W/DWeccQYefexxXHJJdXzy2Wf4+Zdf0btHd/Tv1xeFChXypxkhS0tyuuSdZaD6U/2YEBYuTlUKjeS6U4f2toQQ6PiIJJkgMA8ePIgXk6aArEcrQvjzz4O4/a4hqF79YlxQubIlIUx4YhJ+/30/Xnn5JU//0OSLxhvJwD///IPk117Hmo/WKvKlyegNbVrnqa4osITAM9r5c970mPEPPkpmYBzGjhqJb7/7Til0emgw9O53G+a8PhOXVK/uNdhoBrR02bu48frr0aTxVah3xeWoXKmSSkOzzdvvHKI6N/7WPti0ZYuyQj5Y8S6+2LARD094DF1u6oQON96I2fPmKb/7M5OeCNlgdpsRDfp7H3wIa1at8HzSul0HJdR1al+GW+L745qrm+LAH3+iQ7u26Ni+vVLk+kPWVK++8Tj8119KQTS68ko0qHeFxzL4v8OH0aFLVzV7at2yBebMnYfjx0+owfHM8y8od9XYe0ai6oVV1KypV49u6N2jh9smhCydExY00Gnmf+eg29Uk4dXXXkfSC8/jqkYNvcr/+Zdf0PPWfsp9eOMN1ysr4fK6dTxxBFIC94y/V+FbrWpVRR4kBzSpIGImDCc++giOHUvHoxOfUEq4Vs2aIWtjIBktXrIUS99d7iEEzuPBRxNQqVIlR5y+qqMAAAv9SURBVAshkPExbXpyxMiEjhdZe30H/M/LQiBZGDV2PNq0aqksaxr3dhYC9SeNDbIqSVeQPiErnB5yNxEZkGuR9NNjk55Ud8LTpDKvdEWBJQQetGwFqA55ZTro/VOPT/TIAPnFH5n4OGpfWgvPP/1UrrGUmZmJd5Yvx9qPP8HmrVvV740bNcLEhEfUbGDAHYORuuBtVKxQQQlKh5u7Yfzoe9RVn9TJn3z4gVIU5Gvt0qMX1r6/ytI3GcggdvvNuytWKqJa8NZszyfkMrupY3tUrFARY+69DyPuHoJzSp6j0pGpPOOVqbl856T0yaRe9f4HilDp6dOrJ4YPHYIFKYsx9+35WLpogZrt/vjTz+jdLx7LlyzGzNdn4bfff/fMvMliSn3nHTUY8vpxwuK6a67BHUPuBrlR6DnrrLOQPCUp1ySBfvv+h30qPvXhmo9UekpLE40O7W7E2PsfwHnnlsYD945T+SxbvkLFXgh/IgSKZdEEgh4iy3LlymHgbfF5DYVXeYESQqDjY9PmzREjE74IYd78Bfh8w0YkPv8sXkx62ZYQKJ+PP/kU769erdKfOHFCTRoSHn4Ql9asiWYtWyPhoQeVtUAPWRQ0mbyibt080xUFlhBokHbu3hNvzXoN1S++WHXA85MTUax4cTXboRnvCy8lgdw/5N8j841MZv2hmcHx48c9s2Bi9XWffqZmuDTjq1u7NmgGZT7jx4xGSfLHznlLWR30UF4kEDOmTUXdOnl79ywpYLJ0dAuBZvsjh92NJlc1wt8nT6r60kOWzahx47Fo3lvKNOaHBj5hxsExmtW88+5y5Tt/9sknsHHTZpCbwXzeeuN1pCxORVyxYiq4Rs/OtF0YNGQo1q9dk+erMJywWLFqFQ4d+j+88MxTKFS4MB56NAHFihXHExMe9WoWuYFIVtjFRuQwc9Yb+PCjj7ByaSruHDYCP/38s9c3RBiEPxHCqOF3g8iHnjnz3lbYvfTCc1FHCMGMj2+//TZiZMKJEH799Td073MrHrx3PCpVqoj5Cxep5APi+6H2ZZd59Vn6sWM4q3hxJRuEDbnbKA5Fz+Rnn0anbrkt4jatWqFl8+vyTFcUWEIgBdb8+rZq1k/uEHqGjRqtZnD0H/lyyfx7YkKCrV+fZ7kpb8/1uIkon0lPP4v/++swenbripFjxmHF0lQlCPT8sO9HVKxQXvkFk6ZOwzspWXcxs1vKzCsvtAAHQTn4y+60lHlzlfvi1L+nUP+KK1RVSLnd2n8AVr2zBOdmB5npPVlJ05JnKIWnP0S6t97SG0eOHMGGjZsw9aWsWf+pf//F99//gMsurYUXX0rCqVP/embMRCQU7Dfzym8showYqSyePr17qarQzH5q8qu56kmLCsjqIyXBz+/796Nrr1sw69VkPDd5MhrUr4/b+9+mfk5PP6bcApfWqqkIgQL7PEskOSSsTNLJCyz0MgKxEIIZH8kzX4sYmXAiBAquJzw+yZOELH16Gjdq6OVpoHcUTxkxdAja39jWk56saZKXj95fhVZt2+G5JyehUcMr1e/koj3jjML4evc3eaYrCiwhEOC0sob82E9PehzrPvlE+WvnvTkLxYsVx829euOpxx/DRdUu8nTeeaXP9VotQ26fm7r3ROOGDTF+zD0qCErLDMfe94Dq9B7duqLdTV2Uy4RW6WzcvEW5X+a+MUutPCGX0YvPPI0G9esp/yEFHcmFZVoi4R781I62nTorZUfL5V59fZZy+yxPTcH6z79QLg4ih5IlSyBxylRQAM2csVK7+9w2APeMGIZuXbqoNhABkK+cVtuQ9UDkOC0pEbUvvVTNfGkVErWXLDNaijd31us488wz8MCjCYpgaQVPXj9OWIy7/wEVAKRJAs3oH3lsoooBsGXDdSVypEkBtfvK+vVV28nVRjEHsgLIPfThR2tV3591VnFlncXFxam4ARFCubJllfuBJgl3DR+plAi5kfLzCYQQghkfixYvjhiZcCIEs09o0cQ/p/6xjCGQ4v9mz16l9GklI8kSxY9oRV7ylJeVVVz+/PK4b9wYFcSm8UKLDUiv5JWuKNCEQKCT+U4rS+ihVS+39OyBjz5ep8jCfMbdM0otqdQfcm88OvFxlQcpCXpatWiO+8aOUbPE1WvW4KGExzyfkPuJVo2wa4IUAa1JPr9cOTzy4P0q4JQfz5Yvv8TdI+9RRVM7SFlR0ItM24cnTFTuDnpo7fQzT0z0BNz1urIi5HfUJsKL2ksPkQn5WzmfiY8+rNpLfvLNW7/0uFEogPr8U5PUyqT8eOywoBnvsy+86IkVkWV5z4jhXq4zqi9h9nziS8rdyA+1iWb+tCeDXAf3P/SIJx8iyEkTJ6iliEQI5HbjGAytMiFiPPPMM/MDCk+ZFPR/d/mKXMtmaSFG5UoVMdRm2Wmg4yPSZIKBIK9B3/4D8eHK5Zar4JwIgaxAsvgo1khjjGIIFG8kAqhUsaLq89Hj7/PEqMhV9HjCo0of8aQh3LqiQBMCdTIFemnJJCmf4sWKBTToaAZILoHMzH9QrWqVXH5v8sFT0PT8smU9FgYRAilHCs5S8LlixQp57i83G0vL3qieFBswrZRjx48rtw8pLScLhtxNv/7+O84ufpZawmo+tOHv0OHDuLByZY+PnQY/Bc9olQ25qKiM/H6csPjryBE16y9z3nmO1aQliiQXtKDA3LVNcke7VUlmqlx4gWdZKRECBZ9r175MySZvDsxvPIIpP5DxEYkyEQwG+rc0EaUFGGRdmku5CSvSRzQpoAkVPXmpKwo8IYSqk/3Nhzs52jYq+dtON+l58NvNMt3kEStpmBCubtokVpoUUDtEJnJgy0tdIYQQkLgG/xH53Hd9vTvXRrfgc46+HGhdftG4op4NbdHXgtDVmJbbXtWwYS43VOhKiI6cRCZy+ikvdYUQQnSMD6mlICAICAJhR0AIIewQSwGCgCAgCEQHAkII0dFPUktBQBAQBMKOgBBC2CGWAgQBQUAQiA4EhBCio5+kloKAICAIhB0BIYSwQywFCAKCgCAQHQgIIURHP0ktBQFBQBAIOwJCCGGHWAoQBAQBQSA6EBBCiI5+kloKAoKAIBB2BIQQwg6xFCAICAKCQHQgIIQQHf0ktRQEBAFBIOwICCGEHWIpINYReOaFF0H3BVg9d90xCK+8OiPXDXOxjom0LzoREEKIzn6TWkcQAnS/QcbJk6pGj016Sh3fPfj2gepvOvf+m717cVmtWnl+V3YEQSRViRIEhBCipKOkmtGBAN0uR3c90H3U9NC9CsPvGYPHHn0Yn33+OX76+RfQnRBbtn6JNq1b4fI6dZQFQQ99w9e5Ll+5CvMWLATdz0zXadLNWXl9k150IC61DCUCQgihRFPyKvAImITA91MvnDtHXUs6c9Yb6iIguvyEbsGiG+hGjxiOjZs3Y+uX20B3atPRz3T16JiRI9QlKnTNYpebOqnv5BEEwomAEEI40ZW8CxwCvghh05Yt6v5ceujS9e43d8GggQOw+5s9GHDHYHy6ZjXue/gRnHduaTxw7ziVbtnyrHuYF7w1u8DhKQ3OWwSEEPIWbyktxhHwRQj79x/Aww/cp1Do1Tde3UVMd+d+9/336Dvgf1i3+n30G3i7535photiEWtWrYhx9KR5+Y2AEEJ+94CUH1MI+CKEP/886Jn5EyHcfdedaHHdtV6EMHTkKDSoXx+3979NYZOefgx0QfultWrGFFbSmMhDQAgh8vpEahTFCISCEF5/czY+/GgtXnzmaZx1VnEVa4iLi8PERx+JYmSk6tGAgBBCNPSS1DFqELAjhEXz3sLK996HaSEMG3IXml97jcdC+OTDD3AyIwP3P/QINm/dqtpd+9JLMWniBLWcVR5BIJwICCGEE13JWxAIEIHTp09j/4EDyMz8B1UuvACFChUKMCf5TBBwj4AQgnusJKUgIAgIAjGNgBBCTHevNE4QEAQEAfcICCG4x0pSCgKCgCAQ0wgIIcR090rjBAFBQBBwj4AQgnusJKUgIAgIAjGNgBBCTHevNE4QEAQEAfcICCG4x0pSCgKCgCAQ0wgIIcR090rjBAFBQBBwj4AQgnusJKUgIAgIAjGNwP8DGp89s5Ck2tIAAAAASUVORK5CYII=');
UNLOCK TABLES;


-- Dumping data for table `powerload_user`
LOCK TABLES `powerload_user` WRITE;
INSERT INTO `powerload_user`
(`powerloadId`, `userId`, `permissionId`)
VALUES
(1,2,1);
UNLOCK TABLES;


-- Dumping data for table `powerload_data`
LOCK TABLES `powerload_data` WRITE;
INSERT INTO `powerload_data`
(`powerloadId`, `time`, `value`)
VALUES
(1,0,27.46),(1,0.5,73.6386),(1,1,78.415),(1,1.5,79.1443),(1,2,79.295),(1,2.5,79.1629),(1,3,78.495),(1,3.5,77.8757),(1,4,77.915),(1,4.5,11.1471),(1,5,0.02),(1,5.5,0.02),(1,6,68.6787),(1,6.5,77.99),(1,7,77.915),(1,7.5,82.4557),(1,8,79.2763),(1,8.5,77.8871),(1,9,77.93),(1,9.5,55.9071),(1,10,0.02),(1,10.5,0.02),(1,11,0.02),(1,11.5,0.02),(1,12,0.02),(1,12.5,20.5857),(1,13,90.9488),(1,13.5,92.6457),(1,14,70.89),(1,14.5,71.2757),(1,15,71.3138),(1,15.5,70.9957),(1,16,71.09),(1,16.5,58.2757),(1,17,3.28875),(1,17.5,0.02),(1,18,0.02),(1,18.5,0.02),(1,19,3.92),(1,19.5,4.16857),(1,20,4.125),(1,20.5,4.05429),(1,21,4.95),(1,21.5,4.24429),(1,22,0.515),(1,22.5,0.02),(1,23,0.02),(1,23.5,0.02),(1,24,61.9087),(1,24.5,50.4557),(1,25,0.02),(1,25.5,0.02),(1,26,0.02),(1,26.5,0.02),(1,27,0.02),(1,27.5,0.02),(1,28,61.6037),(1,28.5,70.4357),(1,29,70.615),(1,29.5,70.7557),(1,30,70.46),(1,30.5,70.6071),(1,31,71.49),(1,31.5,71.5229),(1,32,71.015),(1,32.5,50.5014),(1,33,0.02),(1,33.5,0.02),(1,34,0.02),(1,34.5,20.4486),(1,35,71.0563),(1,35.5,70.8871),(1,36,71.525),(1,36.5,71.5514),(1,37,71.6687),(1,37.5,50.7771),(1,38,0.02),(1,38.5,0.02),(1,39,0.02),(1,39.5,0.02),(1,40,0.02),(1,40.5,0.02),(1,41,0.02),(1,41.5,0.02),(1,42,61.8387),(1,42.5,70.6071),(1,43,70.895),(1,43.5,70.6243),(1,44,70.55),(1,44.5,70.4471),(1,45,70.555),(1,45.5,70.7729),(1,46,35.38),(1,46.5,0.02),(1,47,0.02),(1,47.5,0.02),(1,48,0.02),(1,48.5,0.02),(1,49,0.02),(1,49.5,60.4286),(1,50,70.585),(1,50.5,71.6443),(1,51,71.68),(1,51.5,70.5686),(1,52,70.67),(1,52.5,70.7614),(1,53,70.93),(1,53.5,70.7843),(1,54,71.095),(1,54.5,71.9943),(1,55,71.92),(1,55.5,10.2514),(1,56,0.02),(1,56.5,0.02),(1,57,0.02),(1,57.5,60.8286),(1,58,71.085),(1,58.5,70.8143),(1,59,70.715),(1,59.5,71.09),(1,60,35.95),(1,60.5,0.02),(1,61,0.02),(1,61.5,0.02),(1,62,0.02),(1,62.5,0.02),(1,63,0.02),(1,63.5,1.3),(1,64,4.52),(1,64.5,4.39714),(1,65,4.77375),(1,65.5,4.35143),(1,66,4.67),(1,66.5,5.25),(1,67,29.2337),(1,67.5,7.46),(1,68,0.02),(1,68.5,0.02),(1,69,0.02),(1,69.5,60.8743),(1,70,70.665),(1,70.5,70.6814),(1,71,70.75),(1,71.5,70.7043),(1,72,71.4037),(1,72.5,71.2471),(1,73,71.2337),(1,73.5,71.2529),(1,74,71.45),(1,74.5,71.2514),(1,75,71.3313),(1,75.5,71.4229),(1,76,72.455),(1,76.5,72.32),(1,77,72.425),(1,77.5,72.1714),(1,78,71.2113),(1,78.5,71.0243),(1,79,71.2887),(1,79.5,74.2243),(1,80,74.54),(1,80.5,79.55),(1,81,24.9975),(1,81.5,0.02),(1,82,0.02),(1,82.5,0.02),(1,83,0.02),(1,83.5,0.02),(1,84,0.02),(1,84.5,0.02),(1,85,3.81),(1,85.5,8.65714),(1,86,61.505),(1,86.5,74.0843),(1,87,74.55),(1,87.5,73.8271),(1,88,74.505),(1,88.5,74.0214),(1,89,9.20875),(1,89.5,0.02),(1,90,0.02),(1,90.5,0.02),(1,91,36.61),(1,91.5,73.0514),(1,92,73.42),(1,92.5,74.0729),(1,93,73.82),(1,93.5,73.3729),(1,94,36.685),(1,94.5,0.02),(1,95,0.02),(1,95.5,0.02),(1,96,0.02),(1,96.5,0.02),(1,97,61.7137),(1,97.5,70.79),(1,98,71.6787),(1,98.5,71.8343),(1,99,71.745),(1,99.5,71.4943),(1,100,70.535),(1,100.5,70.7557),(1,101,8.90625),(1,101.5,0.02),(1,102,0.02),(1,102.5,0.02),(1,103,0.02),(1,103.5,0.02),(1,104,26.8175),(1,104.5,21.0914),(1,105,72.1363),(1,105.5,71.8857),(1,106,71.71),(1,106.5,70.8657),(1,107,73.2637),(1,107.5,10.6586),(1,108,0.02),(1,108.5,0.02),(1,109,0.02),(1,109.5,0.02),(1,110,0.02),(1,110.5,0.02),(1,111,35.99),(1,111.5,70.9114),(1,112,70.625),(1,112.5,70.4129),(1,113,70.57),(1,113.5,70.4414),(1,114,35.19),(1,114.5,0.02),(1,115,0.02),(1,115.5,0.02),(1,116,0.02),(1,116.5,0.02),(1,117,0.02),(1,117.5,60.3257),(1,118,71.12),(1,118.5,70.6186),(1,119,70.39),(1,119.5,70.3329),(1,120,8.80625),(1,120.5,0.02),(1,121,33.84),(1,121.5,70.7571),(1,122,71.445),(1,122.5,72.1429),(1,123,71.1813),(1,123.5,71.0014),(1,124,71.075),(1,124.5,70.9271),(1,125,70.99),(1,125.5,71.8557),(1,126,71.425),(1,126.5,50.6843),(1,127,0.02),(1,127.5,0.02),(1,128,0.02),(1,128.5,20.3429),(1,129,73.13),(1,129.5,105.839),(1,130,115.105),(1,130.5,115.219),(1,131,116.05),(1,131.5,82.7057),(1,132,0.02),(1,132.5,0.02),(1,133,0.02),(1,133.5,0.02),(1,134,0.02),(1,134.5,0.02),(1,135,0.02),(1,135.5,33.0257),(1,136,115.571),(1,136.5,115.366),(1,137,115.26),(1,137.5,115.079),(1,138,115.225),(1,138.5,115.159),(1,139,115.26),(1,139.5,116.03),(1,140,57.7163),(1,140.5,0.02),(1,141,0.02),(1,141.5,0.02),(1,142,0.02),(1,142.5,3.68857),(1,143,4.625),(1,143.5,4.69571),(1,144,6.64),(1,144.5,76.8943),(1,145,115.03),(1,145.5,115.061),(1,146,114.98),(1,146.5,115.073),(1,147,115.68),(1,147.5,66.46),(1,148,4.15),(1,148.5,4.14571),(1,149,4.2),(1,149.5,4.24286),(1,150,4.23),(1,150.5,4.31143),(1,151,37.7537),(1,151.5,70.0357),(1,152,71.57),(1,152.5,71.4571),(1,153,8.63),(1,153.5,0.02),(1,154,0.02),(1,154.5,0.02),(1,155,0.02),(1,155.5,20.4143),(1,156,72.77),(1,156.5,72.8571),(1,157,72.72),(1,157.5,72.4629),(1,158,72.01),(1,158.5,70.2886),(1,159,70.94),(1,159.5,70.7743),(1,160,8.80125),(1,160.5,0.02),(1,161,0.02),(1,161.5,0.02),(1,162,0.02),(1,162.5,0.02),(1,163,39.0387),(1,163.5,7.72429),(1,164,4.82125),(1,164.5,4.12286),(1,165,4.27),(1,165.5,4.60286),(1,166,4.16),(1,166.5,4.17429),(1,167,0.605),(1,167.5,0.02),(1,168,64.0663),(1,168.5,72.96),(1,169,73.575),(1,169.5,73.2586),(1,170,73.125),(1,170.5,72.9443),(1,171,73.145),(1,171.5,52.0643),(1,172,0.02),(1,172.5,0.02),(1,173,0.02),(1,173.5,0.02),(1,174,64.2012),(1,174.5,73.62),(1,175,73.81),(1,175.5,74.2557),(1,176,74.04),(1,176.5,72.75),(1,177,70.8613),(1,177.5,70.9443),(1,178,72.5137),(1,178.5,72.47),(1,179,72.945),(1,179.5,51.6743),(1,180,0.02),(1,180.5,0.02),(1,181,0.02),(1,181.5,0.02),(1,182,36.65),(1,182.5,73.3371),(1,183,73.32),(1,183.5,73.3557),(1,184,72.9737),(1,184.5,72.1714),(1,185,71.705),(1,185.5,70.6986),(1,186,35.34),(1,186.5,0.02),(1,187,0.02),(1,187.5,0.02),(1,188,0.02),(1,188.5,0.02),(1,189,0.02),(1,189.5,3.75714),(1,190,4.195),(1,190.5,4.64857),(1,191,4.38),(1,191.5,4.41429),(1,192,4.42),(1,192.5,4.88286),(1,193,4.28),(1,193.5,5.30286),(1,194,14.9513),(1,194.5,63.7814),(1,195,71.245),(1,195.5,71.8229),(1,196,35.6813),(1,196.5,0.02),(1,197,0.02),(1,197.5,0.02),(1,198,61.8338),(1,198.5,70.7329),(1,199,70.755),(1,199.5,71.8557),(1,200,71.855),(1,200.5,71.7143),(1,201,71.515),(1,201.5,10.1986),(1,202,0.02),(1,202.5,0.02),(1,203,0.02),(1,203.5,0.02),(1,204,0.02),(1,204.5,61.1514),(1,205,71.905),(1,205.5,71.3143),(1,206,71.1562),(1,206.5,71.4757),(1,207,71.5938),(1,207.5,71.1286),(1,208,70.585),(1,208.5,70.4414),(1,209,70.37),(1,209.5,10.0557),(1,210,0.02),(1,210.5,0.02),(1,211,62.1937),(1,211.5,70.7614),(1,212,70.415),(1,212.5,70.5329),(1,213,70.82),(1,213.5,10.1814),(1,214,0.02),(1,214.5,0.02),(1,215,0.02),(1,215.5,0.02),(1,216,0.02),(1,216.5,0.02),(1,217,0.02),(1,217.5,0.02),(1,218,62.6675),(1,218.5,71.1557),(1,219,71.095),(1,219.5,71.0586),(1,220,71.385),(1,220.5,71.9857),(1,221,71.085),(1,221.5,71.0529),(1,222,70.865),(1,222.5,70.9729),(1,223,35.59),(1,223.5,0.02),(1,224,0.02),(1,224.5,0.02),(1,225,36.63),(1,225.5,73.2514),(1,226,73.5687),(1,226.5,73.6386),(1,227,73.56),(1,227.5,52.3729),(1,228,0.02),(1,228.5,0.02),(1,229,0.02),(1,229.5,0.02),(1,230,0.02),(1,230.5,0.02),(1,231,0.02),(1,231.5,20.7914),(1,232,73.1837),(1,232.5,71.5486),(1,233,71.8),(1,233.5,71.1343),(1,234,35.565),(1,234.5,0.02),(1,235,0.02),(1,235.5,0.02),(1,236,35.95),(1,236.5,71.7171),(1,237,71.165),(1,237.5,71.1271),(1,238,71.6787),(1,238.5,71.1343),(1,239,71.07),(1,239.5,71.57),(1,240,83.9112),(1,240.5,75.5629),(1,241,70.84),(1,241.5,71.6386),(1,242,71.0863),(1,242.5,71.05),(1,243,70.8662),(1,243.5,62.23),(1,244,9.12375),(1,244.5,5.31429),(1,245,4.805),(1,245.5,4.26),(1,246,4.235),(1,246.5,35.9057),(1,247,86.3763),(1,247.5,89.1329),(1,248,88.245),(1,248.5,88.0629),(1,249,87.815),(1,249.5,88.0286),(1,250,88.51),(1,250.5,87.84),(1,251,88.065),(1,251.5,89.1257),(1,252,88.105),(1,252.5,62.9886),(1,253,0.02),(1,253.5,0.02),(1,254,0.02),(1,254.5,0.02),(1,255,0.02),(1,255.5,0.02),(1,256,0.02),(1,256.5,76.1057),(1,257,87.7),(1,257.5,87.7029),(1,258,87.3863),(1,258.5,87.4686),(1,259,87.835),(1,259.5,62.3471),(1,260,0.02),(1,260.5,0.02),(1,261,0.02),(1,261.5,0.02),(1,262,0.02),(1,262.5,0.02),(1,263,3.835),(1,263.5,8.15714),(1,264,62.9888),(1,264.5,10.0843),(1,265,0.02),(1,265.5,0.02),(1,266,0.02),(1,266.5,0.02),(1,267,0.02),(1,267.5,20.0229),(1,268,70.125),(1,268.5,70.03),(1,269,70.6),(1,269.5,70.4586),(1,270,54.675),(1,270.5,10.5729),(1,271,6.105),(1,271.5,5.91571),(1,272,0.68125),(1,272.5,0.02),(1,273,0.02),(1,273.5,0.02),(1,274,0.02),(1,274.5,20.4143),(1,275,71.6312),(1,275.5,71.4171),(1,276,70.9163),(1,276.5,71.5329),(1,277,35.8587),(1,277.5,0.02),(1,278,0.02),(1,278.5,61.2686),(1,279,71.085),(1,279.5,71.0014),(1,280,71.3187),(1,280.5,71.2414),(1,281,35.47),(1,281.5,20.24),(1,282,71.2637),(1,282.5,70.9729),(1,283,70.86),(1,283.5,50.5357),(1,284,0.02),(1,284.5,0.02),(1,285,0.02),(1,285.5,20.24),(1,286,70.72),(1,286.5,70.6757),(1,287,71.3538),(1,287.5,70.8014),(1,288,8.82125),(1,288.5,0.02),(1,289,64.1425),(1,289.5,62.0343),(1,290,9.93125),(1,290.5,6.82714),(1,291,6.57625),(1,291.5,6.28714),(1,292,6.365),(1,292.5,7.50714),(1,293,7.615),(1,293.5,6.95143),(1,294,6.195),(1,294.5,14.2129),(1,295,67.9662),(1,295.5,73.3486),(1,296,73.145),(1,296.5,52.2857),(1,297,0.02),(1,297.5,0.02),(1,298,0.02),(1,298.5,63.0286),(1,299,73.77),(1,299.5,73.5386),(1,300,73.625),(1,300.5,73.81),(1,301,73.1162),(1,301.5,72.9543),(1,302,9.1475),(1,302.5,0.02),(1,303,0.02),(1,303.5,0.02),(1,304,0.02),(1,304.5,0.02),(1,305,0.02),(1,305.5,20.8371),(1,306,72.77),(1,306.5,72.8057),(1,307,72.81),(1,307.5,72.7086),(1,308,72.59),(1,308.5,72.8057),(1,309,72.855),(1,309.5,73.2086),(1,310,9.21875),(1,310.5,0.02),(1,311,0.02),(1,311.5,21.08),(1,312,71.1075),(1,312.5,71.7243),(1,313,8.9975),(1,313.5,0.02),(1,314,0.02),(1,314.5,0.02),(1,315,0.02),(1,315.5,0.02),(1,316,4.175),(1,316.5,5.05714),(1,317,5.355),(1,317.5,4.71143),(1,318,5.05),(1,318.5,4.97857),(1,319,50.6),(1,319.5,70.8786),(1,320,71.73),(1,320.5,50.84),(1,321,0.02),(1,321.5,0.02),(1,322,0.02),(1,322.5,0.02),(1,323,61.7687),(1,323.5,70.27),(1,324,71.025),(1,324.5,70.5171),(1,325,70.355),(1,325.5,10.0843),(1,326,0.02),(1,326.5,0.02),(1,327,0.02),(1,327.5,0.02),(1,328,0.02),(1,328.5,60.0971),(1,329,70.065),(1,329.5,69.9957),(1,330,70.225),(1,330.5,70.1843),(1,331,70.62),(1,331.5,50.8386),(1,332,0.02),(1,332.5,0.02),(1,333,62.1587),(1,333.5,71.2443),(1,334,35.5662),(1,334.5,20.3657),(1,335,71.345),(1,335.5,71.0314),(1,336,71.03);
UNLOCK TABLES;
