-- Dumping data for table `energy_management_system`
LOCK TABLES `energy_management_system` WRITE;
INSERT INTO `energy_management_system`
(`id`, `name`, `parameterName`, `description`, `displayOrder`) 
VALUES
(4,'Favor diesel to meet power load','_energy_management_system_1','Do not use diesel solely for the purpose of charging the battery energy storage system. Use diesel when renewables cannot meet power load demands. Discharge the battery energy storage system only when renewables and diesel combined cannot meet power load demand.',4);
UNLOCK TABLES;


-- Dumping data for table `component`
LOCK TABLES `component` WRITE;
INSERT INTO `component`
(`id`, `name`, `componentTypeId`, `description`)
VALUES
(10,'pv1',1,''),
(20,'dg1',3,''),
(30,'b1',4,''),
(40,'wt1',2,'');
UNLOCK TABLES;


-- Dumping data for table `component_spec_data`
LOCK TABLES `component_spec_data` WRITE;
INSERT INTO `component_spec_data`
(`componentId`, `componentSpecMetaId`, `value`)
VALUES
(10,1,50),
(10,30,0),
(10,29,-0.0033),
(10,2,1.0),
(10,3,0.1),
(10,4,0.1),
(40,5,2.5),
(40,6,35.0),
(40,7,50),
(40,8,30),
(40,9,10000),
(40,10,1000),
(40,31,10.0),
(40,32,75.0),
(40,33,20.0),
(20,11,1.0),
(20,12,0.6),
(20,13,0.4),
(20,14,200.0),
(20,15,0.0),
(20,16,1.0),
(20,17,0.1),
(20,18,0.1),
(30,19,0.95),
(30,20,150.0),
(30,21,0.95),
(30,22,150.0),
(30,23,300.0),
(30,24,0.99),
(30,25,0.2),
(30,26,1.0),
(30,27,0.1),
(30,28,0.1);
UNLOCK TABLES;


-- Dumping data for table `component_user`
LOCK TABLES `component_user` WRITE;
INSERT INTO `component_user`
(`userId`, `componentId`, `permissionId`)
VALUES
(3,10,2),
(3,20,2),
(3,30,2),
(3,40,2);
UNLOCK TABLES;


-- Dumping data for table `grid`
LOCK TABLES `grid` WRITE;
INSERT INTO `grid`
(`id`,`name`,`description`,`isSizingTemplate`)
VALUES
(100,'Test grid','',0),
(250,'Sizing','',1),
(251,'Sizing All Sources','',1);
UNLOCK TABLES;


-- Dumping data for table `grid_component`
LOCK TABLES `grid_component` WRITE;
INSERT INTO `grid_component`
(`gridId`, `componentId`) 
VALUES 
(100,10),
(100,20),
(100,30),
(250,10),
(250,20),
(250,30),
(251,10),
(251,20),
(251,30),
(251,40);
UNLOCK TABLES;


-- Dumping data for table `grid_user`
LOCK TABLES `grid_user` WRITE;
INSERT INTO `grid_user`
(`gridId`, `userId`, `permissionId`)
VALUES
(100,3,2),
(250,3,2),
(251,3,2);
UNLOCK TABLES;


-- Dumping data for table `powerload`
LOCK TABLES `powerload` WRITE;
INSERT INTO `powerload`
(`id`, `name`, `description`, `startdatetime`, `enddatetime`, `image`)
VALUES
(2,'Test powerload','','2023-09-01 08:00:00','2023-09-15 08:00:00',_binary 'iVBORw0KGgoAAAANSUhEUgAAAYQAAADcCAYAAABwF9b9AAAAAXNSR0IArs4c6QAAIABJREFUeF7tXQmcjdX7/1LmUibZYihL1p9kRmMvDMrOZM8y4UeykzUVBtGqTMNgohTZx1iyVJIoZRsjRpaUkhB+lkFmUv7/59w5d8595y7vvXPvzH3vfc7n4zPu+573LN/znOd7nudsee7cuXMHHBgBRoARYAQCHoE8TAgBLwMMACPACDACAgEmBBYERoARYAQYASYElgFGgBFgBBiBTATYQmBpYAQYAUaAEWALgWWAEWAEGAFGgC0ElgFGgBFgBBgBDQLsMmKRYAQYAUaAEWCXEcsAI8AIMAKMALuMWAYYAUaAEWAE2GXEMsAIMAKMACNgCwGeQ2C5YAQYAUaAEeA5BJYBRoARYAQYAZ5DYBlgBBgBRoAR4DkElgFGgBFgBBgBnkNgGWAEGAFGgBGwiwBPKrNwMAKMACPACPCkMssAI8AIMAKMAE8qswwwAowAI8AI8KQyywAjwAgwAowATyqzDDACjAAjwAjwpDLLACPACDACjIBjBHiVEUsII8AIMAKMgECACYEFgRFgBBgBRsAYhPDvv/9i6ozX0L9vHzxYurQo9M2bN/H+Bx/ix6PHUKd2LbRu0QIlS5ZAWloalq1chYOHDqFKpUroE9UL+fPn56ZmBBgBRoAR0IGAT1sISQeS8dnWrVi34VMs/mAhKlWsIKo0ZfoMHD12XJDE7j17cSglBcs+XoS4+fE4fOQI+kZFYUVCAooWKYIJY8fogIGjMAKMACPACPg0ISQkrsXvZ86IUb9KCE1btsb7c+egQvnyuHz5MlpFdsDqZZ+gc/eemBsbg5qhoTh+4gRGjBmHzesSuZUZAUaAEWAEdCDg04Qgy08EMH92rMVCSL1+HQXvvRd58uTB0hUrsHb9p5gT8y7adeyMTesSUaRwYdy4cQPNWrXBxrVrhKXAgRFgBBgBRsAxAoYkBKrSufPnETN7Do6f+AlTJ01EwYIF0a1XFHZt34a8efOKWtdrFIGE5UtRulQpXXJw/vx5FCpUiOcddKHFkRgBRsDfEDAkIfx08iSGjRqDrp06onvXLkKB0+Rzg4im2JCwGsWLF8O1a9fQvG17K4KQjZeSkoLo6OgsbTlo0CCEh4f7WxtzfRgBRiDAEaCBrp5gSEJo36kLnu/fD081a2qpY758+TDshdGIaNwQHSMjsWjxEuxLSkJczCw9OODWrVu4evWqiMsrk3RBxpEYAUbAIAj4HSHEz4lFxQoV8OeFCyBC0AZaZfTXrVsYOnKUeGUymTAvNgZly5TR3WTsMtINFUdkBBgBP0TAEBaCK7jfvn1bzC+UCgmxzCXo/Z4JQS9SHI8RYAT8EQG/I4TsNBITQnbQM8i3l/YARetkFlb9Tf+noL5Xq3V8NlB5qEEqysVkBFxHgAlBwYwJwXUBMswXpOzp37FYoMHiTKW/K8pchSrDzO8o0Hs1yG8v7s76zjAAcEEZAecIMCEwITiXEn+IQaN7VeFLK2BDFTM5SEuB/rY7lllj9TuKpyULf8CG68AIZCDAhMCEEBidgRQ7BRrlkzWgEoJKAEQQWkKQCLGFEBiyEsC1ZEJgQggM8c8uIRCBSHdTYCDGtQxABJgQmBACQ+yZEAKjnbmW2UKACYEJIVsCZJiP3SUEmnQmFxMFthAM09xcUPcQYEJgQnBPcoz2FROC0VqMy5sLCDAhMCHkgtjlQpZMCLkAOmdpNASYEJgQjCaz7pVXun7I7ePKKiN2GbmHN39lSASYENwlBBpx8jJE4wg9E4Jx2opLmmsIMCEwIeSa8OVoxkwIOQo3Z2ZMBJgQmBCMKbmulpoJwVXEOH4AIuDzhEAX30yd8Rr69+2DB0uXFk2UlpYm7lk+eOgQqlSqhD5RvcQdBvae621Xl84yYpeRXlh9Ix4Tgm+0A5fCpxHwaUJIOpCMz7ZuxboNn2LxBwstdyrHzY/H4SNH0DcqCisSEsSdyRPGjoG953pbgAlBL1IGjMeEYMBG4yLnNAI+TQgJiWvx+5kzwhqQhHDnzh3Ub9wEc2NjUDM0FMdPnMCIMeOwae0am883r0vUjSkTgm6ojBeRCcF4bcYlznEEskUIqampOHf+T+TLd7dw59x9991eqUDTlq0xf3assBAuXrqEth06YdO6RBQpXBg3btxAs1ZtsPjDhYjq2y/L841r1wgLQk9gQtCDkkHjMCEYtOG42DmJgFuEsH3HDixdsRI/HDpsVdYqlSvj6fZt0b5NG9x1110eq4dKCL/+dhrdekVh1/ZtlhvR6jWKQOw7MzFs1OgszxOWL0XpUqV0lYUJQRdMxozEhGDMduNS5ygCLhHC33//jbETXhITuJFt26Js2TIo8cADQvlfuXoVZ878ASKLPfv2Y/qUyZZJ4OzWSCUEmmRuENEUGxJWo3jxYrh27Rqat22Pb7ZtxRNNn8zyXCUOWY6UlBRER0dnKdagQYMQHh6uq7hBp+JhSk1G6qNxuuJzpNxFIGh/P6DyMOB4rPibHhwmChS8vRZSI/ZZCqf9Lb9LT0tD8NmPuL1ztxk5dzcRKFSokK4vXSYEGqFXrPCww8RJSd/+5x/h0vFEUAmB0hs6chQiGjdEx8hILFq8BPuSkhAXM8vucz1luHXrFq5evSqiEuE5C0QIuLQb6eELnUXl9z6AQPChwUgN6W1W6iG9gWJ1dRGC/C7IZBJkwu3tA43JRXAZAa8QApWClHP1atVQu1Y4wmuGgdxEnnQP2aop5Rk/JxYVK1QQr48cPSqUPwWTyYR5sTEoW6aM3ed60WOXkV6kDBiPXUYGbDQuck4j4JKFQIWj0TjNHSQf/AF79u3DPffcgzq1wlGnVi3UDAtF+XLlcqQOt2/fxrnz51EqJMQyl0AZ23uup1AuEwKdi6PerqUnE46TOwgwIeQO7pyroRBwmRDU2pHy/enkz1i7YQPWrt8gXn25eSPuvfdeQ4EgC8uEYMhm01doJgR9OOV0LLrDmtqGB1Y5jbzN/NwiBFpuuv9AMvbs3YuvduwUCT/RoD7q1amDJo0bWY3YfaKWOgvBhKATKCNGY0LwzVZjQvCpdnGZEMh3T26jWo89hsfr1xNzCQ+XL29YElBbgwnBp2TTs4XJLiHQncobqvBI1rOtAjAheBrRbKXnMiGMe+ll7PjmWzGZ3PDxBmLuoNp/qnptU1q2aufix0wILgJmpOhMCL7ZWkwIPtUuLhMClZ6WaNLBcnv37Rfk8Nvp02jWJEK4jFq3bOH1VUfeQpAJwVvI+kC6TAg+0Ag2isCE4FPt4hYhyBr8desWjh0/ji2ff8GTyj7VrFyYLAgwIfimUDAh+FS7uEwI3+z6TlgH+/cniXX/hQsXRoN6dVE7PBxhNWqgZMkSPlVBVwrDFoIraBksLhOCbzYYE4JPtYvLhNAqsgPCajyK2rVq4bGwULEhLE+ePD5VKXcLw4TgLnIG+I4JwTcbyREh0J0jNJlP/yhQXAryt2/WyNClcpkQ6CyhvHnz4ptvd+GJxxtYKk+X03y05BM827OHrqMffBE1JgSdrSKVq5E6JhOCzsbN4WiOCIHajEKDxWYyoI2gdORI5aGZhaTnRpLDHIbX1excJgSZwfBRY1Cndi306v4MDv5wCNPfeFNMJn+0IB5BQUGulsMn4tslBO1IhUpLzwJ1pzItv6ROaqSOyITgE30sSyGcEYJU+NI6kAQhZY9kscow4OJu818jyaQPtojbhHDx4kUMHvECSpYoIY6wGDpoILp17oR8+fL5YDX1FckhIVAS6siECcFYnY8JQV8nyOlYeghBlomUPcVXByNECOp7esfBbQTcJgTK8cKFixg4bDhaNn8Kz/23r9uF8JUPmRB0tgRbCDqB4mhOEXBGCFoXkdZdqVoI0npwmilHsIeAy4RAJ4/evHnTLqLbtmwSB94ZMTAh6Gw1JgSdQHE0pwg4IwStG8gWIdA5SHKOgS0Ep5A7iuASIdCEMl1ZSZPK9gIdbEf3HtPBd95yH9FlPBs3b8HuPXvxWM0wtG/bRty9QBPbdP8yLYutUqkS+kT1cmmCmwlBpywxIegEiqM5RYAJwSlEORnBJUL466+/MHDYCHFNZosnn8xiCZBCpn0Ky1auxJiRI1G1SmWv1GXmrBhcuHhR3Nq2OjERRYsUxUvjxyJufjwOHzmCvlFRWJGQIO5SnjB2jO4y2CUEGpVoTVeeQ+A5BN2SxRHtIsCE4FPC4RIhUMnJQliybDk+/HgxHiheHA+XL4e78+XDL7+cwpk//kBEo4ZigvnB0qW9VtGuPaMw+PnnENGoEb78ajvmL1iIFUs+Rv3GTTA3NgY1Q0Nx/MQJjBgzDpvXJeouBxOCTqjYQtAJFEdzioAjQrB1mCC7jJxCmp0ILhOCzCw9PV2cYfTLqV9x5coVhJQsierVH8H9Ou/uzE6h12/ciFmxc9DoicfFWUojhw5Bg/r10LZDJ2xalyjcR0RczVq1wca1a4SloCc4JARKQPVPsoXAFoIeoeI4jhFgQvApCXGbEHKzFqPHv4jLl6+gcaOG+HrHThQrVhRDBg5Et15R2LV9m2WOo16jCCQsX4rSpUrpKi4Tgi6YzMdA8z4EnWBxNIcIMCH4lIAYjhDO//knIjt3ReLK5cIqkb/Xr16J9p27YkPCahQvXgzXrl1D87btrQhCIp+SkoLo6OgsDTFo0CCEh4dneR60vx9MQSakPhpneRd0Kh6mU/FIjdjnUw2aE4UJ3l4LaeELkB4clhPZeSQPakNUHgYcjxV/ZdmpLmoban/L7yi+9p1HChboiVzcjeDDQ2z2I1t4q+1B0FniUDpnP7Lqo4EOrVr/Qjo9N4YjBFq91K5TF7zy4nhxQU/SgWS8HD0Fn65ZjRGjxyKicUN0jIzEosVLxEU+cTGzdMkFHen979EYsXzt7+Ca5l2PFI7FCkFLCw5FevhCJgTZCavPMU+0GyQEHxqM1JDeZqUR0ttSdmeEIL+jujIheL6xg1KTYdrfXzchqO2hEgKlQ2Sv9lHPl9a4KXqdEGilT7cunb06eWwP/i++3IZ33osVr+8pUACDnx8g7mOg01fpRjcKJpMJ82JjxOF7esPtnT1wV9685sP65KoiuRNSbomX66J5DoHnEPQKFsezjwC7jHxKOty2EN6c+Y44s2j4kMG5cn0m7Yk4e/YcSpUKsTptlSyIc+fPo1RIiGvlurQHt3d2x11PLEWe/+01n1NEyp/+qqctSt85E4KxCEGuWLG3SkV2S+3KFjU+X6HpeeXFhOB5TLORotuEMG3G69i4ZYu4D0FdxfP+3DkokD9/NoqUS59e2oObyW8g7+OfmDezyb0HdGiWXF2kKgcmBCaEXBJVv8qWCcGnmtNtQqB1/n/9dStLZR6t/ohrI3NfgYMJQV9LSCK0tcrIl48iZgtBX/vmdCwmhJxG3GF+bhMCpfrTyZNI/uEHVK1cBbQvIbTGo4a9T5kmk9lC0CGbck5FSwiSKMjNpj2vnpJ15VhiUhL0T01HR9EcRjESIQTSRTBMCNmVbI9+7zYh0A5hugOBfPUtnnoS+5OSUOi+Qpgy6RWPFjDHEnOVEMh9RMJMB2sFUiDFSsrd1qFjUpFJspCdneLrOXRM3jtB36muOk/gmxOE4IqFJLGRq9mI/OQBbTId+U57Y5irBOsJ/PSkQe1H7UZBbW9HBGdUQpB11cq1WlepIwgPR3pCfiPb3ZXBk552cSGO24TQu/8AdO/aRRxkd/HSJXTp2AGtn+4oLsh56MEHXSiCj0RlQrDdEHK0LpUQTbJTsHcKpbzVioSaOoQ8w15rOdjKTc7b0Dt3CYE6qi3LwhuEoLVk7JGlrbqq5/hLBSqJkH7T/+WiBkmw6oo3PQTrza5lS8nL+tM77Z0F9trfqIQg66olPvWWN/l/2Q6SFFTilDj6yCU/bhNCp2d6YMbUaPz8yylBCD2f6YYuPXph5huvoVzZst4URe+k7SohyM4pFaM7rK52Kvl/OXHtirtEneyWHUztkPZGM/aQlMqTvqMgSUCto5YQtN9QXLlSS9ZN1kmWx56VIfORnc3WjXX2CEVabdpJf08TgnY0rI749dzeJXd7qwSr4qQqV2lhqXXQjsJt4SHbT+IuCVe9p1jWg5ZZq8/tyYYjK84RxrK8lIcsF+FE+cqVfNoDJHPqLCNZHjnokYRsqw/K+svBjpYQqC6SEOn/8vpPiq8lBFl3OcCSeNhqB+3gg76xN/jRtp0LlqvbhECH232+9UuUK1tGWAm0MufixUuYPesd7yhsb6fqLiFIIdIKsyyvtiFlp5eCo44OpXKgZ6qJKV0JciOYOnpW3TJqnsrGOsso3ZnZKvOXZZTpydGLKlh6CYE6hKqY1LkGSRjSXaJaFKqbSY60tC4UVelLHLSdWr2Pl+rvqWWnWkJQSVcOFhzhrSo7WSYtIaiKguohv1HJx97AQcVD3hcg85Hyo8aRuEkFJwlJSzyqG0R+I0nYGSHItFTZ1/Zr1ZLwNCHIfmRvVK/WR5Uj2bdV8pQkpj3fTA6g6LkkBHqm1kXtD6oFTu2ita4kPupiDlkPe65YWU61H+t0bbtNCLQPYO/+/di2/Wuc/v13NI1ojGYREWIZqiGDO4QgTXqpMG2Z8dqRqlRu0iUgRwUEmjpiUhtQ/UaCK99rR5La3cPSpys7rb3G0RKLVL5aBStdQe4SgjpKVUdZqmUjiUld7mtLuFW3i9oGchQn3VeyzqQ8vUkIlA/loVqPkuy0FqQzQpBKQ1paKiFQPqprwlabqkqBvpVYq24oqVjomfy/JCF7gxPVrSfdgfJucWdWmMRedStqBx/qPeXZJQRphanllP1OEqk62FL3HKmWi0p4Mi0tgdJv1aLWSwjqd44IQcqUOsBRyyDrIfF0VE4HCtptQnj97Zko8cADqFunNqpWrmzMpaYqMO4QglTKtkYeWmaXcbUKSTVXVYWiJQRVAasdxVan0ZOmVigc1UEbV1sHdQRkS5GpIyKte0trVksSUEdX8hupCFUylB2POrB23sEWDjlBCOpI0hYJaUeMtiwEibnaLmpbO2sve8pJ/c5WGlLhSyy18uWo7V0hBO2AQtbXmWzbaz9bdVEJQfXnq9a8Fl+5YELKmiRTkjlZNqmctSN0bxOCLJuq9LX9Rw6MqPwynp75uwz83SaEAwcPYtf3u/Hd97vxx9mz4uiI+nXrivsQHN2o5rPWAxOCtYnrqKFyixCoQ9hSGFolppKxWg93LAR7CkodgZOy0Prr7ZGgLcXHhJDZSt4kBGkJyYGXVJpSqUprW1rH1C5GIgRZD63LKCcIgbCkuQO6E4HcRnRJDQXD3qnMhGBsQpAqxZZPV77zNCFQutLF4YwQHE2YMiEwIRACzlxGziyE3CSEOfPjkZC4FoXvvx8N6tVFrfBwhIXWQKH77vNZI8BhwZgQPEMIql9aFVA5KsuOy8iRhUDp27rm1JsWAhOCGV3VleJo4l6dQ8gNl5GvWwhyDsMWNqr1Ys9llJuE8N6cuVi7YQMqVngYdWrVEmRQvVo1ly619ynmYEJgQtD69rW/ba0UYQuBCUHropSLQ9Q5LXurjOhbde7B1qZPKYe+bCFQGWml0alff8NXX3+N9z/4UMDy1WebUaBAAa/qenJVrVm7Dl/v/AYlSjyAXt27o2yZh5CWloZlK1fh4KFDqFKpEvpE9dJPUEwIuUsI6rI6OfJWVxnJUZO9OQS2EKz7HE8qW9/sZ88t541J5UAkhO9378Gu3buxd99+/HLqlJhUblCvHlo2f8rr5xlt2vIZ5r2/ACOGDsHhlBQkJR8UO6Tj5sfj8JEj6BsVhRUJCeIU1gljx+gjp0AnBK0P3BFqjiaV3XUZMSFkrgrRngWlTnrqWdmmHXWqSyADeZVRTrmMApEQpkyfgQeKF0e9unWEqyhfvnz6FK8HYnXtGYWBz/UXex/o/gOyFBo3fAJPNH0Sc2NjUDM0FHQa64gx47B5XaK+HJkQzDjp2SHNhGBt5utZZcSTypl7QOSGRFu7+/1hlVEgEgLpjtTr1/HNt7vw999/o07tWihZooQ+5ZuNWP/88w8eb9IMjZ54HDu++RaP1QwTFkH58uXQtkMnbFqXiCKFC+PGjRto1qoNNq5dY3Vfg92smRCYEHgOIes9ILm1D8HePgutJSvLp2cfAlsITjWv2/sQvv3ue0ycMhX169YRmXy3ew+ebNIEL40f6zTT7ES4cOEi2nXqjKfbt0P/Pr3x1dc7sHzVanGG0jNRvbFr+zbLPoh6jSKQsHwpSpcq5TxLXyIE7Qjc0WYqT21MY5eRWUa0eDrahyDnOthCMB+14smNaUwI1jrL11cZjRwzFk81a4Y2rVqKgp//809Edu6KxJXLEVKypHMF7GaMW7duIaJ5SzFnUKVyZUiLYdnHi9D92T7YkLAaxYsXw7Vr19C8bXsrgpBZpqSkIDo62qoErSqcRJs2bZC/hnnOIWh/P6BoXZhSk5H6aFzms8rDkB4cZn3h+sXd5svbM+KpCQediofpVLzlEnGRbkYaIp9T8VblSC83wJy3GkfzW73s3dbF77bSdHZBvPyG8ncWtOWj+Jb0JRbyQvtH4yx1zFI3BTeJU1r4AqSnpVnhqeZnq+703hRkQlpwGNTy68FWi4uj3+o7mbZsWy1+6m8pS2rZrNLKaF+5s9SqDRSMrMrmQOZUuRLlqz4nE0/1OxtpaOVei4ejtpdxtXG0z037+1v6g1bWssiRpk9pcXYUn94JeQoOs/SpLBhr8E0LDjX3PZLBw0PE97K8Mi/6K0LROlZ93iJvl3Zn0R22ZEe2sypLlvyDw6ygEXXJKJulDgVDbbarSO/SbphSD4o00soNQIFQfQN1ty2EVpEd8N7Mt1GpYgWRKa04otNOp0VPQrWqVZ3plGy9p6O3aUd07149sT/pAKa99jrWrlqB4aPGIKJxQ3SMjMSixUuwLykJcTGzdOV159h7uHLlqlAodFBf8KHBQsEQsOnh5k139Cw1pLdY727VwKnJwPFYSzxHhKCmYY8QtHGy/N5ey9KhcoMQtOVRCSEoAwvqVBITtROr38q4hK+FOKvPQZDJZIWnPdwtHZTaKj1NdEJnhOAISytiy2hEe+TrCiFIWbJHCLJMQdfNHdiqDops6ZU5LSGQUrO0hZKeir+UWa3cZyFIpQ9YvsmQR7U9ZD9RMZX1JEWbGrHPZr+0kIedPmWPEGzWhcpVfY65v2aUW4ux+p1Q9KTkQ3oLGRREQGSaUV4tIZCClrrBCvPU5Ky6Q+mz9gYPRN4yf7GnRglWZcuQE3FoZYbesRqA0CCU8MvYr5AjhDBzVgxSjvyIZ7p2EQfa7fjmGxxIPojFHyywuvRelzZ2MdKPR49h1PgXxTLTmzdvYvqUaLHK6cjRoxg6cpRIzWQyYV5sDMqWKaMv9eOzcfnyZcGkuu5U1nuujK3D7dSNJ3rO22GXUeb9C7zs1CzPRj7LiOTZ3umbjuYEqN48h5C5Gk09+FDFJTeOriBlTP777Tt24NffTqNJ40Zo3bIFHixdWp8CzmYsWl107vx5FCta1GqvgXxON7m5dKYSE4K5RXiVkbWysjeHIElaKjc+ukL/HAITgnVf88TGtNwkhDN//CGsA1pZdH+hQtlU7T7yORMCEwIhoHdSmQkhs+O6enQFE4J7hKAeSU8p+IKFsHb9BtDR1+QmIhfL0o8W4eHy5XxEq2ejGEwITAhMCDmz7DQnCEG9X0O9w0OeA6S9D0HeN+GJ46+9tQ/BFwmBJnSf7dlD+OzpgLs7//6LoYMGZkMT+8inTAg5Qwj25l6MtlOZLYTctxAc7bpmQsiZ+xBobb/c/EV3ISSsW4e3X5vhI1o9G8VgQmBCIAT0TuAzITAh2LsgJ5AsBCKELRvWibmD3Xv3YtWaRCYET9+Y5s8b03zdQmBCMB8j7s0b0zzlMmILIfNAytyaVCZCoAPsaGnmuXPncOzET+IcIRlGDR+GoKCgbAzVc+nTQLUQ1Osec2KVEROCWcBVHALtghxvEIIWU3YZ5YzLaOGij5Cenm5Xa/fv2ydHD7rzGH0wIbDLiF1GxppU1lrm2sGGvAKTJ5X1LScH4PZOZY8pYl9JiAmBCYEJgQmBVxndueMrOjlXy8GEYFxCkCuUtJeJ69kF7uw0T96YZr1Rz9HR53oPt2OXkXVf07sxzReXneaq0vZm5kwITAhsIbCFwBYCWwhCEzIhMCEwITAhMCEwITAh7DYvNTTqKiN2GWW1nX35TmV2GbHLyBvenqvXrmH8S69g4ksviktw6MC9ZStX4eChQ6hSqRL6RPWyOvjOYRnYQmBCCAQLQV2eaWv/DClrI+5D4GWnmf1XLiWnJ9TG2rk1B4rQsKuM7ty5gwkTJ2H7jp1YvvgjlCtbFnHz43H4yBFxpeaKhARxdeaEseYLb5wGJgT/IwSp8FTrx9HGMyYE/3cZURvTnc50dpFUmPK3eiuZlAWKJy0a9RA/eu/rO5UDiRDokL1d33+PfUkH8MH8ueLeg/qNm2BubAxqhobi+IkTGDFmHDavS3TKBewy8lOXERNCpvJTlaCjOwf83UJgQnCoDw1pIfxy6hRGjB6Ljxe+j47P9BCEULBgQbTt0MlyztKNGzfQrFUbbFy7RlgKTgNbCGwhsIXAFoI/TSoHgoVAu6T/+/wgDBs8EHVr10bTlq0FIeTJkxfdekVZ3aFMx2wkLF8q5hecBiYEJgQmBCYEJgRjrTLaf+AAhox4ARUrmO9y/unkSZR56CG8NG4sBg4bjg0Jq1G8eDFcu3YNzdu2tyIIh6TAhMCEwITgG4Qg/fuqm0t2XvUQN3eOrmCXkX+5jMhCuHzliqVS3Z/tgzemv4oa1R/B6PETENG4ITpGRmLR4iXYl5SEuJhZWQBISUlBdHS01fP2VX9D8+bNLWd+BB8ebJ40urQHqdXjRFx6llZ2ANKDw1D0uwa4VH+XeE4XdZt+jbfEUxMOPrtIXCAv46ppiDTPLkJaWjpMpiArXEk5AAAgAElEQVTxly5YzxJHyVfMZSl5q/+X+dpK01Y8mb9YiVC0jiV/Z9aUtnxqmSQWhJPERJaH6mYPN4mTxFrF0x7uMi3LtyF9slxQT+moddOWXYuLo/dqXBmP/lLbqnVU29XSngXDrMpmKy3T9eQsbaDKll6ZU/OnchGmKp4yHVtyq5V7Z/iobW9pDzvyqsXMlpzJOPTOVp9ScdaWX4sPpUV1p/5qL10tvhSXZFf2d/petrFMn/5SoLhSXq368vXkLLrDqr0z+jzJhratZP70Vw30PcVXdQXJta0+RhiJPp2hm1JD+qBw3YnOurV4b8g5BLVmrSI7YO57s8QqoyNHj2LoyFHitclkwrzYGDHZrCtkWAh5qw4X35r290dacBhMqclIC19gTpOeUSNSQ3xeA2nNfzAnfWkPTKfiLfGs8js+2/wuI66ahohH7zPIQPwlRarko81X/FbytiqHzNhWmmp51QJSXKoj1TUjf2d4ZamDWiaJRbkBmZjI8lDd7OEmcZJYK3jaw92SVsa3qDLU0pmt2kWpWxZsNbg4em+Fe0YbifjUtkodrdo1oz1RrI5V2WylJeRI2waKbOmWOUWucGy2kEtVPi3p2JBbrdxr5ctR28u49jCUzy2Y2RA0y7ckU7b6lIqzpvxZ8KG2IXmi/ir7lDZdDb5i8JChqMU3hF1GG1vq93kNc8kpboa8qm2Oi3uy6g5VzuzICrWVJX8ajMpAZZTypuqKgmE2+5iQxdRki26ifpGnynBn3Vq8NzwhaGt5+/ZtnDt/HqVCQpA3b15dIMjGpCtBC4SONe9d0K62oEjqkkV7xzhrc5SbptodM7/RLnvUc96O3jP6FUKwKgZdF6g9s0eNKy/0oGfyakFHyDk6z0aa8bT2WZr8qpnvjeOv7W1M41VGxltlJGWL5I9dRplKnbCQy6dl33R2pzLFC5R9CPo1vc6YPIdgBooJwbyRR47Q/O1wO2pjX1526ouEQMqYZELdj5BhIVj2M9BvOfDx9I1p2oENE4JOpZ6daL5MCNrRvT0llZMWAo1WVPLQKhm2EDIJVlqbtvBSrUbtBfByhKdunJKWpqNb+lTlJL81yj4EJgTrAYkqA2whZEfDu/gtE4J+C0F1AUmYmRCs8VMxYkIwH6GtvYfaVhdlQmBCcFF1eyc6EwITgjpaN7rLSFW+tIyTLQSzoqXg6tEV7DLyjs716VSZEJgQmBByfx8CWwhsIfgEUXibEGiUpt7tKkegelYZ+docAruMsro/tJjktsuILQRzG2n7HVsIDtWt3y07dZtcmBDYQmALgS0EW0dX2HMZkbzISX51Ip9XGbmthn3nQyYEJoScIgTtCiE5mvfkKiO2ELxvIWgJQWIu9wwQMchjOFQr3541Sd9JQtJsTBPzHrzKKAf5ggmBCYEJgS2E7FgITAg5qLC9nRUTAhOCM0JQd2hrl1C6MofgjxaCupLJ3s56f1t2yhaCt7VyLqbPhMCEwITgvoXAhJC50IBdRrmoyD2VNROC+4Sgjnj9+SwjthCynsVFUkP+cSYE3yUEudJKh67kVUYSJCYEJgS2ENhC8Mc5BH8nhJs3b+L9Dz7Ej0ePoU7tWmjdogVKliyBtLQ0LFu5CgcPHUKVSpXQJ6qX+eRSPSG7hCAPvtLmJU/idLYPgVYkyEPVnF0En9tnGWn95WwhZB5sJs8rcrQPgecQrJdrqn3GSBvTfHUOgeSLcMy4z8WyF0OHHjSkhTBl+gwcPXYc/fv2we49e3EoJQXLPl6EuPnxOHzkCPpGRWFFQoK4S3nC2DE6YDCfVOj28dfSbFbXJCuWh2WrvKONaUwI1kcKqMcL2Dt2XBJjTh1/nR2XEcmDXILIhMCEQPKgHTx4atlpoBEC3aP8/tw5qFC+vFDidEnO6mWfoHP3npgbG4OaoaE4fuIERowZh83rEpkQPH0fAlsIru9UZkLwv8Pt2ELQp1u9HSv1+nUUvPde5MmTB0tXrMDa9Z9iTsy7aNexMzatS0SRwoVx48YNNGvVBhvXrhGWgtPAFgLPIXhzDoEJgQlBehC8vTEt0CwE6lt0K1rM7Dk4fuInTJ00EQULFkS3XlHYtX2b5aa0eo0ikLB8KUqXKuWUD8jndv7+rij08FOu35jmay4jWzeFefLGNLYQ2EJQd9LyKiOzfvGVjWmBRgg/nTyJYaPGoGunjujetYtQ4P/++y8aRDTFhoTVKF68GK5du4bmbdtbEYRDVsgpQtAqZvWWJU9NKjMhmJva01do8hwCLzulUT71YRnUeUMmBOcDb2/EaN+pC57v3w9PNWtqST5fvnwY9sJoRDRuiI6RkVi0eAn2JSUhLmZWliKkpKQgOjra6vno+sn4p+IgVKzbUzwPPjzYMkufWj3O8iyt7ACkB4eh6HcNcKn+Lksa2t/yRfDZRQg6FQ9Kw9Z39D4tLR2m68niEnaKQ3nL/1M6jvKylW9QajJMv8abL+xOS0d6uQFZ0lDLJxSnEtdZm8kyU7oUZH5UR/l/Kj+VgZ6p8dXyqt+pOFGa8lvZFrZwl2lZvg3pI+oqgy0cnGHr6L36Tv6f/pIcaDFRfwtZAgQWWrzU+gkZyGgvbR3oW3vY2WovtXz0rYqnTEfF3yIPGrnXypcWHymfah72MNRi5qjchAXJpcRMlVeJkbb8WnwoP9nvZN5a2VLToO+p/5GsyXaR9aJnsq0pngyqDpB5yL6nll8tmz1Zoecyf/prT45NpiAhJ9RnbfUxqhOVhdKg/1MdClds4axbi/eGW2X054ULIELQBlpl9NetWxg6cpR4ZTKZMC82BmXLlNEFhHQZ5S/dSHxr2t8facFhMKUmIy18gTlNekYKhxri8xpIa/6DJW3tb8uL47NhOhVvTsPGd7S6iRoYF/dkpq3kI/J1kJfNfC/tMedJ5SfhIeWsScOqfFRHJa5TwDLKLDsOCb6ljvL/5QZkPlPiW5VD/U7FieosMXOAuyWtjG9RZailM4s62MLBGbYO3lu1f0Y88YzkQIuJWuf9/UVxpBxZ4aXWj8qb0V6ZGicTW7vY2WgwWVbxN3yBNZ5SFlT8M9LQyn0W2dPgY5FPJQ8VJ1V+rcqk9B21+JZvbWFBEVWcNeXPgk9G3UW/k+XWyJbaFvS9GBhlDCqssCN5zmhrES8jWOkAKROy76m6Q+1/dmQFx2Zn5q853M6qP9MAkuSkYJjNPibqRDKXseyU2p/0mp5gOEJwVqnbt2+L+YVSISGWuQRn34j37DIyw6Te+2sPOJ5D4DkEb88h2Dr5NYMQLHKqXb6rumOlH92b9yFQQdhlpEu9Gi+SlhBI6dHeAApy/bi99fAUx9GkrVxTT52I5xAyO5HaodUNfIQn70Mwy56KkVbhqRhpe1xOH3/t6aMrmBAyW1Q7FybfkD6RMqAO0gJtUtkrbMOEwBZChqVo2TGuJXqeVM65SWUmBCYEryh6vYkyITAh5BYh2LpGVcotWwjWPVg7ElatJHYZmV2+bCHo1foO4jEhMCEwIfjO4XZsIbCF4AG17n4STAhMCEwITAj+cNopWwju84DlSyYEJgQmBCYEJoQ7dzygTo2fBBMCE4IrhCD91eqJq/S9veOv6Z290055DiFTf8iJe3YZscsoV1mFCYEJgQnB/y0E7dJv7aQ9WwhsIQhNyITAhMCE4D+E4OhiKnv7Oei5HkIgK0ZaMLwxLVfH8d7LnAmBCYEJgQmBCYEtBLYQdgPF6rpPCLbWhtPJrbZ2UdobnRltp7KvzyGo5VN3EVMry3faox8kIZIs0C59+k67s157vatMz9d2KuekhSCtBZJ3Kfcqhirm9H++D8F7A3uPpcwWgvuEQEqCOoDcFKN2DFIUagcwEiHYu+pS9UP76qQyE0LmgER7da0nXUZEAESekhQkMTIheEw1505CgUoIpMwpZMdCYEKwP+ojkpQY5+QqIz2EoB2pBpKFQIpcHcBQ28i5AfXsMqngKT69pzkDdQ5Bq608TQiq9SH7qMyTzzJyzBVpaWlYtnIVDh46hCqVKqFPVC/z7Wd6wvHZOH+7bOaNadk93I6+J4HTmq6+cridFDQSbhKs7BKCvNxHjqr9wWUkZcDR4YZ6LQTCRU5Aai0PTy07zbjXwiJz8jIXey4jXyUEObqWVqfaf/UeXaEqd1sWAqUp21W6Nl0lBMKXyiNPflXT8YSFIHWHtEKYEPRo8sw4cfPjcfjIEfSNisKKhARxl/KEsWN0J3L+/HkUKlTITCLuEoL8TioAXyQEtYxSmJkQzHIifeTy/4SPSggSJ+r8UuFKxUDf2NuHIJW1Ko0yXU8QglRmGWfgi2yMSggSK28Rgr35KncIwZZ2kRaznIdxdw5BvZmNSEEb2EKwr9vv3LmD+o2bYG5sDGqGhuL4iRMYMWYcNq9LzDlCkGan7JSyEX3t+Gutm4gElwnBmhCozaQrTSp5VenKEaZeC4HiS0Un/3qKENSjCtRRJJVbe9+xqpx80UKQgxV78qjXQlCXkGotBC3xZ8dC8DYhyPscqI2lVS/zZEKwr9svXrqEth06YdO6RBQpXBg3btxAs1ZtsHHtGmEp6AnZthBU01wd9fkiIWhdPEwIWQlBYuRIePQSgpqWVFaeJAR7dyMYjRCcddRAIwR1n4PWkmRCsC8tv/52Gt16RWHX9m2Wm9LqNYpAwvKlKF2qlDMxE++ZENy8MU1diugvcwhypZR6M5gtKTICIUhLVVo69sosR865uezUWU9lQshEiAnBvrT8+++/aBDRFBsSVqN48WK4du0amrdtb0UQzmTNo4Sg3nLk7xaCrWV8Rp9UZkLInX0IzjopEwITgjMZke+HjhyFiMYN0TEyEosWL8G+pCTExczK8nlKSgqio6OtnleoUAHNmzfHI488Ip4Hn12EoFPxSA8OQ2r1OPOzw4MRFGQyf3dpNy7V32VJo+h3DYCidZGenibiB6Umi/j0jOKKvza+k/nQK/qO8rPKx0FettKjZ2reqUH/QXq5AZDlk9/IvGzFdYa3pcw26qSmJ7Gwiq/gZoVRRj1VrFXMZHm19aA2kOmnhvQRdZXBVt2cYWt5f2m3pT0c4aGWR2Ktyo9sf1l+ekffWMlVhqxRXDUNbVuqMqfFTmKtLassn5quvTKrMi7Ts8JbaSMqvwxa2beHsYqt2necyZv6Xit7ar3VstJzgZ/SX9U2UMtokVPq36nJVv2dvjH9Gm9OJ0N2xbepyVb936qMGXrCXtlEX8/ol1ayAgi5sKdj1LrT97S6yaJjlDSlbIi0MupTuGILXTDnuUOzsX4Sjhw9CiIFCiaTCfNiY1C2TBldtbt165ZwGanBdD1Z/EwraBZ++VvGkc+17+zFt/Wd+q2j7+zlpZbPVtnle1fL7gw0V9NT4+upi730nT1X07bVLtrvtfjZK6c9PFzFwVZ725Mfmaer2DmSA1fl2BlermDsKrauYm6rrGoazuTOVn+nb7Tl1sbTltNWPZ3haK/srsqzLR1Cz8qWLeusS4v3fkUIVKHbt2/j3PnzKBUSYplL0IUEgKtXr5oVvynDCtD5IVkbWotD56d+Fe3IkSMg66tLly5+VS93KrNq1SphbVarVs2dz/3qG8YiszlzS1fo3Y/ld4SQGz2JFCAJfaAHIgPCgckRFnlgcoSQB8JBumMDuZ/4uq5gQvCAdPp6I3ugirqSYELIhEkOEJgQmBDUzuPruoIJQZeqcxzJ1xvZA1XUlQQTAhOCLUFhCyETFV/XFUwIulQdE4IemJgQmBCYEIytK5gQ9Gg6J3Fya6LIA0X3aBJECDSxzG4SiMl1xsIsXuQ+o8l1nkMwu898eY6NCcGjKpETYwQYAUbAuAgwIRi37bjkjAAjwAh4FAEmBI/CyYkxAowAI2BcBJgQjNt2XHJGgBFgBDyKABOCR+HkxBgBRoARMC4CTAjGbTsuOSPACDACHkWACcGjcHJijAAjwAgYFwEmBOO2HZecEWAEGAGPIsCE4CE409LScO1aqricJ9DD1WvXkDdPHgQHBwc0FHRpE528W7JECZdP3vU34FgmMlvUl7EIaEKgqyA2bNqE777fjcL334+n27dD5UqVRMtduXIFHy35BCd+Oomw0Bp4qlkzlC3zUJZ+ev7PPxE3Lx6fbd0q3pV56CG0a90KUT17GKpPp6amYs269TiUkoLy5cqh5zPdcH+hQqIOH3+yFL//fsZSn3LlyqBHt25Z6rd3334sXroMe/btE+9qPFodz/bsiSca1DcUFnQd67oNn+L3M7+jZlgYunbqiLvuugt0Z8b2HTuxbft2cS3rk02b4pFq/8lSt3/++Qez587Dli+24vLlyyhcuDAaN3wCI4YMRoECBQyFBRWW+slrb76Np9u3RbX/ZNbX3nO1gv4iE7JOSQeS8dXXX2P0yBFZ2pHkZtprr+GdN17HfffdZ8j+EdCEsCphDea+vwDP/bcvaIRPim/xwgUoXboUevcfAOrYvbo/g2PHj2PZylX4/NP1WRr6tbfexvXrNzB65HAEBQXhm293IfrV6Zj11puoV7eOITo/dewJEycJ8iMsiCBP/vILPl74vhjZtorsIJQikSaFYsWKZVHypCwjmrfE0EED0anD0+IK09WJa7H4k6X4YuMGw1gLRIw9+/wX5cqWRYfI9uLmvdAaj2LU8GFigPDFl9vw397P4udffsGCDxfh0zWrBR5q+OyLLxC/8EPMevtNYR0kH/wBr789E082bYJBA54zhEzIQn773ff4dtcuMVh49803UL+e+eY/e8/VyvmLTFCd/rxwATu/+RZLV6xEwYIF8dGCeKt2/Pvvv9F3wED8dPIkNq5dg6JFili9NwoWAU0IpOhGDh2MFk89JRqvV99+otNGtm0jlKDs7GT6P9m6LUaPGI42rVpaNTTF69zhafTr09vyPCFxLSpXqohHq1fHpf/9D+/ExCIpORmVKlTA0EHPCytk7/4kfLH1S+QvkF8omfLlymL86NE2rRBva5Azf/yBTs/0wNqVK1CyZAmQSduibXvMnx2LKpUrCUW/Y+vngvDshd/PnEHn7j0xJ+ZdhNesKaJJku3Qvp1Qmkd+/BHvzZmLX0+fRr06tTFy2FAUuu8+TJ76KipWrICd336L07+fQbfOndC7V0/kyZPH21XPkv7mzz7H3Pj3sT7BfL8FlWnshJex/fMteH7ocCEfUT26i8HCU23a4ZUXx6NpRGOrdKZMn4GzZ89h3uz3LM+JZAnXls2fAimP+A8+xLavtgvlQoOOp5o1FdbEhImTEdG4EdasXSe+HT5kcK5aWHLA8+VXX1kRgr3nKhD+IhNUJ+qva9dvwK+//SasRS0hkMxQfb/8artNQsgOFktXrMDNm3/h+IkTOJRyBA3q1sWoEcNw7733erx/BCwhSMZeseRjyzWbL0+egvz5TRgzcoRgelLoFEgIuvV6Fks+XIiKFSpYNQJ1DHIvtHjySdStU1uMJsmdQIFG3v2eHyQ6PSmRvfv3Cyvki02f4vvdezBxylREtmuL1i1aYPGyZcLv/uaM6R5vZGcJkrCPf/kVbNuyyRK1acvWggDJJfJMVG88Xr8ezv95Aa1bNkebVq2EIlcDKciuPaNw+coVtG3dCrUeeww1Q2tYLIP/Xb6M1pEd0KVTR6FAlyxdhhs3bgqlSWRE302bPAnXr6di8rTposNVqVzZWdE9/p5G/adP/44pk14RaZOl1LN3X6xe9ono7MtXrUa/Ps/ix6PH8NXXO7BmxTKLa00WhiwEqgNhQK4ikgmSG7K2KMyZHy/IYMjA54UbauqM18Td3w8+WBrtO3VBtapVMWzwIOzeuxcrE9YIy/Tuu+/2eF1dSZDkYXr0ZIuFIL+195ze+4tMqDgRUa/7dKMVIZAbafobb+K9mW+jU/ceNgkhO1i8OfMdYaGNeWEEyj5URlibXTt3RLfOnV1pQl1xA5YQTv/+O7r06GVl8s+ZNx/0/PVXp1nAIx/opGmvolrVKpj5xutZQE1PT8f6jRux/eud2JeUJN7XqVUL06IniVFin+cGIHHlcoSULCkIovXTHTFu1Aviqk8ihJ1ffoF8+fKB5iIiO3cVI1G9193pamEdkT7dtFkQ1cpPFltik8usXZtWCCkZgtHjX8TwIYNwX/B9Il7Be+/FgnlxWSZKSelv2vIZtnz+hSBUCt27dhHKjRTb0uUrsG71SjHyJ39rt15RovMMGDxUzN8QaVKgDlC8eHH0fTZKR+k9G4VG91Q/6SMmFxJZAos/WCjcBoTFPffcg5s3bwrCmv3uTJvusK93foPPt27Fd7v3iLg0txQ98WVUrVwZDSKaIvqVl4W1QEHkmTFoIEJYMDcO1R+pJuSFrK5XJoxHzdBQz1bUxdTcIQTKwh9kwhEhkHx07fUsXp82FQ899KAY9NhyGWUHi4UfLsIfZ89i1ttviaKQRyFx/XoxiPB0CFhCoM5Nne+TRR+gwsMPC1xnzopB/gIFMOR58/zBO+/Fgtw/5Pcls55MRTWQK+nGjRsWhUCjvR3ffCsYnEb+1atVw8uTo7O02bjRoxBMfsglnwirgwKlRYpCKgNPN7Sj9EjAyNJRLQQa7Y8YOgR1a9fCX7duifJSIMtm5NhxYsT8YOnSlmSJGAkzOWlKrrL1n27E/AUL8dZr07Fn7z6sWpOYpRiffPQhxk14GSOHDUHDxx8X75csWy7iv/fO2zkJg4WMyLUzfYq53S5evIi2HTvjs0/Xo0PXZ8T8yMD+/YR7hxQBzZl0jGxvVc7U69dxT4ECQl6oXcldOCt2jogz6603RHra0KxJE4wYOljIJOUlLbAXxo1HWI0awoWWm8EdQvAXmXBECNRvfjl1Cs/37ydWGdJc3IypU/BYWCjuz5hzo++zg0XCmkSY8ucXixIoHE45gv6DBmPX9m0eX70WsIRADdToyeZi1E/uEApDR45C65YtxD/ya5O7gBSDrdVFFF+OchOWL7W4iej5jDfewv+uXEaXjh0wYvRYbFqXKBQEhV9O/YqQkiWETzI2bq7FVy3dUtq0ckIJHPzhEJ4fOswy+SvdaQnLlgpXzu1/bgulROHnX06hR+8+2LJ+rZXAk5U0N34BNq+zVvqk4Ho80w1Xr17F7j17EfeeeVRz+59/8PPPv+A/VasIlxRNZssRM2FP76dPmZwT1bfKgyaRyRUkfcSEzYsTJ2HhvDh07NYdH8TPEy4dCjSyJ1fOy+PHWaVB80rD/9/l06pFc8tzspposcFXn29Bk+Yt8fZrM1Ar/DHxnlxxd92VV8zREF6qRdmsVRubpJPTwLhDCP4iE44Igfo6rcyjQAOi306fFrrgxbFjUDujfelddrB4971Y3L79D14aP1bkQwMtWgyj7WuekImAJQQCj9ic/NhvzHgVO3buFH7fZR8vQoH8BfB01254/dWpKF+uvAXnIoXvt3IPkNunXacuqBMejnGjXxCTPDRaGPPiS0IZdO7YAS3bRQqXCa3S2bNvv3A5LP1oEU7+/LNwGdHKjZphocKvvHXbV8KFpbVEPNHQjtKgejRv2164d2i56fsfLhJun42JCdj13fcYM+ElEDkEBxdEzJw4XLhwMcvonerd/dk+eGH4UHSMjBR1IAKgEe7sWe+IzkLkODc2RihUsgJoFRLVl6yR4sWKIWbmW2K+ZuCwEUKhkhsppwO5umhxAZWFlt+++tobYnUVuW0aNntKWAiDBzyH1NTr6NGnL6ZMfNli2ciykuI/dvyEUPq0Yo0sjmmvvS5WXsXPmS1GdyUeKIEXx44WFgjhQiuXGtSvJwiBrIEB/f4rXAOUFsnLw+XL5TQUVvm5Qwj+IhOOCEF9R+1L/ciWyyg7WJDngpYwL130Ie6++y68NDlakM7kl1/yuEwENCFQZ6SVI7TKhgKtenmmS2cxQiSy0IaxL4wUCkENZL5NnvaqSIN8yxSaNG6EF8eMFnMDW7dtwyvRUy2fkPuJOrx005hMJuF+eKB4cUx6eYKYiMyNsP/AAQwZ8YLImupBREWToeTymDhlGmiVCQVaU//m9GmWCXe1rDQKohGTDFQnwku6O4hMlq1YaUln2uSJor40qUyuJjnvQCtuSNhzayKV5kni5puXFZLvP35OrLCGaEkxETd1bgrt27TB2FEjRTurgdxlZOXQnJKcb6B5JSKAUiEhop6jxr0o5iQoRDRqiFejJwt/OxECzU3QUmf6luZR5NxKbsiFzNMdQqBv/UUmJA40ufvpxk3CUtQGR4SQHSxoTm1f0gFhfVAg+Zj5+owsy509IR8BTQgEIE3c0ZIwWhZZIH9+tzCl0e/Zc+eQnv43ypUtk8WvRz54mhR6oFgxi4VBhEDKkSZnafI5JKSkx/2BrlaGlkNSOWluQGulXL9xQ7h9aF29IwuG3E1nzp7FvQXuEUtYtYE2/F26fBkPlS5tWcZKhEAru6pV+49oD7khztXyezI+1ZfKqs6TyPSJ/IsUKeJUXmjAQUqe9jRol+ySzJDcEREScVKQ81pbN2/E9evXhWVCAwajB3+RCU+0gztYECHQogNa2k4uXOqD3goBTwjeAtZZupIQbI00nH3rb+8lIchNT/5WP731kYTw5eaNXlljrrccvhCPZSKzFSQhDH5+gNebhgnB6xDbzoDcDkd+PJplo1suFSdXs6UldLXDw22OxnO1YDmcOS1PpVVtz3TtksUNlcNFyfXsWCYym4A2NQaZgiwbPr3ZOEwI3kSX02YEGAFGwEAIMCEYqLG4qIwAI8AIeBMBJgRvostpMwKMACNgIASYEAzUWFxURoARYAS8iQATgjfR5bQZAUaAETAQAkwIBmosLiojwAgwAt5EgAnBm+hy2owAI8AIGAgBJgQDNRYXlRFgBBgBbyLAhOBNdDltRoARYAQMhAATgoEai4vKCDACjIA3EWBC8Ca6nDYjwAgwAgZCgAnBQI3FRfVNBN58513QXbu2wsDn+mPe+wuy3DDnmzXhUgU6AkwIgS4BXF59yXMAAAKpSURBVP9sI0BXZqbduiXSmTrjdXE88YB+fcVvutPg2IkT+E+VKjl+V3a2K8YJBBwCTAgB1+RcYW8iQLfL0V0PdB81BbpjYtgLozF18kR8+913+O307+Kehf1JB9CsaRM8+sgjwoKgQN/I61w3bt6CZStX4a+//hJXi9KNajl9k543ceK0fRMBJgTfbBculUER0BKCvJ961dIl4lrShYs+Ehed0KU4dEE73UA3avgw7Nm3D0kHkkF3atNxx3T16OgRw8XlOnT9ZmS7tuI7DoyANxFgQvAmupx2wCHgjBD27t8v7lWm0CqyAzo9HYn+ffvg6LHj6PPcAHyzbStenDgJRe4vbLlUfcPGTVi8dBlWfrI44PDkCucsAkwIOYs35+bnCDgjhHPnzmPiSy8KFLr2jALdgkV3Kp/8+Wf07PNf7Nj6OXr17We5P1fCRXMR27Zs8nP0uHq5jQATQm63AOfvVwg4I4QLFy5aRv5ECEMGPo/GDZ+wIoTBI0aiZlgY+vV+VmCTmnodl/73P1StUtmvsOLK+B4CTAi+1yZcIgMj4AlC+PDjxfjyq+149803cM89BcRcg8lkwrTJkwyMDBfdCAgwIRihlbiMhkHAHiGsXvYJNn/2ObQWwtBBA9HoicctFsLOL7/ArbQ0THhlEvYlJYl6V6taFTOmTRHLWTkwAt5EgAnBm+hy2oyAmwjcuXMH586fR3r63yjz0IPIkyePmynxZ4yAfgSYEPRjxTEZAUaAEfBrBJgQ/Lp5uXKMACPACOhHgAlBP1YckxFgBBgBv0aACcGvm5crxwgwAoyAfgSYEPRjxTEZAUaAEfBrBJgQ/Lp5uXKMACPACOhHgAlBP1YckxFgBBgBv0aACcGvm5crxwgwAoyAfgSYEPRjxTEZAUaAEfBrBP4PcON+4EFkIW0AAAAASUVORK5CYII=');
UNLOCK TABLES;


-- Dumping data for table `powerload_user`
LOCK TABLES `powerload_user` WRITE;
INSERT INTO `powerload_user`
(`powerloadId`, `userId`, `permissionId`)
VALUES
(2,3,2);
UNLOCK TABLES;


-- Dumping data for table `powerload_data`
LOCK TABLES `powerload_data` WRITE;
INSERT INTO `powerload_data`
(`powerloadId`, `time`, `value`)
VALUES
(2,0,5.63),(2,0.06666666666666667,5.63),(2,0.13333333333333333,5.63),(2,0.2,5.63),(2,0.26666666666666666,49.29),(2,0.3333333333333333,49.29),(2,0.4,49.29),(2,0.4666666666666667,49.29),(2,0.5333333333333333,77.71),(2,0.6,77.71),(2,0.6666666666666666,77.71),(2,0.7333333333333333,77.71),(2,0.8,77.67),(2,0.8666666666666667,77.67),(2,0.9333333333333333,77.67),(2,1,77.67),(2,1.0666666666666667,77.95),(2,1.1333333333333333,77.95),(2,1.2,77.95),(2,1.2666666666666666,78.95),(2,1.3333333333333333,78.95),(2,1.4,78.95),(2,1.4666666666666666,78.95),(2,1.5333333333333334,79.27),(2,1.6,79.27),(2,1.6666666666666667,79.27),(2,1.7333333333333334,79.27),(2,1.8,78.99),(2,1.8666666666666667,78.99),(2,1.9333333333333333,78.99),(2,2,78.99),(2,2.066666666666667,79.15),(2,2.1333333333333333,79.15),(2,2.2,79.15),(2,2.2666666666666666,79.48),(2,2.3333333333333335,79.48),(2,2.4,79.48),(2,2.466666666666667,79.48),(2,2.533333333333333,78.99),(2,2.6,78.99),(2,2.6666666666666665,78.99),(2,2.7333333333333334,78.99),(2,2.8,79.35),(2,2.8666666666666667,79.35),(2,2.933333333333333,79.35),(2,3,79.35),(2,3.066666666666667,78.99),(2,3.1333333333333333,78.99),(2,3.2,78.99),(2,3.2666666666666666,77.91),(2,3.3333333333333335,77.91),(2,3.4,77.91),(2,3.466666666666667,77.91),(2,3.533333333333333,77.83),(2,3.6,77.83),(2,3.6666666666666665,77.83),(2,3.7333333333333334,77.83),(2,3.8,77.95),(2,3.8666666666666667,77.95),(2,3.933333333333333,77.95),(2,4,77.95),(2,4.066666666666666,77.91),(2,4.133333333333334,77.91),(2,4.2,77.91),(2,4.266666666666667,77.91),(2,4.333333333333333,77.91),(2,4.4,77.91),(2,4.466666666666667,77.91),(2,4.533333333333333,0.02),(2,4.6,0.02),(2,4.666666666666667,0.02),(2,4.733333333333333,0.02),(2,4.8,0.02),(2,4.866666666666666,0.02),(2,4.933333333333334,0.02),(2,5,0.02),(2,5.066666666666666,0.02),(2,5.133333333333334,0.02),(2,5.2,0.02),(2,5.266666666666667,0.02),(2,5.333333333333333,0.02),(2,5.4,0.02),(2,5.466666666666667,0.02),(2,5.533333333333333,0.02),(2,5.6,0.02),(2,5.666666666666667,0.02),(2,5.733333333333333,0.02),(2,5.8,0.02),(2,5.866666666666666,0.02),(2,5.933333333333334,0.02),(2,6,0.02),(2,6.066666666666666,77.87),(2,6.133333333333334,77.87),(2,6.2,77.87),(2,6.266666666666667,78.95),(2,6.333333333333333,78.95),(2,6.4,78.95),(2,6.466666666666667,78.95),(2,6.533333333333333,77.91),(2,6.6,77.91),(2,6.666666666666667,77.91),(2,6.733333333333333,77.91),(2,6.8,77.67),(2,6.866666666666666,77.67),(2,6.933333333333334,77.67),(2,7,77.67),(2,7.066666666666666,77.79),(2,7.133333333333334,77.79),(2,7.2,77.79),(2,7.266666666666667,78.07),(2,7.333333333333333,78.07),(2,7.4,78.07),(2,7.466666666666667,78.07),(2,7.533333333333333,80.56),(2,7.6,80.56),(2,7.666666666666667,80.56),(2,7.733333333333333,80.56),(2,7.8,88.44),(2,7.866666666666666,88.44),(2,7.933333333333334,88.44),(2,8,88.44),(2,8.066666666666666,78.15),(2,8.133333333333333,78.15),(2,8.2,78.15),(2,8.266666666666667,77.83),(2,8.333333333333334,77.83),(2,8.4,77.83),(2,8.466666666666667,77.83),(2,8.533333333333333,77.87),(2,8.6,77.87),(2,8.666666666666666,77.87),(2,8.733333333333333,77.87),(2,8.8,77.95),(2,8.866666666666667,77.95),(2,8.933333333333334,77.95),(2,9,77.95),(2,9.066666666666666,77.95),(2,9.133333333333333,77.95),(2,9.2,77.95),(2,9.266666666666667,77.91),(2,9.333333333333334,77.91),(2,9.4,77.91),(2,9.466666666666667,77.91),(2,9.533333333333333,78.35),(2,9.6,78.35),(2,9.666666666666666,78.35),(2,9.733333333333333,78.35),(2,9.8,0.02),(2,9.866666666666667,0.02),(2,9.933333333333334,0.02),(2,10,0.02),(2,10.066666666666666,0.02),(2,10.133333333333333,0.02),(2,10.2,0.02),(2,10.266666666666667,0.02),(2,10.333333333333334,0.02),(2,10.4,0.02),(2,10.466666666666667,0.02),(2,10.533333333333333,0.02),(2,10.6,0.02),(2,10.666666666666666,0.02),(2,10.733333333333333,0.02),(2,10.8,0.02),(2,10.866666666666667,0.02),(2,10.933333333333334,0.02),(2,11,0.02),(2,11.066666666666666,0.02),(2,11.133333333333333,0.02),(2,11.2,0.02),(2,11.266666666666667,0.02),(2,11.333333333333334,0.02),(2,11.4,0.02),(2,11.466666666666667,0.02),(2,11.533333333333333,0.02),(2,11.6,0.02),(2,11.666666666666666,0.02),(2,11.733333333333333,0.02),(2,11.8,0.02),(2,11.866666666666667,0.02),(2,11.933333333333334,0.02),(2,12,0.02),(2,12.066666666666666,0.02),(2,12.133333333333333,0.02),(2,12.2,0.02),(2,12.266666666666667,0.02),(2,12.333333333333334,0.02),(2,12.4,0.02),(2,12.466666666666667,0.02),(2,12.533333333333333,0.02),(2,12.6,0.02),(2,12.666666666666666,0.02),(2,12.733333333333333,0.02),(2,12.8,72),(2,12.866666666666667,72),(2,12.933333333333334,72),(2,13,72),(2,13.066666666666666,74.77),(2,13.133333333333333,74.77),(2,13.2,74.77),(2,13.266666666666667,107.82),(2,13.333333333333334,107.82),(2,13.4,107.82),(2,13.466666666666667,107.82),(2,13.533333333333333,99.7),(2,13.6,99.7),(2,13.666666666666666,99.7),(2,13.733333333333333,99.7),(2,13.8,70.95),(2,13.866666666666667,70.95),(2,13.933333333333334,70.95),(2,14,70.95),(2,14.066666666666666,70.79),(2,14.133333333333333,70.79),(2,14.2,70.79),(2,14.266666666666667,70.95),(2,14.333333333333334,70.95),(2,14.4,70.95),(2,14.466666666666667,70.95),(2,14.533333333333333,71.76),(2,14.6,71.76),(2,14.666666666666666,71.76),(2,14.733333333333333,71.76),(2,14.8,70.47),(2,14.866666666666667,70.47),(2,14.933333333333334,70.47),(2,15,70.47),(2,15.066666666666666,71.76),(2,15.133333333333333,71.76),(2,15.2,71.76),(2,15.266666666666667,71.19),(2,15.333333333333334,71.19),(2,15.4,71.19),(2,15.466666666666667,71.19),(2,15.533333333333333,70.99),(2,15.6,70.99),(2,15.666666666666666,70.99),(2,15.733333333333333,70.99),(2,15.8,70.91),(2,15.866666666666667,70.91),(2,15.933333333333334,70.91),(2,16,70.91),(2,16.066666666666666,71.07),(2,16.133333333333333,71.07),(2,16.2,71.07),(2,16.266666666666666,71.15),(2,16.333333333333332,71.15),(2,16.4,71.15),(2,16.466666666666665,71.15),(2,16.533333333333335,71.11),(2,16.6,71.11),(2,16.666666666666668,71.11),(2,16.733333333333334,71.11),(2,16.8,26.17),(2,16.866666666666667,26.17),(2,16.933333333333334,26.17),(2,17,26.17),(2,17.066666666666666,0.02),(2,17.133333333333333,0.02),(2,17.2,0.02),(2,17.266666666666666,0.02),(2,17.333333333333332,0.02),(2,17.4,0.02),(2,17.466666666666665,0.02),(2,17.533333333333335,0.02),(2,17.6,0.02),(2,17.666666666666668,0.02),(2,17.733333333333334,0.02),(2,17.8,0.02),(2,17.866666666666667,0.02),(2,17.933333333333334,0.02),(2,18,0.02),(2,18.066666666666666,0.02),(2,18.133333333333333,0.02),(2,18.2,0.02),(2,18.266666666666666,0.02),(2,18.333333333333332,0.02),(2,18.4,0.02),(2,18.466666666666665,0.02),(2,18.533333333333335,0.02),(2,18.6,0.02),(2,18.666666666666668,0.02),(2,18.733333333333334,0.02),(2,18.8,0.02),(2,18.866666666666667,0.02),(2,18.933333333333334,0.02),(2,19,0.02),(2,19.066666666666666,4.66),(2,19.133333333333333,4.66),(2,19.2,4.66),(2,19.266666666666666,4.34),(2,19.333333333333332,4.34),(2,19.4,4.34),(2,19.466666666666665,4.34),(2,19.533333333333335,4.06),(2,19.6,4.06),(2,19.666666666666668,4.06),(2,19.733333333333334,4.06),(2,19.8,4.3),(2,19.866666666666667,4.3),(2,19.933333333333334,4.3),(2,20,4.3),(2,20.066666666666666,4.1),(2,20.133333333333333,4.1),(2,20.2,4.1),(2,20.266666666666666,4.1),(2,20.333333333333332,4.1),(2,20.4,4.1),(2,20.466666666666665,4.1),(2,20.533333333333335,4.06),(2,20.6,4.06),(2,20.666666666666668,4.06),(2,20.733333333333334,4.06),(2,20.8,4.02),(2,20.866666666666667,4.02),(2,20.933333333333334,4.02),(2,21,4.02),(2,21.066666666666666,4.94),(2,21.133333333333333,4.94),(2,21.2,4.94),(2,21.266666666666666,5.19),(2,21.333333333333332,5.19),(2,21.4,5.19),(2,21.466666666666665,5.19),(2,21.533333333333335,4.14),(2,21.6,4.14),(2,21.666666666666668,4.14),(2,21.733333333333334,4.14),(2,21.8,3.98),(2,21.866666666666667,3.98),(2,21.933333333333334,3.98),(2,22,3.98),(2,22.066666666666666,0.02),(2,22.133333333333333,0.02),(2,22.2,0.02),(2,22.266666666666666,0.02),(2,22.333333333333332,0.02),(2,22.4,0.02),(2,22.466666666666665,0.02),(2,22.533333333333335,0.02),(2,22.6,0.02),(2,22.666666666666668,0.02),(2,22.733333333333334,0.02),(2,22.8,0.02),(2,22.866666666666667,0.02),(2,22.933333333333334,0.02),(2,23,0.02),(2,23.066666666666666,0.02),(2,23.133333333333333,0.02),(2,23.2,0.02),(2,23.266666666666666,0.02),(2,23.333333333333332,0.02),(2,23.4,0.02),(2,23.466666666666665,0.02),(2,23.533333333333335,0.02),(2,23.6,0.02),(2,23.666666666666668,0.02),(2,23.733333333333334,0.02),(2,23.8,0.02),(2,23.866666666666667,0.02),(2,23.933333333333334,0.02),(2,24,0.02),(2,24.066666666666666,70.91),(2,24.133333333333333,70.91),(2,24.2,70.91),(2,24.266666666666666,70.63),(2,24.333333333333332,70.63),(2,24.4,70.63),(2,24.466666666666665,70.63),(2,24.533333333333335,70.63),(2,24.6,70.63),(2,24.666666666666668,70.63),(2,24.733333333333334,70.63),(2,24.8,0.02),(2,24.866666666666667,0.02),(2,24.933333333333334,0.02),(2,25,0.02),(2,25.066666666666666,0.02),(2,25.133333333333333,0.02),(2,25.2,0.02),(2,25.266666666666666,0.02),(2,25.333333333333332,0.02),(2,25.4,0.02),(2,25.466666666666665,0.02),(2,25.533333333333335,0.02),(2,25.6,0.02),(2,25.666666666666668,0.02),(2,25.733333333333334,0.02),(2,25.8,0.02),(2,25.866666666666667,0.02),(2,25.933333333333334,0.02),(2,26,0.02),(2,26.066666666666666,0.02),(2,26.133333333333333,0.02),(2,26.2,0.02),(2,26.266666666666666,0.02),(2,26.333333333333332,0.02),(2,26.4,0.02),(2,26.466666666666665,0.02),(2,26.533333333333335,0.02),(2,26.6,0.02),(2,26.666666666666668,0.02),(2,26.733333333333334,0.02),(2,26.8,0.02),(2,26.866666666666667,0.02),(2,26.933333333333334,0.02),(2,27,0.02),(2,27.066666666666666,0.02),(2,27.133333333333333,0.02),(2,27.2,0.02),(2,27.266666666666666,0.02),(2,27.333333333333332,0.02),(2,27.4,0.02),(2,27.466666666666665,0.02),(2,27.533333333333335,0.02),(2,27.6,0.02),(2,27.666666666666668,0.02),(2,27.733333333333334,0.02),(2,27.8,0.02),(2,27.866666666666667,0.02),(2,27.933333333333334,0.02),(2,28,0.02),(2,28.066666666666666,70.63),(2,28.133333333333333,70.63),(2,28.2,70.63),(2,28.266666666666666,70.23),(2,28.333333333333332,70.23),(2,28.4,70.23),(2,28.466666666666665,70.23),(2,28.533333333333335,70.43),(2,28.6,70.43),(2,28.666666666666668,70.43),(2,28.733333333333334,70.43),(2,28.8,70.55),(2,28.866666666666667,70.55),(2,28.933333333333334,70.55),(2,29,70.55),(2,29.066666666666666,70.51),(2,29.133333333333333,70.51),(2,29.2,70.51),(2,29.266666666666666,70.71),(2,29.333333333333332,70.71),(2,29.4,70.71),(2,29.466666666666665,70.71),(2,29.533333333333335,70.71),(2,29.6,70.71),(2,29.666666666666668,70.71),(2,29.733333333333334,70.71),(2,29.8,70.87),(2,29.866666666666667,70.87),(2,29.933333333333334,70.87),(2,30,70.87),(2,30.066666666666666,70.31),(2,30.133333333333333,70.31),(2,30.2,70.31),(2,30.266666666666666,70.47),(2,30.333333333333332,70.47),(2,30.4,70.47),(2,30.466666666666665,70.47),(2,30.533333333333335,70.39),(2,30.6,70.39),(2,30.666666666666668,70.39),(2,30.733333333333334,70.39),(2,30.8,71.11),(2,30.866666666666667,71.11),(2,30.933333333333334,71.11),(2,31,71.11),(2,31.066666666666666,71.31),(2,31.133333333333333,71.31),(2,31.2,71.31),(2,31.266666666666666,71.72),(2,31.333333333333332,71.72),(2,31.4,71.72),(2,31.466666666666665,71.72),(2,31.533333333333335,71.68),(2,31.6,71.68),(2,31.666666666666668,71.68),(2,31.733333333333334,71.68),(2,31.8,71.11),(2,31.866666666666667,71.11),(2,31.933333333333334,71.11),(2,32,71.11),(2,32.06666666666667,71.07),(2,32.13333333333333,71.07),(2,32.2,71.07),(2,32.266666666666666,70.95),(2,32.333333333333336,70.95),(2,32.4,70.95),(2,32.46666666666667,70.95),(2,32.53333333333333,70.63),(2,32.6,70.63),(2,32.666666666666664,70.63),(2,32.733333333333334,70.63),(2,32.8,0.02),(2,32.86666666666667,0.02),(2,32.93333333333333,0.02),(2,33,0.02),(2,33.06666666666667,0.02),(2,33.13333333333333,0.02),(2,33.2,0.02),(2,33.266666666666666,0.02),(2,33.333333333333336,0.02),(2,33.4,0.02),(2,33.46666666666667,0.02),(2,33.53333333333333,0.02),(2,33.6,0.02),(2,33.666666666666664,0.02),(2,33.733333333333334,0.02),(2,33.8,0.02),(2,33.86666666666667,0.02),(2,33.93333333333333,0.02),(2,34,0.02),(2,34.06666666666667,0.02),(2,34.13333333333333,0.02),(2,34.2,0.02),(2,34.266666666666666,0.02),(2,34.333333333333336,0.02),(2,34.4,0.02),(2,34.46666666666667,0.02),(2,34.53333333333333,0.02),(2,34.6,0.02),(2,34.666666666666664,0.02),(2,34.733333333333334,0.02),(2,34.8,71.52),(2,34.86666666666667,71.52),(2,34.93333333333333,71.52),(2,35,71.52),(2,35.06666666666667,71.31),(2,35.13333333333333,71.31),(2,35.2,71.31),(2,35.266666666666666,70.75),(2,35.333333333333336,70.75),(2,35.4,70.75),(2,35.46666666666667,70.75),(2,35.53333333333333,70.83),(2,35.6,70.83),(2,35.666666666666664,70.83),(2,35.733333333333334,70.83),(2,35.8,71.07),(2,35.86666666666667,71.07),(2,35.93333333333333,71.07),(2,36,71.07),(2,36.06666666666667,70.83),(2,36.13333333333333,70.83),(2,36.2,70.83),(2,36.266666666666666,72.16),(2,36.333333333333336,72.16),(2,36.4,72.16),(2,36.46666666666667,72.16),(2,36.53333333333333,71.72),(2,36.6,71.72),(2,36.666666666666664,71.72),(2,36.733333333333334,71.72),(2,36.8,70.91),(2,36.86666666666667,70.91),(2,36.93333333333333,70.91),(2,37,70.91),(2,37.06666666666667,71.8),(2,37.13333333333333,71.8),(2,37.2,71.8),(2,37.266666666666666,71.76),(2,37.333333333333336,71.76),(2,37.4,71.76),(2,37.46666666666667,71.76),(2,37.53333333333333,70.91),(2,37.6,70.91),(2,37.666666666666664,70.91),(2,37.733333333333334,70.91),(2,37.8,0.02),(2,37.86666666666667,0.02),(2,37.93333333333333,0.02),(2,38,0.02),(2,38.06666666666667,0.02),(2,38.13333333333333,0.02),(2,38.2,0.02),(2,38.266666666666666,0.02),(2,38.333333333333336,0.02),(2,38.4,0.02),(2,38.46666666666667,0.02),(2,38.53333333333333,0.02),(2,38.6,0.02),(2,38.666666666666664,0.02),(2,38.733333333333334,0.02),(2,38.8,0.02),(2,38.86666666666667,0.02),(2,38.93333333333333,0.02),(2,39,0.02),(2,39.06666666666667,0.02),(2,39.13333333333333,0.02),(2,39.2,0.02),(2,39.266666666666666,0.02),(2,39.333333333333336,0.02),(2,39.4,0.02),(2,39.46666666666667,0.02),(2,39.53333333333333,0.02),(2,39.6,0.02),(2,39.666666666666664,0.02),(2,39.733333333333334,0.02),(2,39.8,0.02),(2,39.86666666666667,0.02),(2,39.93333333333333,0.02),(2,40,0.02),(2,40.06666666666667,0.02),(2,40.13333333333333,0.02),(2,40.2,0.02),(2,40.266666666666666,0.02),(2,40.333333333333336,0.02),(2,40.4,0.02),(2,40.46666666666667,0.02),(2,40.53333333333333,0.02),(2,40.6,0.02),(2,40.666666666666664,0.02),(2,40.733333333333334,0.02),(2,40.8,0.02),(2,40.86666666666667,0.02),(2,40.93333333333333,0.02),(2,41,0.02),(2,41.06666666666667,0.02),(2,41.13333333333333,0.02),(2,41.2,0.02),(2,41.266666666666666,0.02),(2,41.333333333333336,0.02),(2,41.4,0.02),(2,41.46666666666667,0.02),(2,41.53333333333333,0.02),(2,41.6,0.02),(2,41.666666666666664,0.02),(2,41.733333333333334,0.02),(2,41.8,0.02),(2,41.86666666666667,0.02),(2,41.93333333333333,0.02),(2,42,0.02),(2,42.06666666666667,70.51),(2,42.13333333333333,70.51),(2,42.2,70.51),(2,42.266666666666666,70.79),(2,42.333333333333336,70.79),(2,42.4,70.79),(2,42.46666666666667,70.79),(2,42.53333333333333,70.55),(2,42.6,70.55),(2,42.666666666666664,70.55),(2,42.733333333333334,70.55),(2,42.8,70.63),(2,42.86666666666667,70.63),(2,42.93333333333333,70.63),(2,43,70.63),(2,43.06666666666667,70.75),(2,43.13333333333333,70.75),(2,43.2,70.75),(2,43.266666666666666,71.07),(2,43.333333333333336,71.07),(2,43.4,71.07),(2,43.46666666666667,71.07),(2,43.53333333333333,70.67),(2,43.6,70.67),(2,43.666666666666664,70.67),(2,43.733333333333334,70.67),(2,43.8,70.31),(2,43.86666666666667,70.31),(2,43.93333333333333,70.31),(2,44,70.31),(2,44.06666666666667,70.63),(2,44.13333333333333,70.63),(2,44.2,70.63),(2,44.266666666666666,70.55),(2,44.333333333333336,70.55),(2,44.4,70.55),(2,44.46666666666667,70.55),(2,44.53333333333333,70.47),(2,44.6,70.47),(2,44.666666666666664,70.47),(2,44.733333333333334,70.47),(2,44.8,70.35),(2,44.86666666666667,70.35),(2,44.93333333333333,70.35),(2,45,70.35),(2,45.06666666666667,70.47),(2,45.13333333333333,70.47),(2,45.2,70.47),(2,45.266666666666666,70.67),(2,45.333333333333336,70.67),(2,45.4,70.67),(2,45.46666666666667,70.67),(2,45.53333333333333,70.59),(2,45.6,70.59),(2,45.666666666666664,70.59),(2,45.733333333333334,70.59),(2,45.8,71.19),(2,45.86666666666667,71.19),(2,45.93333333333333,71.19),(2,46,71.19),(2,46.06666666666667,70.59),(2,46.13333333333333,70.59),(2,46.2,70.59),(2,46.266666666666666,0.02),(2,46.333333333333336,0.02),(2,46.4,0.02),(2,46.46666666666667,0.02),(2,46.53333333333333,0.02),(2,46.6,0.02),(2,46.666666666666664,0.02),(2,46.733333333333334,0.02),(2,46.8,0.02),(2,46.86666666666667,0.02),(2,46.93333333333333,0.02),(2,47,0.02),(2,47.06666666666667,0.02),(2,47.13333333333333,0.02),(2,47.2,0.02),(2,47.266666666666666,0.02),(2,47.333333333333336,0.02),(2,47.4,0.02),(2,47.46666666666667,0.02),(2,47.53333333333333,0.02),(2,47.6,0.02),(2,47.666666666666664,0.02),(2,47.733333333333334,0.02),(2,47.8,0.02),(2,47.86666666666667,0.02),(2,47.93333333333333,0.02),(2,48,0.02),(2,48.06666666666667,0.02),(2,48.13333333333333,0.02),(2,48.2,0.02),(2,48.266666666666666,0.02),(2,48.333333333333336,0.02),(2,48.4,0.02),(2,48.46666666666667,0.02),(2,48.53333333333333,0.02),(2,48.6,0.02),(2,48.666666666666664,0.02),(2,48.733333333333334,0.02),(2,48.8,0.02),(2,48.86666666666667,0.02),(2,48.93333333333333,0.02),(2,49,0.02),(2,49.06666666666667,0.02),(2,49.13333333333333,0.02),(2,49.2,0.02),(2,49.266666666666666,0.02),(2,49.333333333333336,0.02),(2,49.4,0.02),(2,49.46666666666667,0.02),(2,49.53333333333333,70.47),(2,49.6,70.47),(2,49.666666666666664,70.47),(2,49.733333333333334,70.47),(2,49.8,70.55),(2,49.86666666666667,70.55),(2,49.93333333333333,70.55),(2,50,70.55),(2,50.06666666666667,70.43),(2,50.13333333333333,70.43),(2,50.2,70.43),(2,50.266666666666666,70.71),(2,50.333333333333336,70.71),(2,50.4,70.71),(2,50.46666666666667,70.71),(2,50.53333333333333,71.6),(2,50.6,71.6),(2,50.666666666666664,71.6),(2,50.733333333333334,71.6),(2,50.8,72.2),(2,50.86666666666667,72.2),(2,50.93333333333333,72.2),(2,51,72.2),(2,51.06666666666667,71.88),(2,51.13333333333333,71.88),(2,51.2,71.88),(2,51.266666666666666,71.4),(2,51.333333333333336,71.4),(2,51.4,71.4),(2,51.46666666666667,71.4),(2,51.53333333333333,70.39),(2,51.6,70.39),(2,51.666666666666664,70.39),(2,51.733333333333334,70.39),(2,51.8,70.51),(2,51.86666666666667,70.51),(2,51.93333333333333,70.51),(2,52,70.51),(2,52.06666666666667,70.51),(2,52.13333333333333,70.51),(2,52.2,70.51),(2,52.266666666666666,70.83),(2,52.333333333333336,70.83),(2,52.4,70.83),(2,52.46666666666667,70.83),(2,52.53333333333333,70.75),(2,52.6,70.75),(2,52.666666666666664,70.75),(2,52.733333333333334,70.75),(2,52.8,70.75),(2,52.86666666666667,70.75),(2,52.93333333333333,70.75),(2,53,70.75),(2,53.06666666666667,70.91),(2,53.13333333333333,70.91),(2,53.2,70.91),(2,53.266666666666666,70.99),(2,53.333333333333336,70.99),(2,53.4,70.99),(2,53.46666666666667,70.99),(2,53.53333333333333,70.79),(2,53.6,70.79),(2,53.666666666666664,70.79),(2,53.733333333333334,70.79),(2,53.8,70.67),(2,53.86666666666667,70.67),(2,53.93333333333333,70.67),(2,54,70.67),(2,54.06666666666667,70.83),(2,54.13333333333333,70.83),(2,54.2,70.83),(2,54.266666666666666,71.4),(2,54.333333333333336,71.4),(2,54.4,71.4),(2,54.46666666666667,71.4),(2,54.53333333333333,72.04),(2,54.6,72.04),(2,54.666666666666664,72.04),(2,54.733333333333334,72.04),(2,54.8,72.2),(2,54.86666666666667,72.2),(2,54.93333333333333,72.2),(2,55,72.2),(2,55.06666666666667,72.2),(2,55.13333333333333,72.2),(2,55.2,72.2),(2,55.266666666666666,71.64),(2,55.333333333333336,71.64),(2,55.4,71.64),(2,55.46666666666667,71.64),(2,55.53333333333333,0.02),(2,55.6,0.02),(2,55.666666666666664,0.02),(2,55.733333333333334,0.02),(2,55.8,0.02),(2,55.86666666666667,0.02),(2,55.93333333333333,0.02),(2,56,0.02),(2,56.06666666666667,0.02),(2,56.13333333333333,0.02),(2,56.2,0.02),(2,56.266666666666666,0.02),(2,56.333333333333336,0.02),(2,56.4,0.02),(2,56.46666666666667,0.02),(2,56.53333333333333,0.02),(2,56.6,0.02),(2,56.666666666666664,0.02),(2,56.733333333333334,0.02),(2,56.8,0.02),(2,56.86666666666667,0.02),(2,56.93333333333333,0.02),(2,57,0.02),(2,57.06666666666667,0.02),(2,57.13333333333333,0.02),(2,57.2,0.02),(2,57.266666666666666,0.02),(2,57.333333333333336,0.02),(2,57.4,0.02),(2,57.46666666666667,0.02),(2,57.53333333333333,70.95),(2,57.6,70.95),(2,57.666666666666664,70.95),(2,57.733333333333334,70.95),(2,57.8,70.99),(2,57.86666666666667,70.99),(2,57.93333333333333,70.99),(2,58,70.99),(2,58.06666666666667,70.75),(2,58.13333333333333,70.75),(2,58.2,70.75),(2,58.266666666666666,71.36),(2,58.333333333333336,71.36),(2,58.4,71.36),(2,58.46666666666667,71.36),(2,58.53333333333333,70.63),(2,58.6,70.63),(2,58.666666666666664,70.63),(2,58.733333333333334,70.63),(2,58.8,70.91),(2,58.86666666666667,70.91),(2,58.93333333333333,70.91),(2,59,70.91),(2,59.06666666666667,70.87),(2,59.13333333333333,70.87),(2,59.2,70.87),(2,59.266666666666666,70.55),(2,59.333333333333336,70.55),(2,59.4,70.55),(2,59.46666666666667,70.55),(2,59.53333333333333,70.83),(2,59.6,70.83),(2,59.666666666666664,70.83),(2,59.733333333333334,70.83),(2,59.8,71.88),(2,59.86666666666667,71.88),(2,59.93333333333333,71.88),(2,60,71.88),(2,60.06666666666667,71.88),(2,60.13333333333333,71.88),(2,60.2,71.88),(2,60.266666666666666,0.02),(2,60.333333333333336,0.02),(2,60.4,0.02),(2,60.46666666666667,0.02),(2,60.53333333333333,0.02),(2,60.6,0.02),(2,60.666666666666664,0.02),(2,60.733333333333334,0.02),(2,60.8,0.02),(2,60.86666666666667,0.02),(2,60.93333333333333,0.02),(2,61,0.02),(2,61.06666666666667,0.02),(2,61.13333333333333,0.02),(2,61.2,0.02),(2,61.266666666666666,0.02),(2,61.333333333333336,0.02),(2,61.4,0.02),(2,61.46666666666667,0.02),(2,61.53333333333333,0.02),(2,61.6,0.02),(2,61.666666666666664,0.02),(2,61.733333333333334,0.02),(2,61.8,0.02),(2,61.86666666666667,0.02),(2,61.93333333333333,0.02),(2,62,0.02),(2,62.06666666666667,0.02),(2,62.13333333333333,0.02),(2,62.2,0.02),(2,62.266666666666666,0.02),(2,62.333333333333336,0.02),(2,62.4,0.02),(2,62.46666666666667,0.02),(2,62.53333333333333,0.02),(2,62.6,0.02),(2,62.666666666666664,0.02),(2,62.733333333333334,0.02),(2,62.8,0.02),(2,62.86666666666667,0.02),(2,62.93333333333333,0.02),(2,63,0.02),(2,63.06666666666667,0.02),(2,63.13333333333333,0.02),(2,63.2,0.02),(2,63.266666666666666,0.02),(2,63.333333333333336,0.02),(2,63.4,0.02),(2,63.46666666666667,0.02),(2,63.53333333333333,0.02),(2,63.6,0.02),(2,63.666666666666664,0.02),(2,63.733333333333334,0.02),(2,63.8,4.5),(2,63.86666666666667,4.5),(2,63.93333333333333,4.5),(2,64,4.5),(2,64.06666666666666,4.66),(2,64.13333333333334,4.66),(2,64.2,4.66),(2,64.26666666666667,4.42),(2,64.33333333333333,4.42),(2,64.4,4.42),(2,64.46666666666667,4.42),(2,64.53333333333333,4.46),(2,64.6,4.46),(2,64.66666666666667,4.46),(2,64.73333333333333,4.46),(2,64.8,4.26),(2,64.86666666666666,4.26),(2,64.93333333333334,4.26),(2,65,4.26),(2,65.06666666666666,5.31),(2,65.13333333333334,5.31),(2,65.2,5.31),(2,65.26666666666667,4.5),(2,65.33333333333333,4.5),(2,65.4,4.5),(2,65.46666666666667,4.5),(2,65.53333333333333,4.34),(2,65.6,4.34),(2,65.66666666666667,4.34),(2,65.73333333333333,4.34),(2,65.8,4.3),(2,65.86666666666666,4.3),(2,65.93333333333334,4.3),(2,66,4.3),(2,66.06666666666666,4.26),(2,66.13333333333334,4.26),(2,66.2,4.26),(2,66.26666666666667,5.07),(2,66.33333333333333,5.07),(2,66.4,5.07),(2,66.46666666666667,5.07),(2,66.53333333333333,5.43),(2,66.6,5.43),(2,66.66666666666667,5.43),(2,66.73333333333333,5.43),(2,66.8,4.98),(2,66.86666666666666,4.98),(2,66.93333333333334,4.98),(2,67,4.98),(2,67.06666666666666,6.83),(2,67.13333333333334,6.83),(2,67.2,6.83),(2,67.26666666666667,52.1),(2,67.33333333333333,52.1),(2,67.4,52.1),(2,67.46666666666667,52.1),(2,67.53333333333333,0.02),(2,67.6,0.02),(2,67.66666666666667,0.02),(2,67.73333333333333,0.02),(2,67.8,0.02),(2,67.86666666666666,0.02),(2,67.93333333333334,0.02),(2,68,0.02),(2,68.06666666666666,0.02),(2,68.13333333333334,0.02),(2,68.2,0.02),(2,68.26666666666667,0.02),(2,68.33333333333333,0.02),(2,68.4,0.02),(2,68.46666666666667,0.02),(2,68.53333333333333,0.02),(2,68.6,0.02),(2,68.66666666666667,0.02),(2,68.73333333333333,0.02),(2,68.8,0.02),(2,68.86666666666666,0.02),(2,68.93333333333334,0.02),(2,69,0.02),(2,69.06666666666666,0.02),(2,69.13333333333334,0.02),(2,69.2,0.02),(2,69.26666666666667,0.02),(2,69.33333333333333,0.02),(2,69.4,0.02),(2,69.46666666666667,0.02),(2,69.53333333333333,71.03),(2,69.6,71.03),(2,69.66666666666667,71.03),(2,69.73333333333333,71.03),(2,69.8,70.99),(2,69.86666666666666,70.99),(2,69.93333333333334,70.99),(2,70,70.99),(2,70.06666666666666,70.55),(2,70.13333333333334,70.55),(2,70.2,70.55),(2,70.26666666666667,70.67),(2,70.33333333333333,70.67),(2,70.4,70.67),(2,70.46666666666667,70.67),(2,70.53333333333333,70.63),(2,70.6,70.63),(2,70.66666666666667,70.63),(2,70.73333333333333,70.63),(2,70.8,70.79),(2,70.86666666666666,70.79),(2,70.93333333333334,70.79),(2,71,70.79),(2,71.06666666666666,70.95),(2,71.13333333333334,70.95),(2,71.2,70.95),(2,71.26666666666667,70.59),(2,71.33333333333333,70.59),(2,71.4,70.59),(2,71.46666666666667,70.59),(2,71.53333333333333,70.87),(2,71.6,70.87),(2,71.66666666666667,70.87),(2,71.73333333333333,70.87),(2,71.8,70.43),(2,71.86666666666666,70.43),(2,71.93333333333334,70.43),(2,72,70.43),(2,72.06666666666666,72.12),(2,72.13333333333334,72.12),(2,72.2,72.12),(2,72.26666666666667,71.11),(2,72.33333333333333,71.11),(2,72.4,71.11),(2,72.46666666666667,71.11),(2,72.53333333333333,71.31),(2,72.6,71.31),(2,72.66666666666667,71.31),(2,72.73333333333333,71.31),(2,72.8,71.19),(2,72.86666666666666,71.19),(2,72.93333333333334,71.19),(2,73,71.19),(2,73.06666666666666,71.36),(2,73.13333333333334,71.36),(2,73.2,71.36),(2,73.26666666666667,71.15),(2,73.33333333333333,71.15),(2,73.4,71.15),(2,73.46666666666667,71.15),(2,73.53333333333333,71.31),(2,73.6,71.31),(2,73.66666666666667,71.31),(2,73.73333333333333,71.31),(2,73.8,71.19),(2,73.86666666666666,71.19),(2,73.93333333333334,71.19),(2,74,71.19),(2,74.06666666666666,71.23),(2,74.13333333333334,71.23),(2,74.2,71.23),(2,74.26666666666667,71.68),(2,74.33333333333333,71.68),(2,74.4,71.68),(2,74.46666666666667,71.68),(2,74.53333333333333,71.07),(2,74.6,71.07),(2,74.66666666666667,71.07),(2,74.73333333333333,71.07),(2,74.8,71.4),(2,74.86666666666666,71.4),(2,74.93333333333334,71.4),(2,75,71.4),(2,75.06666666666666,71.27),(2,75.13333333333334,71.27),(2,75.2,71.27),(2,75.26666666666667,71.36),(2,75.33333333333333,71.36),(2,75.4,71.36),(2,75.46666666666667,71.36),(2,75.53333333333333,70.99),(2,75.6,70.99),(2,75.66666666666667,70.99),(2,75.73333333333333,70.99),(2,75.8,72.32),(2,75.86666666666666,72.32),(2,75.93333333333334,72.32),(2,76,72.32),(2,76.06666666666666,72.36),(2,76.13333333333334,72.36),(2,76.2,72.36),(2,76.26666666666667,72.56),(2,76.33333333333333,72.56),(2,76.4,72.56),(2,76.46666666666667,72.56),(2,76.53333333333333,72.32),(2,76.6,72.32),(2,76.66666666666667,72.32),(2,76.73333333333333,72.32),(2,76.8,72.2),(2,76.86666666666666,72.2),(2,76.93333333333334,72.2),(2,77,72.2),(2,77.06666666666666,72.32),(2,77.13333333333334,72.32),(2,77.2,72.32),(2,77.26666666666667,72.56),(2,77.33333333333333,72.56),(2,77.4,72.56),(2,77.46666666666667,72.56),(2,77.53333333333333,72.24),(2,77.6,72.24),(2,77.66666666666667,72.24),(2,77.73333333333333,72.24),(2,77.8,71.84),(2,77.86666666666666,71.84),(2,77.93333333333334,71.84),(2,78,71.84),(2,78.06666666666666,71.19),(2,78.13333333333334,71.19),(2,78.2,71.19),(2,78.26666666666667,71.07),(2,78.33333333333333,71.07),(2,78.4,71.07),(2,78.46666666666667,71.07),(2,78.53333333333333,71.03),(2,78.6,71.03),(2,78.66666666666667,71.03),(2,78.73333333333333,71.03),(2,78.8,70.99),(2,78.86666666666666,70.99),(2,78.93333333333334,70.99),(2,79,70.99),(2,79.06666666666666,71.52),(2,79.13333333333334,71.52),(2,79.2,71.52),(2,79.26666666666667,71.19),(2,79.33333333333333,71.19),(2,79.4,71.19),(2,79.46666666666667,71.19),(2,79.53333333333333,74.57),(2,79.6,74.57),(2,79.66666666666667,74.57),(2,79.73333333333333,74.57),(2,79.8,75.05),(2,79.86666666666666,75.05),(2,79.93333333333334,75.05),(2,80,75.05),(2,80.06666666666666,74.49),(2,80.13333333333334,74.49),(2,80.2,74.49),(2,80.26666666666667,74.45),(2,80.33333333333333,74.45),(2,80.4,74.45),(2,80.46666666666667,74.45),(2,80.53333333333333,75.94),(2,80.6,75.94),(2,80.66666666666667,75.94),(2,80.73333333333333,75.94),(2,80.8,89.32),(2,80.86666666666666,89.32),(2,80.93333333333334,89.32),(2,81,89.32),(2,81.06666666666666,36.86),(2,81.13333333333334,36.86),(2,81.2,36.86),(2,81.26666666666667,0.02),(2,81.33333333333333,0.02),(2,81.4,0.02),(2,81.46666666666667,0.02),(2,81.53333333333333,0.02),(2,81.6,0.02),(2,81.66666666666667,0.02),(2,81.73333333333333,0.02),(2,81.8,0.02),(2,81.86666666666666,0.02),(2,81.93333333333334,0.02),(2,82,0.02),(2,82.06666666666666,0.02),(2,82.13333333333334,0.02),(2,82.2,0.02),(2,82.26666666666667,0.02),(2,82.33333333333333,0.02),(2,82.4,0.02),(2,82.46666666666667,0.02),(2,82.53333333333333,0.02),(2,82.6,0.02),(2,82.66666666666667,0.02),(2,82.73333333333333,0.02),(2,82.8,0.02),(2,82.86666666666666,0.02),(2,82.93333333333334,0.02),(2,83,0.02),(2,83.06666666666666,0.02),(2,83.13333333333334,0.02),(2,83.2,0.02),(2,83.26666666666667,0.02),(2,83.33333333333333,0.02),(2,83.4,0.02),(2,83.46666666666667,0.02),(2,83.53333333333333,0.02),(2,83.6,0.02),(2,83.66666666666667,0.02),(2,83.73333333333333,0.02),(2,83.8,0.02),(2,83.86666666666666,0.02),(2,83.93333333333334,0.02),(2,84,0.02),(2,84.06666666666666,0.02),(2,84.13333333333334,0.02),(2,84.2,0.02),(2,84.26666666666667,0.02),(2,84.33333333333333,0.02),(2,84.4,0.02),(2,84.46666666666667,0.02),(2,84.53333333333333,0.02),(2,84.6,0.02),(2,84.66666666666667,0.02),(2,84.73333333333333,0.02),(2,84.8,0.02),(2,84.86666666666666,0.02),(2,84.93333333333334,0.02),(2,85,0.02),(2,85.06666666666666,0.02),(2,85.13333333333334,0.02),(2,85.2,0.02),(2,85.26666666666667,7.6),(2,85.33333333333333,7.6),(2,85.4,7.6),(2,85.46666666666667,7.6),(2,85.53333333333333,7.32),(2,85.6,7.32),(2,85.66666666666667,7.32),(2,85.73333333333333,7.32),(2,85.8,11.86),(2,85.86666666666666,11.86),(2,85.93333333333334,11.86),(2,86,11.86),(2,86.06666666666666,60.58),(2,86.13333333333334,60.58),(2,86.2,60.58),(2,86.26666666666667,74.61),(2,86.33333333333333,74.61),(2,86.4,74.61),(2,86.46666666666667,74.61),(2,86.53333333333333,73.89),(2,86.6,73.89),(2,86.66666666666667,73.89),(2,86.73333333333333,73.89),(2,86.8,74.21),(2,86.86666666666666,74.21),(2,86.93333333333334,74.21),(2,87,74.21),(2,87.06666666666666,75.17),(2,87.13333333333334,75.17),(2,87.2,75.17),(2,87.26666666666667,74.17),(2,87.33333333333333,74.17),(2,87.4,74.17),(2,87.46666666666667,74.17),(2,87.53333333333333,73.81),(2,87.6,73.81),(2,87.66666666666667,73.81),(2,87.73333333333333,73.81),(2,87.8,73.69),(2,87.86666666666666,73.69),(2,87.93333333333334,73.69),(2,88,73.69),(2,88.06666666666666,74.69),(2,88.13333333333334,74.69),(2,88.2,74.69),(2,88.26666666666667,74.57),(2,88.33333333333333,74.57),(2,88.4,74.57),(2,88.46666666666667,74.57),(2,88.53333333333333,74.13),(2,88.6,74.13),(2,88.66666666666667,74.13),(2,88.73333333333333,74.13),(2,88.8,73.53),(2,88.86666666666666,73.53),(2,88.93333333333334,73.53),(2,89,73.53),(2,89.06666666666666,0.02),(2,89.13333333333334,0.02),(2,89.2,0.02),(2,89.26666666666667,0.02),(2,89.33333333333333,0.02),(2,89.4,0.02),(2,89.46666666666667,0.02),(2,89.53333333333333,0.02),(2,89.6,0.02),(2,89.66666666666667,0.02),(2,89.73333333333333,0.02),(2,89.8,0.02),(2,89.86666666666666,0.02),(2,89.93333333333334,0.02),(2,90,0.02),(2,90.06666666666666,0.02),(2,90.13333333333334,0.02),(2,90.2,0.02),(2,90.26666666666667,0.02),(2,90.33333333333333,0.02),(2,90.4,0.02),(2,90.46666666666667,0.02),(2,90.53333333333333,0.02),(2,90.6,0.02),(2,90.66666666666667,0.02),(2,90.73333333333333,0.02),(2,90.8,0.02),(2,90.86666666666666,0.02),(2,90.93333333333334,0.02),(2,91,0.02),(2,91.06666666666666,0.02),(2,91.13333333333334,0.02),(2,91.2,0.02),(2,91.26666666666667,73.2),(2,91.33333333333333,73.2),(2,91.4,73.2),(2,91.46666666666667,73.2),(2,91.53333333333333,72.96),(2,91.6,72.96),(2,91.66666666666667,72.96),(2,91.73333333333333,72.96),(2,91.8,73.16),(2,91.86666666666666,73.16),(2,91.93333333333334,73.16),(2,92,73.16),(2,92.06666666666666,72.88),(2,92.13333333333334,72.88),(2,92.2,72.88),(2,92.26666666666667,73.89),(2,92.33333333333333,73.89),(2,92.4,73.89),(2,92.46666666666667,73.89),(2,92.53333333333333,73.89),(2,92.6,73.89),(2,92.66666666666667,73.89),(2,92.73333333333333,73.89),(2,92.8,74.53),(2,92.86666666666666,74.53),(2,92.93333333333334,74.53),(2,93,74.53),(2,93.06666666666666,73.97),(2,93.13333333333334,73.97),(2,93.2,73.97),(2,93.26666666666667,73.53),(2,93.33333333333333,73.53),(2,93.4,73.53),(2,93.46666666666667,73.53),(2,93.53333333333333,73.36),(2,93.6,73.36),(2,93.66666666666667,73.36),(2,93.73333333333333,73.36),(2,93.8,73.32),(2,93.86666666666666,73.32),(2,93.93333333333334,73.32),(2,94,73.32),(2,94.06666666666666,73.36),(2,94.13333333333334,73.36),(2,94.2,73.36),(2,94.26666666666667,0.02),(2,94.33333333333333,0.02),(2,94.4,0.02),(2,94.46666666666667,0.02),(2,94.53333333333333,0.02),(2,94.6,0.02),(2,94.66666666666667,0.02),(2,94.73333333333333,0.02),(2,94.8,0.02),(2,94.86666666666666,0.02),(2,94.93333333333334,0.02),(2,95,0.02),(2,95.06666666666666,0.02),(2,95.13333333333334,0.02),(2,95.2,0.02),(2,95.26666666666667,0.02),(2,95.33333333333333,0.02),(2,95.4,0.02),(2,95.46666666666667,0.02),(2,95.53333333333333,0.02),(2,95.6,0.02),(2,95.66666666666667,0.02),(2,95.73333333333333,0.02),(2,95.8,0.02),(2,95.86666666666666,0.02),(2,95.93333333333334,0.02),(2,96,0.02),(2,96.06666666666666,0.02),(2,96.13333333333334,0.02),(2,96.2,0.02),(2,96.26666666666667,0.02),(2,96.33333333333333,0.02),(2,96.4,0.02),(2,96.46666666666667,0.02),(2,96.53333333333333,0.02),(2,96.6,0.02),(2,96.66666666666667,0.02),(2,96.73333333333333,0.02),(2,96.8,0.02),(2,96.86666666666666,0.02),(2,96.93333333333334,0.02),(2,97,0.02),(2,97.06666666666666,70.39),(2,97.13333333333334,70.39),(2,97.2,70.39),(2,97.26666666666667,70.63),(2,97.33333333333333,70.63),(2,97.4,70.63),(2,97.46666666666667,70.63),(2,97.53333333333333,70.63),(2,97.6,70.63),(2,97.66666666666667,70.63),(2,97.73333333333333,70.63),(2,97.8,71.19),(2,97.86666666666666,71.19),(2,97.93333333333334,71.19),(2,98,71.19),(2,98.06666666666666,71.68),(2,98.13333333333334,71.68),(2,98.2,71.68),(2,98.26666666666667,71.8),(2,98.33333333333333,71.8),(2,98.4,71.8),(2,98.46666666666667,71.8),(2,98.53333333333333,71.92),(2,98.6,71.92),(2,98.66666666666667,71.92),(2,98.73333333333333,71.92),(2,98.8,71.68),(2,98.86666666666666,71.68),(2,98.93333333333334,71.68),(2,99,71.68),(2,99.06666666666666,71.96),(2,99.13333333333334,71.96),(2,99.2,71.96),(2,99.26666666666667,71.6),(2,99.33333333333333,71.6),(2,99.4,71.6),(2,99.46666666666667,71.6),(2,99.53333333333333,71.8),(2,99.6,71.8),(2,99.66666666666667,71.8),(2,99.73333333333333,71.8),(2,99.8,70.83),(2,99.86666666666666,70.83),(2,99.93333333333334,70.83),(2,100,70.83),(2,100.06666666666666,70.63),(2,100.13333333333334,70.63),(2,100.2,70.63),(2,100.26666666666667,70.39),(2,100.33333333333333,70.39),(2,100.4,70.39),(2,100.46666666666667,70.39),(2,100.53333333333333,70.67),(2,100.6,70.67),(2,100.66666666666667,70.67),(2,100.73333333333333,70.67),(2,100.8,71.11),(2,100.86666666666666,71.11),(2,100.93333333333334,71.11),(2,101,71.11),(2,101.06666666666666,0.02),(2,101.13333333333334,0.02),(2,101.2,0.02),(2,101.26666666666667,0.02),(2,101.33333333333333,0.02),(2,101.4,0.02),(2,101.46666666666667,0.02),(2,101.53333333333333,0.02),(2,101.6,0.02),(2,101.66666666666667,0.02),(2,101.73333333333333,0.02),(2,101.8,0.02),(2,101.86666666666666,0.02),(2,101.93333333333334,0.02),(2,102,0.02),(2,102.06666666666666,0.02),(2,102.13333333333334,0.02),(2,102.2,0.02),(2,102.26666666666667,0.02),(2,102.33333333333333,0.02),(2,102.4,0.02),(2,102.46666666666667,0.02),(2,102.53333333333333,0.02),(2,102.6,0.02),(2,102.66666666666667,0.02),(2,102.73333333333333,0.02),(2,102.8,0.02),(2,102.86666666666666,0.02),(2,102.93333333333334,0.02),(2,103,0.02),(2,103.06666666666666,0.02),(2,103.13333333333334,0.02),(2,103.2,0.02),(2,103.26666666666667,0.02),(2,103.33333333333333,0.02),(2,103.4,0.02),(2,103.46666666666667,0.02),(2,103.53333333333333,0.02),(2,103.6,0.02),(2,103.66666666666667,0.02),(2,103.73333333333333,0.02),(2,103.8,0.02),(2,103.86666666666666,0.02),(2,103.93333333333334,0.02),(2,104,0.02),(2,104.06666666666666,71.48),(2,104.13333333333334,71.48),(2,104.2,71.48),(2,104.26666666666667,0.02),(2,104.33333333333333,0.02),(2,104.4,0.02),(2,104.46666666666667,0.02),(2,104.53333333333333,0.02),(2,104.6,0.02),(2,104.66666666666667,0.02),(2,104.73333333333333,0.02),(2,104.8,73.77),(2,104.86666666666666,73.77),(2,104.93333333333334,73.77),(2,105,73.77),(2,105.06666666666666,72.2),(2,105.13333333333334,72.2),(2,105.2,72.2),(2,105.26666666666667,71.68),(2,105.33333333333333,71.68),(2,105.4,71.68),(2,105.46666666666667,71.68),(2,105.53333333333333,71.88),(2,105.6,71.88),(2,105.66666666666667,71.88),(2,105.73333333333333,71.88),(2,105.8,72),(2,105.86666666666666,72),(2,105.93333333333334,72),(2,106,72),(2,106.06666666666666,71.92),(2,106.13333333333334,71.92),(2,106.2,71.92),(2,106.26666666666667,71.48),(2,106.33333333333333,71.48),(2,106.4,71.48),(2,106.46666666666667,71.48),(2,106.53333333333333,70.67),(2,106.6,70.67),(2,106.66666666666667,70.67),(2,106.73333333333333,70.67),(2,106.8,70.95),(2,106.86666666666666,70.95),(2,106.93333333333334,70.95),(2,107,70.95),(2,107.06666666666666,72.4),(2,107.13333333333334,72.4),(2,107.2,72.4),(2,107.26666666666667,74.49),(2,107.33333333333333,74.49),(2,107.4,74.49),(2,107.46666666666667,74.49),(2,107.53333333333333,0.02),(2,107.6,0.02),(2,107.66666666666667,0.02),(2,107.73333333333333,0.02),(2,107.8,0.02),(2,107.86666666666666,0.02),(2,107.93333333333334,0.02),(2,108,0.02),(2,108.06666666666666,0.02),(2,108.13333333333334,0.02),(2,108.2,0.02),(2,108.26666666666667,0.02),(2,108.33333333333333,0.02),(2,108.4,0.02),(2,108.46666666666667,0.02),(2,108.53333333333333,0.02),(2,108.6,0.02),(2,108.66666666666667,0.02),(2,108.73333333333333,0.02),(2,108.8,0.02),(2,108.86666666666666,0.02),(2,108.93333333333334,0.02),(2,109,0.02),(2,109.06666666666666,0.02),(2,109.13333333333334,0.02),(2,109.2,0.02),(2,109.26666666666667,0.02),(2,109.33333333333333,0.02),(2,109.4,0.02),(2,109.46666666666667,0.02),(2,109.53333333333333,0.02),(2,109.6,0.02),(2,109.66666666666667,0.02),(2,109.73333333333333,0.02),(2,109.8,0.02),(2,109.86666666666666,0.02),(2,109.93333333333334,0.02),(2,110,0.02),(2,110.06666666666666,0.02),(2,110.13333333333334,0.02),(2,110.2,0.02),(2,110.26666666666667,0.02),(2,110.33333333333333,0.02),(2,110.4,0.02),(2,110.46666666666667,0.02),(2,110.53333333333333,0.02),(2,110.6,0.02),(2,110.66666666666667,0.02),(2,110.73333333333333,0.02),(2,110.8,0.02),(2,110.86666666666666,0.02),(2,110.93333333333334,0.02),(2,111,0.02),(2,111.06666666666666,0.02),(2,111.13333333333334,0.02),(2,111.2,0.02),(2,111.26666666666667,71.96),(2,111.33333333333333,71.96),(2,111.4,71.96),(2,111.46666666666667,71.96),(2,111.53333333333333,70.91),(2,111.6,70.91),(2,111.66666666666667,70.91),(2,111.73333333333333,70.91),(2,111.8,70.39),(2,111.86666666666666,70.39),(2,111.93333333333334,70.39),(2,112,70.39),(2,112.06666666666666,70.59),(2,112.13333333333334,70.59),(2,112.2,70.59),(2,112.26666666666667,70.71),(2,112.33333333333333,70.71),(2,112.4,70.71),(2,112.46666666666667,70.71),(2,112.53333333333333,70.23),(2,112.6,70.23),(2,112.66666666666667,70.23),(2,112.73333333333333,70.23),(2,112.8,70.63),(2,112.86666666666666,70.63),(2,112.93333333333334,70.63),(2,113,70.63),(2,113.06666666666666,70.31),(2,113.13333333333334,70.31),(2,113.2,70.31),(2,113.26666666666667,70.75),(2,113.33333333333333,70.75),(2,113.4,70.75),(2,113.46666666666667,70.75),(2,113.53333333333333,70.39),(2,113.6,70.39),(2,113.66666666666667,70.39),(2,113.73333333333333,70.39),(2,113.8,70.39),(2,113.86666666666666,70.39),(2,113.93333333333334,70.39),(2,114,70.39),(2,114.06666666666666,70.35),(2,114.13333333333334,70.35),(2,114.2,70.35),(2,114.26666666666667,0.02),(2,114.33333333333333,0.02),(2,114.4,0.02),(2,114.46666666666667,0.02),(2,114.53333333333333,0.02),(2,114.6,0.02),(2,114.66666666666667,0.02),(2,114.73333333333333,0.02),(2,114.8,0.02),(2,114.86666666666666,0.02),(2,114.93333333333334,0.02),(2,115,0.02),(2,115.06666666666666,0.02),(2,115.13333333333334,0.02),(2,115.2,0.02),(2,115.26666666666667,0.02),(2,115.33333333333333,0.02),(2,115.4,0.02),(2,115.46666666666667,0.02),(2,115.53333333333333,0.02),(2,115.6,0.02),(2,115.66666666666667,0.02),(2,115.73333333333333,0.02),(2,115.8,0.02),(2,115.86666666666666,0.02),(2,115.93333333333334,0.02),(2,116,0.02),(2,116.06666666666666,0.02),(2,116.13333333333334,0.02),(2,116.2,0.02),(2,116.26666666666667,0.02),(2,116.33333333333333,0.02),(2,116.4,0.02),(2,116.46666666666667,0.02),(2,116.53333333333333,0.02),(2,116.6,0.02),(2,116.66666666666667,0.02),(2,116.73333333333333,0.02),(2,116.8,0.02),(2,116.86666666666666,0.02),(2,116.93333333333334,0.02),(2,117,0.02),(2,117.06666666666666,0.02),(2,117.13333333333334,0.02),(2,117.2,0.02),(2,117.26666666666667,0.02),(2,117.33333333333333,0.02),(2,117.4,0.02),(2,117.46666666666667,0.02),(2,117.53333333333333,70.59),(2,117.6,70.59),(2,117.66666666666667,70.59),(2,117.73333333333333,70.59),(2,117.8,69.95),(2,117.86666666666666,69.95),(2,117.93333333333334,69.95),(2,118,69.95),(2,118.06666666666666,71.31),(2,118.13333333333334,71.31),(2,118.2,71.31),(2,118.26666666666667,71.27),(2,118.33333333333333,71.27),(2,118.4,71.27),(2,118.46666666666667,71.27),(2,118.53333333333333,70.59),(2,118.6,70.59),(2,118.66666666666667,70.59),(2,118.73333333333333,70.59),(2,118.8,70.35),(2,118.86666666666666,70.35),(2,118.93333333333334,70.35),(2,119,70.35),(2,119.06666666666666,70.51),(2,119.13333333333334,70.51),(2,119.2,70.51),(2,119.26666666666667,70.31),(2,119.33333333333333,70.31),(2,119.4,70.31),(2,119.46666666666667,70.31),(2,119.53333333333333,70.35),(2,119.6,70.35),(2,119.66666666666667,70.35),(2,119.73333333333333,70.35),(2,119.8,70.31),(2,119.86666666666666,70.31),(2,119.93333333333334,70.31),(2,120,70.31),(2,120.06666666666666,0.02),(2,120.13333333333334,0.02),(2,120.2,0.02),(2,120.26666666666667,0.02),(2,120.33333333333333,0.02),(2,120.4,0.02),(2,120.46666666666667,0.02),(2,120.53333333333333,0.02),(2,120.6,0.02),(2,120.66666666666667,0.02),(2,120.73333333333333,0.02),(2,120.8,0.02),(2,120.86666666666666,0.02),(2,120.93333333333334,0.02),(2,121,0.02),(2,121.06666666666666,0.02),(2,121.13333333333334,0.02),(2,121.2,0.02),(2,121.26666666666667,67.66),(2,121.33333333333333,67.66),(2,121.4,67.66),(2,121.46666666666667,67.66),(2,121.53333333333333,71.03),(2,121.6,71.03),(2,121.66666666666667,71.03),(2,121.73333333333333,71.03),(2,121.8,71.76),(2,121.86666666666666,71.76),(2,121.93333333333334,71.76),(2,122,71.76),(2,122.06666666666666,71.4),(2,122.13333333333334,71.4),(2,122.2,71.4),(2,122.26666666666667,71.4),(2,122.33333333333333,71.4),(2,122.4,71.4),(2,122.46666666666667,71.4),(2,122.53333333333333,72.6),(2,122.6,72.6),(2,122.66666666666667,72.6),(2,122.73333333333333,72.6),(2,122.8,71.6),(2,122.86666666666666,71.6),(2,122.93333333333334,71.6),(2,123,71.6),(2,123.06666666666666,71.19),(2,123.13333333333334,71.19),(2,123.2,71.19),(2,123.26666666666667,71.07),(2,123.33333333333333,71.07),(2,123.4,71.07),(2,123.46666666666667,71.07),(2,123.53333333333333,70.99),(2,123.6,70.99),(2,123.66666666666667,70.99),(2,123.73333333333333,70.99),(2,123.8,70.99),(2,123.86666666666666,70.99),(2,123.93333333333334,70.99),(2,124,70.99),(2,124.06666666666666,70.95),(2,124.13333333333334,70.95),(2,124.2,70.95),(2,124.26666666666667,71.19),(2,124.33333333333333,71.19),(2,124.4,71.19),(2,124.46666666666667,71.19),(2,124.53333333333333,70.83),(2,124.6,70.83),(2,124.66666666666667,70.83),(2,124.73333333333333,70.83),(2,124.8,70.99),(2,124.86666666666666,70.99),(2,124.93333333333334,70.99),(2,125,70.99),(2,125.06666666666666,70.99),(2,125.13333333333334,70.99),(2,125.2,70.99),(2,125.26666666666667,70.99),(2,125.33333333333333,70.99),(2,125.4,70.99),(2,125.46666666666667,70.99),(2,125.53333333333333,71.88),(2,125.6,71.88),(2,125.66666666666667,71.88),(2,125.73333333333333,71.88),(2,125.8,72.24),(2,125.86666666666666,72.24),(2,125.93333333333334,72.24),(2,126,72.24),(2,126.06666666666666,72),(2,126.13333333333334,72),(2,126.2,72),(2,126.26666666666667,70.79),(2,126.33333333333333,70.79),(2,126.4,70.79),(2,126.46666666666667,70.79),(2,126.53333333333333,70.99),(2,126.6,70.99),(2,126.66666666666667,70.99),(2,126.73333333333333,70.99),(2,126.8,0.02),(2,126.86666666666666,0.02),(2,126.93333333333334,0.02),(2,127,0.02),(2,127.06666666666666,0.02),(2,127.13333333333334,0.02),(2,127.2,0.02),(2,127.26666666666667,0.02),(2,127.33333333333333,0.02),(2,127.4,0.02),(2,127.46666666666667,0.02),(2,127.53333333333333,0.02),(2,127.6,0.02),(2,127.66666666666667,0.02),(2,127.73333333333333,0.02),(2,127.8,0.02),(2,127.86666666666666,0.02),(2,127.93333333333334,0.02),(2,128,0.02),(2,128.06666666666666,0.02),(2,128.13333333333333,0.02),(2,128.2,0.02),(2,128.26666666666668,0.02),(2,128.33333333333334,0.02),(2,128.4,0.02),(2,128.46666666666667,0.02),(2,128.53333333333333,0.02),(2,128.6,0.02),(2,128.66666666666666,0.02),(2,128.73333333333332,0.02),(2,128.8,71.15),(2,128.86666666666667,71.15),(2,128.93333333333334,71.15),(2,129,71.15),(2,129.06666666666666,71.07),(2,129.13333333333333,71.07),(2,129.2,71.07),(2,129.26666666666668,75.17),(2,129.33333333333334,75.17),(2,129.4,75.17),(2,129.46666666666667,75.17),(2,129.53333333333333,108.82),(2,129.6,108.82),(2,129.66666666666666,108.82),(2,129.73333333333332,108.82),(2,129.8,115.21),(2,129.86666666666667,115.21),(2,129.93333333333334,115.21),(2,130,115.21),(2,130.06666666666666,115.09),(2,130.13333333333333,115.09),(2,130.2,115.09),(2,130.26666666666668,115.09),(2,130.33333333333334,115.09),(2,130.4,115.09),(2,130.46666666666667,115.09),(2,130.53333333333333,115.01),(2,130.6,115.01),(2,130.66666666666666,115.01),(2,130.73333333333332,115.01),(2,130.8,115.7),(2,130.86666666666667,115.7),(2,130.93333333333334,115.7),(2,131,115.7),(2,131.06666666666666,116.1),(2,131.13333333333333,116.1),(2,131.2,116.1),(2,131.26666666666668,116.1),(2,131.33333333333334,116.1),(2,131.4,116.1),(2,131.46666666666667,116.1),(2,131.53333333333333,115.7),(2,131.6,115.7),(2,131.66666666666666,115.7),(2,131.73333333333332,115.7),(2,131.8,0.02),(2,131.86666666666667,0.02),(2,131.93333333333334,0.02),(2,132,0.02),(2,132.06666666666666,0.02),(2,132.13333333333333,0.02),(2,132.2,0.02),(2,132.26666666666668,0.02),(2,132.33333333333334,0.02),(2,132.4,0.02),(2,132.46666666666667,0.02),(2,132.53333333333333,0.02),(2,132.6,0.02),(2,132.66666666666666,0.02),(2,132.73333333333332,0.02),(2,132.8,0.02),(2,132.86666666666667,0.02),(2,132.93333333333334,0.02),(2,133,0.02),(2,133.06666666666666,0.02),(2,133.13333333333333,0.02),(2,133.2,0.02),(2,133.26666666666668,0.02),(2,133.33333333333334,0.02),(2,133.4,0.02),(2,133.46666666666667,0.02),(2,133.53333333333333,0.02),(2,133.6,0.02),(2,133.66666666666666,0.02),(2,133.73333333333332,0.02),(2,133.8,0.02),(2,133.86666666666667,0.02),(2,133.93333333333334,0.02),(2,134,0.02),(2,134.06666666666666,0.02),(2,134.13333333333333,0.02),(2,134.2,0.02),(2,134.26666666666668,0.02),(2,134.33333333333334,0.02),(2,134.4,0.02),(2,134.46666666666667,0.02),(2,134.53333333333333,0.02),(2,134.6,0.02),(2,134.66666666666666,0.02),(2,134.73333333333332,0.02),(2,134.8,0.02),(2,134.86666666666667,0.02),(2,134.93333333333334,0.02),(2,135,0.02),(2,135.06666666666666,0.02),(2,135.13333333333333,0.02),(2,135.2,0.02),(2,135.26666666666668,0.02),(2,135.33333333333334,0.02),(2,135.4,0.02),(2,135.46666666666667,0.02),(2,135.53333333333333,0.02),(2,135.6,0.02),(2,135.66666666666666,0.02),(2,135.73333333333332,0.02),(2,135.8,115.54),(2,135.86666666666667,115.54),(2,135.93333333333334,115.54),(2,136,115.54),(2,136.06666666666666,114.93),(2,136.13333333333333,114.93),(2,136.2,114.93),(2,136.26666666666668,116.06),(2,136.33333333333334,116.06),(2,136.4,116.06),(2,136.46666666666667,116.06),(2,136.53333333333333,115.25),(2,136.6,115.25),(2,136.66666666666666,115.25),(2,136.73333333333332,115.25),(2,136.8,115.25),(2,136.86666666666667,115.25),(2,136.93333333333334,115.25),(2,137,115.25),(2,137.06666666666666,115.17),(2,137.13333333333333,115.17),(2,137.2,115.17),(2,137.26666666666668,115.33),(2,137.33333333333334,115.33),(2,137.4,115.33),(2,137.46666666666667,115.33),(2,137.53333333333333,115.05),(2,137.6,115.05),(2,137.66666666666666,115.05),(2,137.73333333333332,115.05),(2,137.8,115.01),(2,137.86666666666667,115.01),(2,137.93333333333334,115.01),(2,138,115.01),(2,138.06666666666666,115.05),(2,138.13333333333333,115.05),(2,138.2,115.05),(2,138.26666666666668,115.41),(2,138.33333333333334,115.41),(2,138.4,115.41),(2,138.46666666666667,115.41),(2,138.53333333333333,115.09),(2,138.6,115.09),(2,138.66666666666666,115.09),(2,138.73333333333332,115.09),(2,138.8,115.17),(2,138.86666666666667,115.17),(2,138.93333333333334,115.17),(2,139,115.17),(2,139.06666666666666,115.25),(2,139.13333333333333,115.25),(2,139.2,115.25),(2,139.26666666666668,115.29),(2,139.33333333333334,115.29),(2,139.4,115.29),(2,139.46666666666667,115.29),(2,139.53333333333333,116.34),(2,139.6,116.34),(2,139.66666666666666,116.34),(2,139.73333333333332,116.34),(2,139.8,115.78),(2,139.86666666666667,115.78),(2,139.93333333333334,115.78),(2,140,115.78),(2,140.06666666666666,115.29),(2,140.13333333333333,115.29),(2,140.2,115.29),(2,140.26666666666668,0.02),(2,140.33333333333334,0.02),(2,140.4,0.02),(2,140.46666666666667,0.02),(2,140.53333333333333,0.02),(2,140.6,0.02),(2,140.66666666666666,0.02),(2,140.73333333333332,0.02),(2,140.8,0.02),(2,140.86666666666667,0.02),(2,140.93333333333334,0.02),(2,141,0.02),(2,141.06666666666666,0.02),(2,141.13333333333333,0.02),(2,141.2,0.02),(2,141.26666666666668,0.02),(2,141.33333333333334,0.02),(2,141.4,0.02),(2,141.46666666666667,0.02),(2,141.53333333333333,0.02),(2,141.6,0.02),(2,141.66666666666666,0.02),(2,141.73333333333332,0.02),(2,141.8,0.02),(2,141.86666666666667,0.02),(2,141.93333333333334,0.02),(2,142,0.02),(2,142.06666666666666,0.02),(2,142.13333333333333,0.02),(2,142.2,0.02),(2,142.26666666666668,0.02),(2,142.33333333333334,0.02),(2,142.4,0.02),(2,142.46666666666667,0.02),(2,142.53333333333333,4.42),(2,142.6,4.42),(2,142.66666666666666,4.42),(2,142.73333333333332,4.42),(2,142.8,4.06),(2,142.86666666666667,4.06),(2,142.93333333333334,4.06),(2,143,4.06),(2,143.06666666666666,4.22),(2,143.13333333333333,4.22),(2,143.2,4.22),(2,143.26666666666668,5.07),(2,143.33333333333334,5.07),(2,143.4,5.07),(2,143.46666666666667,5.07),(2,143.53333333333333,4.54),(2,143.6,4.54),(2,143.66666666666666,4.54),(2,143.73333333333332,4.54),(2,143.8,4.82),(2,143.86666666666667,4.82),(2,143.93333333333334,4.82),(2,144,4.82),(2,144.06666666666666,4.1),(2,144.13333333333333,4.1),(2,144.2,4.1),(2,144.26666666666668,9),(2,144.33333333333334,9),(2,144.4,9),(2,144.46666666666667,9),(2,144.53333333333333,75.21),(2,144.6,75.21),(2,144.66666666666666,75.21),(2,144.73333333333332,75.21),(2,144.8,114.21),(2,144.86666666666667,114.21),(2,144.93333333333334,114.21),(2,145,114.21),(2,145.06666666666666,115.17),(2,145.13333333333333,115.17),(2,145.2,115.17),(2,145.26666666666668,115.13),(2,145.33333333333334,115.13),(2,145.4,115.13),(2,145.46666666666667,115.13),(2,145.53333333333333,114.97),(2,145.6,114.97),(2,145.66666666666666,114.97),(2,145.73333333333332,114.97),(2,145.8,115.21),(2,145.86666666666667,115.21),(2,145.93333333333334,115.21),(2,146,115.21),(2,146.06666666666666,114.81),(2,146.13333333333333,114.81),(2,146.2,114.81),(2,146.26666666666668,115.05),(2,146.33333333333334,115.05),(2,146.4,115.05),(2,146.46666666666667,115.05),(2,146.53333333333333,115.13),(2,146.6,115.13),(2,146.66666666666666,115.13),(2,146.73333333333332,115.13),(2,146.8,114.97),(2,146.86666666666667,114.97),(2,146.93333333333334,114.97),(2,147,114.97),(2,147.06666666666666,115.09),(2,147.13333333333333,115.09),(2,147.2,115.09),(2,147.26666666666668,116.3),(2,147.33333333333334,116.3),(2,147.4,116.3),(2,147.46666666666667,116.3),(2,147.53333333333333,85.02),(2,147.6,85.02),(2,147.66666666666666,85.02),(2,147.73333333333332,85.02),(2,147.8,4.42),(2,147.86666666666667,4.42),(2,147.93333333333334,4.42),(2,148,4.42),(2,148.06666666666666,4.02),(2,148.13333333333333,4.02),(2,148.2,4.02),(2,148.26666666666668,4.18),(2,148.33333333333334,4.18),(2,148.4,4.18),(2,148.46666666666667,4.18),(2,148.53333333333333,4.22),(2,148.6,4.22),(2,148.66666666666666,4.22),(2,148.73333333333332,4.22),(2,148.8,3.98),(2,148.86666666666667,3.98),(2,148.93333333333334,3.98),(2,149,3.98),(2,149.06666666666666,4.14),(2,149.13333333333333,4.14),(2,149.2,4.14),(2,149.26666666666668,4.3),(2,149.33333333333334,4.3),(2,149.4,4.3),(2,149.46666666666667,4.3),(2,149.53333333333333,4.18),(2,149.6,4.18),(2,149.66666666666666,4.18),(2,149.73333333333332,4.18),(2,149.8,4.34),(2,149.86666666666667,4.34),(2,149.93333333333334,4.34),(2,150,4.34),(2,150.06666666666666,4.1),(2,150.13333333333333,4.1),(2,150.2,4.1),(2,150.26666666666668,4.3),(2,150.33333333333334,4.3),(2,150.4,4.3),(2,150.46666666666667,4.3),(2,150.53333333333333,4.34),(2,150.6,4.34),(2,150.66666666666666,4.34),(2,150.73333333333332,4.34),(2,150.8,4.26),(2,150.86666666666667,4.26),(2,150.93333333333334,4.26),(2,151,4.26),(2,151.06666666666666,21.27),(2,151.13333333333333,21.27),(2,151.2,21.27),(2,151.26666666666668,58.49),(2,151.33333333333334,58.49),(2,151.4,58.49),(2,151.46666666666667,58.49),(2,151.53333333333333,72.04),(2,151.6,72.04),(2,151.66666666666666,72.04),(2,151.73333333333332,72.04),(2,151.8,71.8),(2,151.86666666666667,71.8),(2,151.93333333333334,71.8),(2,152,71.8),(2,152.06666666666666,71.56),(2,152.13333333333333,71.56),(2,152.2,71.56),(2,152.26666666666668,71.52),(2,152.33333333333334,71.52),(2,152.4,71.52),(2,152.46666666666667,71.52),(2,152.53333333333333,72.72),(2,152.6,72.72),(2,152.66666666666666,72.72),(2,152.73333333333332,72.72),(2,152.8,68.9),(2,152.86666666666667,68.9),(2,152.93333333333334,68.9),(2,153,68.9),(2,153.06666666666666,0.02),(2,153.13333333333333,0.02),(2,153.2,0.02),(2,153.26666666666668,0.02),(2,153.33333333333334,0.02),(2,153.4,0.02),(2,153.46666666666667,0.02),(2,153.53333333333333,0.02),(2,153.6,0.02),(2,153.66666666666666,0.02),(2,153.73333333333332,0.02),(2,153.8,0.02),(2,153.86666666666667,0.02),(2,153.93333333333334,0.02),(2,154,0.02),(2,154.06666666666666,0.02),(2,154.13333333333333,0.02),(2,154.2,0.02),(2,154.26666666666668,0.02),(2,154.33333333333334,0.02),(2,154.4,0.02),(2,154.46666666666667,0.02),(2,154.53333333333333,0.02),(2,154.6,0.02),(2,154.66666666666666,0.02),(2,154.73333333333332,0.02),(2,154.8,0.02),(2,154.86666666666667,0.02),(2,154.93333333333334,0.02),(2,155,0.02),(2,155.06666666666666,0.02),(2,155.13333333333333,0.02),(2,155.2,0.02),(2,155.26666666666668,0.02),(2,155.33333333333334,0.02),(2,155.4,0.02),(2,155.46666666666667,0.02),(2,155.53333333333333,0.02),(2,155.6,0.02),(2,155.66666666666666,0.02),(2,155.73333333333332,0.02),(2,155.8,71.4),(2,155.86666666666667,71.4),(2,155.93333333333334,71.4),(2,156,71.4),(2,156.06666666666666,72.44),(2,156.13333333333333,72.44),(2,156.2,72.44),(2,156.26666666666668,73.36),(2,156.33333333333334,73.36),(2,156.4,73.36),(2,156.46666666666667,73.36),(2,156.53333333333333,72.56),(2,156.6,72.56),(2,156.66666666666666,72.56),(2,156.73333333333332,72.56),(2,156.8,73.2),(2,156.86666666666667,73.2),(2,156.93333333333334,73.2),(2,157,73.2),(2,157.06666666666666,72.72),(2,157.13333333333333,72.72),(2,157.2,72.72),(2,157.26666666666668,72.6),(2,157.33333333333334,72.6),(2,157.4,72.6),(2,157.46666666666667,72.6),(2,157.53333333333333,72.48),(2,157.6,72.48),(2,157.66666666666666,72.48),(2,157.73333333333332,72.48),(2,157.8,72.36),(2,157.86666666666667,72.36),(2,157.93333333333334,72.36),(2,158,72.36),(2,158.06666666666666,72.44),(2,158.13333333333333,72.44),(2,158.2,72.44),(2,158.26666666666668,71.6),(2,158.33333333333334,71.6),(2,158.4,71.6),(2,158.46666666666667,71.6),(2,158.53333333333333,70.11),(2,158.6,70.11),(2,158.66666666666666,70.11),(2,158.73333333333332,70.11),(2,158.8,69.99),(2,158.86666666666667,69.99),(2,158.93333333333334,69.99),(2,159,69.99),(2,159.06666666666666,70.43),(2,159.13333333333333,70.43),(2,159.2,70.43),(2,159.26666666666668,71.56),(2,159.33333333333334,71.56),(2,159.4,71.56),(2,159.46666666666667,71.56),(2,159.53333333333333,70.83),(2,159.6,70.83),(2,159.66666666666666,70.83),(2,159.73333333333332,70.83),(2,159.8,70.27),(2,159.86666666666667,70.27),(2,159.93333333333334,70.27),(2,160,70.27),(2,160.06666666666666,0.02),(2,160.13333333333333,0.02),(2,160.2,0.02),(2,160.26666666666668,0.02),(2,160.33333333333334,0.02),(2,160.4,0.02),(2,160.46666666666667,0.02),(2,160.53333333333333,0.02),(2,160.6,0.02),(2,160.66666666666666,0.02),(2,160.73333333333332,0.02),(2,160.8,0.02),(2,160.86666666666667,0.02),(2,160.93333333333334,0.02),(2,161,0.02),(2,161.06666666666666,0.02),(2,161.13333333333333,0.02),(2,161.2,0.02),(2,161.26666666666668,0.02),(2,161.33333333333334,0.02),(2,161.4,0.02),(2,161.46666666666667,0.02),(2,161.53333333333333,0.02),(2,161.6,0.02),(2,161.66666666666666,0.02),(2,161.73333333333332,0.02),(2,161.8,0.02),(2,161.86666666666667,0.02),(2,161.93333333333334,0.02),(2,162,0.02),(2,162.06666666666666,0.02),(2,162.13333333333333,0.02),(2,162.2,0.02),(2,162.26666666666668,0.02),(2,162.33333333333334,0.02),(2,162.4,0.02),(2,162.46666666666667,0.02),(2,162.53333333333333,0.02),(2,162.6,0.02),(2,162.66666666666666,0.02),(2,162.73333333333332,0.02),(2,162.8,0.02),(2,162.86666666666667,0.02),(2,162.93333333333334,0.02),(2,163,0.02),(2,163.06666666666666,69.63),(2,163.13333333333333,69.63),(2,163.2,69.63),(2,163.26666666666668,25.85),(2,163.33333333333334,25.85),(2,163.4,25.85),(2,163.46666666666667,25.85),(2,163.53333333333333,4.26),(2,163.6,4.26),(2,163.66666666666666,4.26),(2,163.73333333333332,4.26),(2,163.8,5.59),(2,163.86666666666667,5.59),(2,163.93333333333334,5.59),(2,164,5.59),(2,164.06666666666666,4.78),(2,164.13333333333333,4.78),(2,164.2,4.78),(2,164.26666666666668,4.66),(2,164.33333333333334,4.66),(2,164.4,4.66),(2,164.46666666666667,4.66),(2,164.53333333333333,4.06),(2,164.6,4.06),(2,164.66666666666666,4.06),(2,164.73333333333332,4.06),(2,164.8,3.98),(2,164.86666666666667,3.98),(2,164.93333333333334,3.98),(2,165,3.98),(2,165.06666666666666,4.06),(2,165.13333333333333,4.06),(2,165.2,4.06),(2,165.26666666666668,4.5),(2,165.33333333333334,4.5),(2,165.4,4.5),(2,165.46666666666667,4.5),(2,165.53333333333333,4.62),(2,165.6,4.62),(2,165.66666666666666,4.62),(2,165.73333333333332,4.62),(2,165.8,4.62),(2,165.86666666666667,4.62),(2,165.93333333333334,4.62),(2,166,4.62),(2,166.06666666666666,4.14),(2,166.13333333333333,4.14),(2,166.2,4.14),(2,166.26666666666668,4.06),(2,166.33333333333334,4.06),(2,166.4,4.06),(2,166.46666666666667,4.06),(2,166.53333333333333,3.94),(2,166.6,3.94),(2,166.66666666666666,3.94),(2,166.73333333333332,3.94),(2,166.8,4.7),(2,166.86666666666667,4.7),(2,166.93333333333334,4.7),(2,167,4.7),(2,167.06666666666666,0.02),(2,167.13333333333333,0.02),(2,167.2,0.02),(2,167.26666666666668,0.02),(2,167.33333333333334,0.02),(2,167.4,0.02),(2,167.46666666666667,0.02),(2,167.53333333333333,0.02),(2,167.6,0.02),(2,167.66666666666666,0.02),(2,167.73333333333332,0.02),(2,167.8,0.02),(2,167.86666666666667,0.02),(2,167.93333333333334,0.02),(2,168,0.02),(2,168.06666666666666,73.45),(2,168.13333333333333,73.45),(2,168.2,73.45),(2,168.26666666666668,73.04),(2,168.33333333333334,73.04),(2,168.4,73.04),(2,168.46666666666667,73.04),(2,168.53333333333333,72.88),(2,168.6,72.88),(2,168.66666666666666,72.88),(2,168.73333333333332,72.88),(2,168.8,73.08),(2,168.86666666666667,73.08),(2,168.93333333333334,73.08),(2,169,73.08),(2,169.06666666666666,73.16),(2,169.13333333333333,73.16),(2,169.2,73.16),(2,169.26666666666668,74.01),(2,169.33333333333334,74.01),(2,169.4,74.01),(2,169.46666666666667,74.01),(2,169.53333333333333,73.12),(2,169.6,73.12),(2,169.66666666666666,73.12),(2,169.73333333333332,73.12),(2,169.8,73.16),(2,169.86666666666667,73.16),(2,169.93333333333334,73.16),(2,170,73.16),(2,170.06666666666666,72.52),(2,170.13333333333333,72.52),(2,170.2,72.52),(2,170.26666666666668,73.57),(2,170.33333333333334,73.57),(2,170.4,73.57),(2,170.46666666666667,73.57),(2,170.53333333333333,72.64),(2,170.6,72.64),(2,170.66666666666666,72.64),(2,170.73333333333332,72.64),(2,170.8,73.24),(2,170.86666666666667,73.24),(2,170.93333333333334,73.24),(2,171,73.24),(2,171.06666666666666,72.6),(2,171.13333333333333,72.6),(2,171.2,72.6),(2,171.26666666666668,73.53),(2,171.33333333333334,73.53),(2,171.4,73.53),(2,171.46666666666667,73.53),(2,171.53333333333333,72.72),(2,171.6,72.72),(2,171.66666666666666,72.72),(2,171.73333333333332,72.72),(2,171.8,0.02),(2,171.86666666666667,0.02),(2,171.93333333333334,0.02),(2,172,0.02),(2,172.06666666666666,0.02),(2,172.13333333333333,0.02),(2,172.2,0.02),(2,172.26666666666668,0.02),(2,172.33333333333334,0.02),(2,172.4,0.02),(2,172.46666666666667,0.02),(2,172.53333333333333,0.02),(2,172.6,0.02),(2,172.66666666666666,0.02),(2,172.73333333333332,0.02),(2,172.8,0.02),(2,172.86666666666667,0.02),(2,172.93333333333334,0.02),(2,173,0.02),(2,173.06666666666666,0.02),(2,173.13333333333333,0.02),(2,173.2,0.02),(2,173.26666666666668,0.02),(2,173.33333333333334,0.02),(2,173.4,0.02),(2,173.46666666666667,0.02),(2,173.53333333333333,0.02),(2,173.6,0.02),(2,173.66666666666666,0.02),(2,173.73333333333332,0.02),(2,173.8,0.02),(2,173.86666666666667,0.02),(2,173.93333333333334,0.02),(2,174,0.02),(2,174.06666666666666,73.49),(2,174.13333333333333,73.49),(2,174.2,73.49),(2,174.26666666666668,73.28),(2,174.33333333333334,73.28),(2,174.4,73.28),(2,174.46666666666667,73.28),(2,174.53333333333333,73.81),(2,174.6,73.81),(2,174.66666666666666,73.81),(2,174.73333333333332,73.81),(2,174.8,73.41),(2,174.86666666666667,73.41),(2,174.93333333333334,73.41),(2,175,73.41),(2,175.06666666666666,74.05),(2,175.13333333333333,74.05),(2,175.2,74.05),(2,175.26666666666668,73.73),(2,175.33333333333334,73.73),(2,175.4,73.73),(2,175.46666666666667,73.73),(2,175.53333333333333,74.25),(2,175.6,74.25),(2,175.66666666666666,74.25),(2,175.73333333333332,74.25),(2,175.8,74.53),(2,175.86666666666667,74.53),(2,175.93333333333334,74.53),(2,176,74.53),(2,176.06666666666666,73.97),(2,176.13333333333333,73.97),(2,176.2,73.97),(2,176.26666666666668,73.97),(2,176.33333333333334,73.97),(2,176.4,73.97),(2,176.46666666666667,73.97),(2,176.53333333333333,73.08),(2,176.6,73.08),(2,176.66666666666666,73.08),(2,176.73333333333332,73.08),(2,176.8,71.48),(2,176.86666666666667,71.48),(2,176.93333333333334,71.48),(2,177,71.48),(2,177.06666666666666,70.91),(2,177.13333333333333,70.91),(2,177.2,70.91),(2,177.26666666666668,70.67),(2,177.33333333333334,70.67),(2,177.4,70.67),(2,177.46666666666667,70.67),(2,177.53333333333333,70.95),(2,177.6,70.95),(2,177.66666666666666,70.95),(2,177.73333333333332,70.95),(2,177.8,71.07),(2,177.86666666666667,71.07),(2,177.93333333333334,71.07),(2,178,71.07),(2,178.06666666666666,71.64),(2,178.13333333333333,71.64),(2,178.2,71.64),(2,178.26666666666668,73.53),(2,178.33333333333334,73.53),(2,178.4,73.53),(2,178.46666666666667,73.53),(2,178.53333333333333,72.04),(2,178.6,72.04),(2,178.66666666666666,72.04),(2,178.73333333333332,72.04),(2,178.8,72.8),(2,178.86666666666667,72.8),(2,178.93333333333334,72.8),(2,179,72.8),(2,179.06666666666666,73.08),(2,179.13333333333333,73.08),(2,179.2,73.08),(2,179.26666666666668,72.88),(2,179.33333333333334,72.88),(2,179.4,72.88),(2,179.46666666666667,72.88),(2,179.53333333333333,72.2),(2,179.6,72.2),(2,179.66666666666666,72.2),(2,179.73333333333332,72.2),(2,179.8,0.02),(2,179.86666666666667,0.02),(2,179.93333333333334,0.02),(2,180,0.02),(2,180.06666666666666,0.02),(2,180.13333333333333,0.02),(2,180.2,0.02),(2,180.26666666666668,0.02),(2,180.33333333333334,0.02),(2,180.4,0.02),(2,180.46666666666667,0.02),(2,180.53333333333333,0.02),(2,180.6,0.02),(2,180.66666666666666,0.02),(2,180.73333333333332,0.02),(2,180.8,0.02),(2,180.86666666666667,0.02),(2,180.93333333333334,0.02),(2,181,0.02),(2,181.06666666666666,0.02),(2,181.13333333333333,0.02),(2,181.2,0.02),(2,181.26666666666668,0.02),(2,181.33333333333334,0.02),(2,181.4,0.02),(2,181.46666666666667,0.02),(2,181.53333333333333,0.02),(2,181.6,0.02),(2,181.66666666666666,0.02),(2,181.73333333333332,0.02),(2,181.8,0.02),(2,181.86666666666667,0.02),(2,181.93333333333334,0.02),(2,182,0.02),(2,182.06666666666666,0.02),(2,182.13333333333333,0.02),(2,182.2,0.02),(2,182.26666666666668,73.28),(2,182.33333333333334,73.28),(2,182.4,73.28),(2,182.46666666666667,73.28),(2,182.53333333333333,73.36),(2,182.6,73.36),(2,182.66666666666666,73.36),(2,182.73333333333332,73.36),(2,182.8,73.32),(2,182.86666666666667,73.32),(2,182.93333333333334,73.32),(2,183,73.32),(2,183.06666666666666,73.2),(2,183.13333333333333,73.2),(2,183.2,73.2),(2,183.26666666666668,73.41),(2,183.33333333333334,73.41),(2,183.4,73.41),(2,183.46666666666667,73.41),(2,183.53333333333333,73.36),(2,183.6,73.36),(2,183.66666666666666,73.36),(2,183.73333333333332,73.36),(2,183.8,73.32),(2,183.86666666666667,73.32),(2,183.93333333333334,73.32),(2,184,73.32),(2,184.06666666666666,73.41),(2,184.13333333333333,73.41),(2,184.2,73.41),(2,184.26666666666668,72.56),(2,184.33333333333334,72.56),(2,184.4,72.56),(2,184.46666666666667,72.56),(2,184.53333333333333,72.12),(2,184.6,72.12),(2,184.66666666666666,72.12),(2,184.73333333333332,72.12),(2,184.8,72.08),(2,184.86666666666667,72.08),(2,184.93333333333334,72.08),(2,185,72.08),(2,185.06666666666666,72.16),(2,185.13333333333333,72.16),(2,185.2,72.16),(2,185.26666666666668,71.27),(2,185.33333333333334,71.27),(2,185.4,71.27),(2,185.46666666666667,71.27),(2,185.53333333333333,70.47),(2,185.6,70.47),(2,185.66666666666666,70.47),(2,185.73333333333332,70.47),(2,185.8,70.87),(2,185.86666666666667,70.87),(2,185.93333333333334,70.87),(2,186,70.87),(2,186.06666666666666,70.59),(2,186.13333333333333,70.59),(2,186.2,70.59),(2,186.26666666666668,0.02),(2,186.33333333333334,0.02),(2,186.4,0.02),(2,186.46666666666667,0.02),(2,186.53333333333333,0.02),(2,186.6,0.02),(2,186.66666666666666,0.02),(2,186.73333333333332,0.02),(2,186.8,0.02),(2,186.86666666666667,0.02),(2,186.93333333333334,0.02),(2,187,0.02),(2,187.06666666666666,0.02),(2,187.13333333333333,0.02),(2,187.2,0.02),(2,187.26666666666668,0.02),(2,187.33333333333334,0.02),(2,187.4,0.02),(2,187.46666666666667,0.02),(2,187.53333333333333,0.02),(2,187.6,0.02),(2,187.66666666666666,0.02),(2,187.73333333333332,0.02),(2,187.8,0.02),(2,187.86666666666667,0.02),(2,187.93333333333334,0.02),(2,188,0.02),(2,188.06666666666666,0.02),(2,188.13333333333333,0.02),(2,188.2,0.02),(2,188.26666666666668,0.02),(2,188.33333333333334,0.02),(2,188.4,0.02),(2,188.46666666666667,0.02),(2,188.53333333333333,0.02),(2,188.6,0.02),(2,188.66666666666666,0.02),(2,188.73333333333332,0.02),(2,188.8,0.02),(2,188.86666666666667,0.02),(2,188.93333333333334,0.02),(2,189,0.02),(2,189.06666666666666,0.02),(2,189.13333333333333,0.02),(2,189.2,0.02),(2,189.26666666666668,0.02),(2,189.33333333333334,0.02),(2,189.4,0.02),(2,189.46666666666667,0.02),(2,189.53333333333333,4.38),(2,189.6,4.38),(2,189.66666666666666,4.38),(2,189.73333333333332,4.38),(2,189.8,4.38),(2,189.86666666666667,4.38),(2,189.93333333333334,4.38),(2,190,4.38),(2,190.06666666666666,4.26),(2,190.13333333333333,4.26),(2,190.2,4.26),(2,190.26666666666668,4.1),(2,190.33333333333334,4.1),(2,190.4,4.1),(2,190.46666666666667,4.1),(2,190.53333333333333,4.94),(2,190.6,4.94),(2,190.66666666666666,4.94),(2,190.73333333333332,4.94),(2,190.8,4.34),(2,190.86666666666667,4.34),(2,190.93333333333334,4.34),(2,191,4.34),(2,191.06666666666666,4.5),(2,191.13333333333333,4.5),(2,191.2,4.5),(2,191.26666666666668,4.3),(2,191.33333333333334,4.3),(2,191.4,4.3),(2,191.46666666666667,4.3),(2,191.53333333333333,4.38),(2,191.6,4.38),(2,191.66666666666666,4.38),(2,191.73333333333332,4.38),(2,191.8,4.54),(2,191.86666666666667,4.54),(2,191.93333333333334,4.54),(2,192,4.54),(2,192.06666666666666,4.38),(2,192.13333333333333,4.38),(2,192.2,4.38),(2,192.26666666666668,4.42),(2,192.33333333333334,4.42),(2,192.4,4.42),(2,192.46666666666667,4.42),(2,192.53333333333333,5.15),(2,192.6,5.15),(2,192.66666666666666,5.15),(2,192.73333333333332,5.15),(2,192.8,4.58),(2,192.86666666666667,4.58),(2,192.93333333333334,4.58),(2,193,4.58),(2,193.06666666666666,4.26),(2,193.13333333333333,4.26),(2,193.2,4.26),(2,193.26666666666668,4.22),(2,193.33333333333334,4.22),(2,193.4,4.22),(2,193.46666666666667,4.22),(2,193.53333333333333,5.51),(2,193.6,5.51),(2,193.66666666666666,5.51),(2,193.73333333333332,5.51),(2,193.8,5.43),(2,193.86666666666667,5.43),(2,193.93333333333334,5.43),(2,194,5.43),(2,194.06666666666666,4.5),(2,194.13333333333333,4.5),(2,194.2,4.5),(2,194.26666666666668,25.17),(2,194.33333333333334,25.17),(2,194.4,25.17),(2,194.46666666666667,25.17),(2,194.53333333333333,69.79),(2,194.6,69.79),(2,194.66666666666666,69.79),(2,194.73333333333332,69.79),(2,194.8,71.07),(2,194.86666666666667,71.07),(2,194.93333333333334,71.07),(2,195,71.07),(2,195.06666666666666,70.67),(2,195.13333333333333,70.67),(2,195.2,70.67),(2,195.26666666666668,71.72),(2,195.33333333333334,71.72),(2,195.4,71.72),(2,195.46666666666667,71.72),(2,195.53333333333333,71.8),(2,195.6,71.8),(2,195.66666666666666,71.8),(2,195.73333333333332,71.8),(2,195.8,71.92),(2,195.86666666666667,71.92),(2,195.93333333333334,71.92),(2,196,71.92),(2,196.06666666666666,71.15),(2,196.13333333333333,71.15),(2,196.2,71.15),(2,196.26666666666668,0.02),(2,196.33333333333334,0.02),(2,196.4,0.02),(2,196.46666666666667,0.02),(2,196.53333333333333,0.02),(2,196.6,0.02),(2,196.66666666666666,0.02),(2,196.73333333333332,0.02),(2,196.8,0.02),(2,196.86666666666667,0.02),(2,196.93333333333334,0.02),(2,197,0.02),(2,197.06666666666666,0.02),(2,197.13333333333333,0.02),(2,197.2,0.02),(2,197.26666666666668,0.02),(2,197.33333333333334,0.02),(2,197.4,0.02),(2,197.46666666666667,0.02),(2,197.53333333333333,0.02),(2,197.6,0.02),(2,197.66666666666666,0.02),(2,197.73333333333332,0.02),(2,197.8,0.02),(2,197.86666666666667,0.02),(2,197.93333333333334,0.02),(2,198,0.02),(2,198.06666666666666,70.71),(2,198.13333333333333,70.71),(2,198.2,70.71),(2,198.26666666666668,70.63),(2,198.33333333333334,70.63),(2,198.4,70.63),(2,198.46666666666667,70.63),(2,198.53333333333333,70.79),(2,198.6,70.79),(2,198.66666666666666,70.79),(2,198.73333333333332,70.79),(2,198.8,70.67),(2,198.86666666666667,70.67),(2,198.93333333333334,70.67),(2,199,70.67),(2,199.06666666666666,70.47),(2,199.13333333333333,70.47),(2,199.2,70.47),(2,199.26666666666668,70.99),(2,199.33333333333334,70.99),(2,199.4,70.99),(2,199.46666666666667,70.99),(2,199.53333333333333,72),(2,199.6,72),(2,199.66666666666666,72),(2,199.73333333333332,72),(2,199.8,72),(2,199.86666666666667,72),(2,199.93333333333334,72),(2,200,72),(2,200.06666666666666,72.04),(2,200.13333333333333,72.04),(2,200.2,72.04),(2,200.26666666666668,71.68),(2,200.33333333333334,71.68),(2,200.4,71.68),(2,200.46666666666667,71.68),(2,200.53333333333333,71.76),(2,200.6,71.76),(2,200.66666666666666,71.76),(2,200.73333333333332,71.76),(2,200.8,71.64),(2,200.86666666666667,71.64),(2,200.93333333333334,71.64),(2,201,71.64),(2,201.06666666666666,71.8),(2,201.13333333333333,71.8),(2,201.2,71.8),(2,201.26666666666668,71.27),(2,201.33333333333334,71.27),(2,201.4,71.27),(2,201.46666666666667,71.27),(2,201.53333333333333,0.02),(2,201.6,0.02),(2,201.66666666666666,0.02),(2,201.73333333333332,0.02),(2,201.8,0.02),(2,201.86666666666667,0.02),(2,201.93333333333334,0.02),(2,202,0.02),(2,202.06666666666666,0.02),(2,202.13333333333333,0.02),(2,202.2,0.02),(2,202.26666666666668,0.02),(2,202.33333333333334,0.02),(2,202.4,0.02),(2,202.46666666666667,0.02),(2,202.53333333333333,0.02),(2,202.6,0.02),(2,202.66666666666666,0.02),(2,202.73333333333332,0.02),(2,202.8,0.02),(2,202.86666666666667,0.02),(2,202.93333333333334,0.02),(2,203,0.02),(2,203.06666666666666,0.02),(2,203.13333333333333,0.02),(2,203.2,0.02),(2,203.26666666666668,0.02),(2,203.33333333333334,0.02),(2,203.4,0.02),(2,203.46666666666667,0.02),(2,203.53333333333333,0.02),(2,203.6,0.02),(2,203.66666666666666,0.02),(2,203.73333333333332,0.02),(2,203.8,0.02),(2,203.86666666666667,0.02),(2,203.93333333333334,0.02),(2,204,0.02),(2,204.06666666666666,0.02),(2,204.13333333333333,0.02),(2,204.2,0.02),(2,204.26666666666668,0.02),(2,204.33333333333334,0.02),(2,204.4,0.02),(2,204.46666666666667,0.02),(2,204.53333333333333,71.23),(2,204.6,71.23),(2,204.66666666666666,71.23),(2,204.73333333333332,71.23),(2,204.8,71.56),(2,204.86666666666667,71.56),(2,204.93333333333334,71.56),(2,205,71.56),(2,205.06666666666666,71.52),(2,205.13333333333333,71.52),(2,205.2,71.52),(2,205.26666666666668,72.28),(2,205.33333333333334,72.28),(2,205.4,72.28),(2,205.46666666666667,72.28),(2,205.53333333333333,71.03),(2,205.6,71.03),(2,205.66666666666666,71.03),(2,205.73333333333332,71.03),(2,205.8,71.4),(2,205.86666666666667,71.4),(2,205.93333333333334,71.4),(2,206,71.4),(2,206.06666666666666,71.19),(2,206.13333333333333,71.19),(2,206.2,71.19),(2,206.26666666666668,71.07),(2,206.33333333333334,71.07),(2,206.4,71.07),(2,206.46666666666667,71.07),(2,206.53333333333333,71.84),(2,206.6,71.84),(2,206.66666666666666,71.84),(2,206.73333333333332,71.84),(2,206.8,70.95),(2,206.86666666666667,70.95),(2,206.93333333333334,70.95),(2,207,70.95),(2,207.06666666666666,71.64),(2,207.13333333333333,71.64),(2,207.2,71.64),(2,207.26666666666668,71.72),(2,207.33333333333334,71.72),(2,207.4,71.72),(2,207.46666666666667,71.72),(2,207.53333333333333,71.27),(2,207.6,71.27),(2,207.66666666666666,71.27),(2,207.73333333333332,71.27),(2,207.8,70.55),(2,207.86666666666667,70.55),(2,207.93333333333334,70.55),(2,208,70.55),(2,208.06666666666666,70.59),(2,208.13333333333333,70.59),(2,208.2,70.59),(2,208.26666666666668,70.59),(2,208.33333333333334,70.59),(2,208.4,70.59),(2,208.46666666666667,70.59),(2,208.53333333333333,70.39),(2,208.6,70.39),(2,208.66666666666666,70.39),(2,208.73333333333332,70.39),(2,208.8,70.47),(2,208.86666666666667,70.47),(2,208.93333333333334,70.47),(2,209,70.47),(2,209.06666666666666,70.47),(2,209.13333333333333,70.47),(2,209.2,70.47),(2,209.26666666666668,70.27),(2,209.33333333333334,70.27),(2,209.4,70.27),(2,209.46666666666667,70.27),(2,209.53333333333333,0.02),(2,209.6,0.02),(2,209.66666666666666,0.02),(2,209.73333333333332,0.02),(2,209.8,0.02),(2,209.86666666666667,0.02),(2,209.93333333333334,0.02),(2,210,0.02),(2,210.06666666666666,0.02),(2,210.13333333333333,0.02),(2,210.2,0.02),(2,210.26666666666668,0.02),(2,210.33333333333334,0.02),(2,210.4,0.02),(2,210.46666666666667,0.02),(2,210.53333333333333,0.02),(2,210.6,0.02),(2,210.66666666666666,0.02),(2,210.73333333333332,0.02),(2,210.8,0.02),(2,210.86666666666667,0.02),(2,210.93333333333334,0.02),(2,211,0.02),(2,211.06666666666666,70.87),(2,211.13333333333333,70.87),(2,211.2,70.87),(2,211.26666666666668,71.23),(2,211.33333333333334,71.23),(2,211.4,71.23),(2,211.46666666666667,71.23),(2,211.53333333333333,70.79),(2,211.6,70.79),(2,211.66666666666666,70.79),(2,211.73333333333332,70.79),(2,211.8,70.47),(2,211.86666666666667,70.47),(2,211.93333333333334,70.47),(2,212,70.47),(2,212.06666666666666,70.59),(2,212.13333333333333,70.59),(2,212.2,70.59),(2,212.26666666666668,70.27),(2,212.33333333333334,70.27),(2,212.4,70.27),(2,212.46666666666667,70.27),(2,212.53333333333333,70.47),(2,212.6,70.47),(2,212.66666666666666,70.47),(2,212.73333333333332,70.47),(2,212.8,70.79),(2,212.86666666666667,70.79),(2,212.93333333333334,70.79),(2,213,70.79),(2,213.06666666666666,70.39),(2,213.13333333333333,70.39),(2,213.2,70.39),(2,213.26666666666668,71.15),(2,213.33333333333334,71.15),(2,213.4,71.15),(2,213.46666666666667,71.15),(2,213.53333333333333,0.02),(2,213.6,0.02),(2,213.66666666666666,0.02),(2,213.73333333333332,0.02),(2,213.8,0.02),(2,213.86666666666667,0.02),(2,213.93333333333334,0.02),(2,214,0.02),(2,214.06666666666666,0.02),(2,214.13333333333333,0.02),(2,214.2,0.02),(2,214.26666666666668,0.02),(2,214.33333333333334,0.02),(2,214.4,0.02),(2,214.46666666666667,0.02),(2,214.53333333333333,0.02),(2,214.6,0.02),(2,214.66666666666666,0.02),(2,214.73333333333332,0.02),(2,214.8,0.02),(2,214.86666666666667,0.02),(2,214.93333333333334,0.02),(2,215,0.02),(2,215.06666666666666,0.02),(2,215.13333333333333,0.02),(2,215.2,0.02),(2,215.26666666666668,0.02),(2,215.33333333333334,0.02),(2,215.4,0.02),(2,215.46666666666667,0.02),(2,215.53333333333333,0.02),(2,215.6,0.02),(2,215.66666666666666,0.02),(2,215.73333333333332,0.02),(2,215.8,0.02),(2,215.86666666666667,0.02),(2,215.93333333333334,0.02),(2,216,0.02),(2,216.06666666666666,0.02),(2,216.13333333333333,0.02),(2,216.2,0.02),(2,216.26666666666668,0.02),(2,216.33333333333334,0.02),(2,216.4,0.02),(2,216.46666666666667,0.02),(2,216.53333333333333,0.02),(2,216.6,0.02),(2,216.66666666666666,0.02),(2,216.73333333333332,0.02),(2,216.8,0.02),(2,216.86666666666667,0.02),(2,216.93333333333334,0.02),(2,217,0.02),(2,217.06666666666666,0.02),(2,217.13333333333333,0.02),(2,217.2,0.02),(2,217.26666666666668,0.02),(2,217.33333333333334,0.02),(2,217.4,0.02),(2,217.46666666666667,0.02),(2,217.53333333333333,0.02),(2,217.6,0.02),(2,217.66666666666666,0.02),(2,217.73333333333332,0.02),(2,217.8,0.02),(2,217.86666666666667,0.02),(2,217.93333333333334,0.02),(2,218,0.02),(2,218.06666666666666,72.08),(2,218.13333333333333,72.08),(2,218.2,72.08),(2,218.26666666666668,71.27),(2,218.33333333333334,71.27),(2,218.4,71.27),(2,218.46666666666667,71.27),(2,218.53333333333333,71.19),(2,218.6,71.19),(2,218.66666666666666,71.19),(2,218.73333333333332,71.19),(2,218.8,71.03),(2,218.86666666666667,71.03),(2,218.93333333333334,71.03),(2,219,71.03),(2,219.06666666666666,71.15),(2,219.13333333333333,71.15),(2,219.2,71.15),(2,219.26666666666668,71.07),(2,219.33333333333334,71.07),(2,219.4,71.07),(2,219.46666666666667,71.07),(2,219.53333333333333,71.03),(2,219.6,71.03),(2,219.66666666666666,71.03),(2,219.73333333333332,71.03),(2,219.8,71.11),(2,219.86666666666667,71.11),(2,219.93333333333334,71.11),(2,220,71.11),(2,220.06666666666666,70.87),(2,220.13333333333333,70.87),(2,220.2,70.87),(2,220.26666666666668,71.84),(2,220.33333333333334,71.84),(2,220.4,71.84),(2,220.46666666666667,71.84),(2,220.53333333333333,72.48),(2,220.6,72.48),(2,220.66666666666666,72.48),(2,220.73333333333332,72.48),(2,220.8,71.07),(2,220.86666666666667,71.07),(2,220.93333333333334,71.07),(2,221,71.07),(2,221.06666666666666,70.95),(2,221.13333333333333,70.95),(2,221.2,70.95),(2,221.26666666666668,71.19),(2,221.33333333333334,71.19),(2,221.4,71.19),(2,221.46666666666667,71.19),(2,221.53333333333333,71.07),(2,221.6,71.07),(2,221.66666666666666,71.07),(2,221.73333333333332,71.07),(2,221.8,70.95),(2,221.86666666666667,70.95),(2,221.93333333333334,70.95),(2,222,70.95),(2,222.06666666666666,70.83),(2,222.13333333333333,70.83),(2,222.2,70.83),(2,222.26666666666668,70.87),(2,222.33333333333334,70.87),(2,222.4,70.87),(2,222.46666666666667,70.87),(2,222.53333333333333,70.95),(2,222.6,70.95),(2,222.66666666666666,70.95),(2,222.73333333333332,70.95),(2,222.8,71.07),(2,222.86666666666667,71.07),(2,222.93333333333334,71.07),(2,223,71.07),(2,223.06666666666666,71.19),(2,223.13333333333333,71.19),(2,223.2,71.19),(2,223.26666666666668,0.02),(2,223.33333333333334,0.02),(2,223.4,0.02),(2,223.46666666666667,0.02),(2,223.53333333333333,0.02),(2,223.6,0.02),(2,223.66666666666666,0.02),(2,223.73333333333332,0.02),(2,223.8,0.02),(2,223.86666666666667,0.02),(2,223.93333333333334,0.02),(2,224,0.02),(2,224.06666666666666,0.02),(2,224.13333333333333,0.02),(2,224.2,0.02),(2,224.26666666666668,0.02),(2,224.33333333333334,0.02),(2,224.4,0.02),(2,224.46666666666667,0.02),(2,224.53333333333333,0.02),(2,224.6,0.02),(2,224.66666666666666,0.02),(2,224.73333333333332,0.02),(2,224.8,0.02),(2,224.86666666666667,0.02),(2,224.93333333333334,0.02),(2,225,0.02),(2,225.06666666666666,0.02),(2,225.13333333333333,0.02),(2,225.2,0.02),(2,225.26666666666668,73.24),(2,225.33333333333334,73.24),(2,225.4,73.24),(2,225.46666666666667,73.24),(2,225.53333333333333,73.24),(2,225.6,73.24),(2,225.66666666666666,73.24),(2,225.73333333333332,73.24),(2,225.8,73.28),(2,225.86666666666667,73.28),(2,225.93333333333334,73.28),(2,226,73.28),(2,226.06666666666666,73.77),(2,226.13333333333333,73.77),(2,226.2,73.77),(2,226.26666666666668,73.49),(2,226.33333333333334,73.49),(2,226.4,73.49),(2,226.46666666666667,73.49),(2,226.53333333333333,73.45),(2,226.6,73.45),(2,226.66666666666666,73.45),(2,226.73333333333332,73.45),(2,226.8,74.09),(2,226.86666666666667,74.09),(2,226.93333333333334,74.09),(2,227,74.09),(2,227.06666666666666,73.53),(2,227.13333333333333,73.53),(2,227.2,73.53),(2,227.26666666666668,73.45),(2,227.33333333333334,73.45),(2,227.4,73.45),(2,227.46666666666667,73.45),(2,227.53333333333333,73.28),(2,227.6,73.28),(2,227.66666666666666,73.28),(2,227.73333333333332,73.28),(2,227.8,0.02),(2,227.86666666666667,0.02),(2,227.93333333333334,0.02),(2,228,0.02),(2,228.06666666666666,0.02),(2,228.13333333333333,0.02),(2,228.2,0.02),(2,228.26666666666668,0.02),(2,228.33333333333334,0.02),(2,228.4,0.02),(2,228.46666666666667,0.02),(2,228.53333333333333,0.02),(2,228.6,0.02),(2,228.66666666666666,0.02),(2,228.73333333333332,0.02),(2,228.8,0.02),(2,228.86666666666667,0.02),(2,228.93333333333334,0.02),(2,229,0.02),(2,229.06666666666666,0.02),(2,229.13333333333333,0.02),(2,229.2,0.02),(2,229.26666666666668,0.02),(2,229.33333333333334,0.02),(2,229.4,0.02),(2,229.46666666666667,0.02),(2,229.53333333333333,0.02),(2,229.6,0.02),(2,229.66666666666666,0.02),(2,229.73333333333332,0.02),(2,229.8,0.02),(2,229.86666666666667,0.02),(2,229.93333333333334,0.02),(2,230,0.02),(2,230.06666666666666,0.02),(2,230.13333333333333,0.02),(2,230.2,0.02),(2,230.26666666666668,0.02),(2,230.33333333333334,0.02),(2,230.4,0.02),(2,230.46666666666667,0.02),(2,230.53333333333333,0.02),(2,230.6,0.02),(2,230.66666666666666,0.02),(2,230.73333333333332,0.02),(2,230.8,0.02),(2,230.86666666666667,0.02),(2,230.93333333333334,0.02),(2,231,0.02),(2,231.06666666666666,0.02),(2,231.13333333333333,0.02),(2,231.2,0.02),(2,231.26666666666668,0.02),(2,231.33333333333334,0.02),(2,231.4,0.02),(2,231.46666666666667,0.02),(2,231.53333333333333,0.02),(2,231.6,0.02),(2,231.66666666666666,0.02),(2,231.73333333333332,0.02),(2,231.8,72.72),(2,231.86666666666667,72.72),(2,231.93333333333334,72.72),(2,232,72.72),(2,232.06666666666666,73.53),(2,232.13333333333333,73.53),(2,232.2,73.53),(2,232.26666666666668,73.04),(2,232.33333333333334,73.04),(2,232.4,73.04),(2,232.46666666666667,73.04),(2,232.53333333333333,71.27),(2,232.6,71.27),(2,232.66666666666666,71.27),(2,232.73333333333332,71.27),(2,232.8,71.36),(2,232.86666666666667,71.36),(2,232.93333333333334,71.36),(2,233,71.36),(2,233.06666666666666,72),(2,233.13333333333333,72),(2,233.2,72),(2,233.26666666666668,71.76),(2,233.33333333333334,71.76),(2,233.4,71.76),(2,233.46666666666667,71.76),(2,233.53333333333333,70.99),(2,233.6,70.99),(2,233.66666666666666,70.99),(2,233.73333333333332,70.99),(2,233.8,71.11),(2,233.86666666666667,71.11),(2,233.93333333333334,71.11),(2,234,71.11),(2,234.06666666666666,71.11),(2,234.13333333333333,71.11),(2,234.2,71.11),(2,234.26666666666668,0.02),(2,234.33333333333334,0.02),(2,234.4,0.02),(2,234.46666666666667,0.02),(2,234.53333333333333,0.02),(2,234.6,0.02),(2,234.66666666666666,0.02),(2,234.73333333333332,0.02),(2,234.8,0.02),(2,234.86666666666667,0.02),(2,234.93333333333334,0.02),(2,235,0.02),(2,235.06666666666666,0.02),(2,235.13333333333333,0.02),(2,235.2,0.02),(2,235.26666666666668,0.02),(2,235.33333333333334,0.02),(2,235.4,0.02),(2,235.46666666666667,0.02),(2,235.53333333333333,0.02),(2,235.6,0.02),(2,235.66666666666666,0.02),(2,235.73333333333332,0.02),(2,235.8,0.02),(2,235.86666666666667,0.02),(2,235.93333333333334,0.02),(2,236,0.02),(2,236.06666666666666,0.02),(2,236.13333333333333,0.02),(2,236.2,0.02),(2,236.26666666666668,71.88),(2,236.33333333333334,71.88),(2,236.4,71.88),(2,236.46666666666667,71.88),(2,236.53333333333333,71.96),(2,236.6,71.96),(2,236.66666666666666,71.96),(2,236.73333333333332,71.96),(2,236.8,71.15),(2,236.86666666666667,71.15),(2,236.93333333333334,71.15),(2,237,71.15),(2,237.06666666666666,71.19),(2,237.13333333333333,71.19),(2,237.2,71.19),(2,237.26666666666668,71.15),(2,237.33333333333334,71.15),(2,237.4,71.15),(2,237.46666666666667,71.15),(2,237.53333333333333,71.15),(2,237.6,71.15),(2,237.66666666666666,71.15),(2,237.73333333333332,71.15),(2,237.8,71.07),(2,237.86666666666667,71.07),(2,237.93333333333334,71.07),(2,238,71.07),(2,238.06666666666666,72.2),(2,238.13333333333333,72.2),(2,238.2,72.2),(2,238.26666666666668,71.44),(2,238.33333333333334,71.44),(2,238.4,71.44),(2,238.46666666666667,71.44),(2,238.53333333333333,71.07),(2,238.6,71.07),(2,238.66666666666666,71.07),(2,238.73333333333332,71.07),(2,238.8,71.11),(2,238.86666666666667,71.11),(2,238.93333333333334,71.11),(2,239,71.11),(2,239.06666666666666,70.95),(2,239.13333333333333,70.95),(2,239.2,70.95),(2,239.26666666666668,71.15),(2,239.33333333333334,71.15),(2,239.4,71.15),(2,239.46666666666667,71.15),(2,239.53333333333333,71.44),(2,239.6,71.44),(2,239.66666666666666,71.44),(2,239.73333333333332,71.44),(2,239.8,72.04),(2,239.86666666666667,72.04),(2,239.93333333333334,72.04),(2,240,72.04),(2,240.06666666666666,70.79),(2,240.13333333333333,70.79),(2,240.2,70.79),(2,240.26666666666668,96.72),(2,240.33333333333334,96.72),(2,240.4,96.72),(2,240.46666666666667,96.72),(2,240.53333333333333,72.52),(2,240.6,72.52),(2,240.66666666666666,72.52),(2,240.73333333333332,72.52),(2,240.8,71.07),(2,240.86666666666667,71.07),(2,240.93333333333334,71.07),(2,241,71.07),(2,241.06666666666666,70.67),(2,241.13333333333333,70.67),(2,241.2,70.67),(2,241.26666666666668,70.91),(2,241.33333333333334,70.91),(2,241.4,70.91),(2,241.46666666666667,70.91),(2,241.53333333333333,71.6),(2,241.6,71.6),(2,241.66666666666666,71.6),(2,241.73333333333332,71.6),(2,241.8,72.08),(2,241.86666666666667,72.08),(2,241.93333333333334,72.08),(2,242,72.08),(2,242.06666666666666,70.99),(2,242.13333333333333,70.99),(2,242.2,70.99),(2,242.26666666666668,70.91),(2,242.33333333333334,70.91),(2,242.4,70.91),(2,242.46666666666667,70.91),(2,242.53333333333333,70.83),(2,242.6,70.83),(2,242.66666666666666,70.83),(2,242.73333333333332,70.83),(2,242.8,71.56),(2,242.86666666666667,71.56),(2,242.93333333333334,71.56),(2,243,71.56),(2,243.06666666666666,70.79),(2,243.13333333333333,70.79),(2,243.2,70.79),(2,243.26666666666668,70.75),(2,243.33333333333334,70.75),(2,243.4,70.75),(2,243.46666666666667,70.75),(2,243.53333333333333,70.59),(2,243.6,70.59),(2,243.66666666666666,70.59),(2,243.73333333333332,70.59),(2,243.8,41.25),(2,243.86666666666667,41.25),(2,243.93333333333334,41.25),(2,244,41.25),(2,244.06666666666666,4.1),(2,244.13333333333333,4.1),(2,244.2,4.1),(2,244.26666666666668,4.86),(2,244.33333333333334,4.86),(2,244.4,4.86),(2,244.46666666666667,4.86),(2,244.53333333333333,5.39),(2,244.6,5.39),(2,244.66666666666666,5.39),(2,244.73333333333332,5.39),(2,244.8,5.39),(2,244.86666666666667,5.39),(2,244.93333333333334,5.39),(2,245,5.39),(2,245.06666666666666,5.23),(2,245.13333333333333,5.23),(2,245.2,5.23),(2,245.26666666666668,4.34),(2,245.33333333333334,4.34),(2,245.4,4.34),(2,245.46666666666667,4.34),(2,245.53333333333333,4.26),(2,245.6,4.26),(2,245.66666666666666,4.26),(2,245.73333333333332,4.26),(2,245.8,4.22),(2,245.86666666666667,4.22),(2,245.93333333333334,4.22),(2,246,4.22),(2,246.06666666666666,4.1),(2,246.13333333333333,4.1),(2,246.2,4.1),(2,246.26666666666668,4.34),(2,246.33333333333334,4.34),(2,246.4,4.34),(2,246.46666666666667,4.34),(2,246.53333333333333,25.17),(2,246.6,25.17),(2,246.66666666666666,25.17),(2,246.73333333333332,25.17),(2,246.8,73.16),(2,246.86666666666667,73.16),(2,246.93333333333334,73.16),(2,247,73.16),(2,247.06666666666666,85.83),(2,247.13333333333333,85.83),(2,247.2,85.83),(2,247.26666666666668,90.09),(2,247.33333333333334,90.09),(2,247.4,90.09),(2,247.46666666666667,90.09),(2,247.53333333333333,89.04),(2,247.6,89.04),(2,247.66666666666666,89.04),(2,247.73333333333332,89.04),(2,247.8,88.84),(2,247.86666666666667,88.84),(2,247.93333333333334,88.84),(2,248,88.84),(2,248.06666666666666,88.96),(2,248.13333333333333,88.96),(2,248.2,88.96),(2,248.26666666666668,87.56),(2,248.33333333333334,87.56),(2,248.4,87.56),(2,248.46666666666667,87.56),(2,248.53333333333333,88.16),(2,248.6,88.16),(2,248.66666666666666,88.16),(2,248.73333333333332,88.16),(2,248.8,88.12),(2,248.86666666666667,88.12),(2,248.93333333333334,88.12),(2,249,88.12),(2,249.06666666666666,87.84),(2,249.13333333333333,87.84),(2,249.2,87.84),(2,249.26666666666668,87.72),(2,249.33333333333334,87.72),(2,249.4,87.72),(2,249.46666666666667,87.72),(2,249.53333333333333,87.92),(2,249.6,87.92),(2,249.66666666666666,87.92),(2,249.73333333333332,87.92),(2,249.8,88.4),(2,249.86666666666667,88.4),(2,249.93333333333334,88.4),(2,250,88.4),(2,250.06666666666666,88.8),(2,250.13333333333333,88.8),(2,250.2,88.8),(2,250.26666666666668,88.32),(2,250.33333333333334,88.32),(2,250.4,88.32),(2,250.46666666666667,88.32),(2,250.53333333333333,87.64),(2,250.6,87.64),(2,250.66666666666666,87.64),(2,250.73333333333332,87.64),(2,250.8,88),(2,250.86666666666667,88),(2,250.93333333333334,88),(2,251,88),(2,251.06666666666666,87.96),(2,251.13333333333333,87.96),(2,251.2,87.96),(2,251.26666666666668,88.16),(2,251.33333333333334,88.16),(2,251.4,88.16),(2,251.46666666666667,88.16),(2,251.53333333333333,89.97),(2,251.6,89.97),(2,251.66666666666666,89.97),(2,251.73333333333332,89.97),(2,251.8,87.92),(2,251.86666666666667,87.92),(2,251.93333333333334,87.92),(2,252,87.92),(2,252.06666666666666,87.56),(2,252.13333333333333,87.56),(2,252.2,87.56),(2,252.26666666666668,88.56),(2,252.33333333333334,88.56),(2,252.4,88.56),(2,252.46666666666667,88.56),(2,252.53333333333333,88.08),(2,252.6,88.08),(2,252.66666666666666,88.08),(2,252.73333333333332,88.08),(2,252.8,0.02),(2,252.86666666666667,0.02),(2,252.93333333333334,0.02),(2,253,0.02),(2,253.06666666666666,0.02),(2,253.13333333333333,0.02),(2,253.2,0.02),(2,253.26666666666668,0.02),(2,253.33333333333334,0.02),(2,253.4,0.02),(2,253.46666666666667,0.02),(2,253.53333333333333,0.02),(2,253.6,0.02),(2,253.66666666666666,0.02),(2,253.73333333333332,0.02),(2,253.8,0.02),(2,253.86666666666667,0.02),(2,253.93333333333334,0.02),(2,254,0.02),(2,254.06666666666666,0.02),(2,254.13333333333333,0.02),(2,254.2,0.02),(2,254.26666666666668,0.02),(2,254.33333333333334,0.02),(2,254.4,0.02),(2,254.46666666666667,0.02),(2,254.53333333333333,0.02),(2,254.6,0.02),(2,254.66666666666666,0.02),(2,254.73333333333332,0.02),(2,254.8,0.02),(2,254.86666666666667,0.02),(2,254.93333333333334,0.02),(2,255,0.02),(2,255.06666666666666,0.02),(2,255.13333333333333,0.02),(2,255.2,0.02),(2,255.26666666666668,0.02),(2,255.33333333333334,0.02),(2,255.4,0.02),(2,255.46666666666667,0.02),(2,255.53333333333333,0.02),(2,255.6,0.02),(2,255.66666666666666,0.02),(2,255.73333333333332,0.02),(2,255.8,0.02),(2,255.86666666666667,0.02),(2,255.93333333333334,0.02),(2,256,0.02),(2,256.06666666666666,0.02),(2,256.1333333333333,0.02),(2,256.2,0.02),(2,256.26666666666665,0.02),(2,256.3333333333333,0.02),(2,256.4,0.02),(2,256.46666666666664,0.02),(2,256.53333333333336,88.72),(2,256.6,88.72),(2,256.6666666666667,88.72),(2,256.73333333333335,88.72),(2,256.8,88.92),(2,256.8666666666667,88.92),(2,256.93333333333334,88.92),(2,257,88.92),(2,257.06666666666666,87.64),(2,257.1333333333333,87.64),(2,257.2,87.64),(2,257.26666666666665,87.44),(2,257.3333333333333,87.44),(2,257.4,87.44),(2,257.46666666666664,87.44),(2,257.53333333333336,87.72),(2,257.6,87.72),(2,257.6666666666667,87.72),(2,257.73333333333335,87.72),(2,257.8,87.8),(2,257.8666666666667,87.8),(2,257.93333333333334,87.8),(2,258,87.8),(2,258.06666666666666,87.07),(2,258.1333333333333,87.07),(2,258.2,87.07),(2,258.26666666666665,87.52),(2,258.3333333333333,87.52),(2,258.4,87.52),(2,258.46666666666664,87.52),(2,258.53333333333336,87.31),(2,258.6,87.31),(2,258.6666666666667,87.31),(2,258.73333333333335,87.31),(2,258.8,87.76),(2,258.8666666666667,87.76),(2,258.93333333333334,87.76),(2,259,87.76),(2,259.06666666666666,88.56),(2,259.1333333333333,88.56),(2,259.2,88.56),(2,259.26666666666665,87.31),(2,259.3333333333333,87.31),(2,259.4,87.31),(2,259.46666666666664,87.31),(2,259.53333333333336,87.27),(2,259.6,87.27),(2,259.6666666666667,87.27),(2,259.73333333333335,87.27),(2,259.8,0.02),(2,259.8666666666667,0.02),(2,259.93333333333334,0.02),(2,260,0.02),(2,260.06666666666666,0.02),(2,260.1333333333333,0.02),(2,260.2,0.02),(2,260.26666666666665,0.02),(2,260.3333333333333,0.02),(2,260.4,0.02),(2,260.46666666666664,0.02),(2,260.53333333333336,0.02),(2,260.6,0.02),(2,260.6666666666667,0.02),(2,260.73333333333335,0.02),(2,260.8,0.02),(2,260.8666666666667,0.02),(2,260.93333333333334,0.02),(2,261,0.02),(2,261.06666666666666,0.02),(2,261.1333333333333,0.02),(2,261.2,0.02),(2,261.26666666666665,0.02),(2,261.3333333333333,0.02),(2,261.4,0.02),(2,261.46666666666664,0.02),(2,261.53333333333336,0.02),(2,261.6,0.02),(2,261.6666666666667,0.02),(2,261.73333333333335,0.02),(2,261.8,0.02),(2,261.8666666666667,0.02),(2,261.93333333333334,0.02),(2,262,0.02),(2,262.06666666666666,0.02),(2,262.1333333333333,0.02),(2,262.2,0.02),(2,262.26666666666665,0.02),(2,262.3333333333333,0.02),(2,262.4,0.02),(2,262.46666666666664,0.02),(2,262.53333333333336,0.02),(2,262.6,0.02),(2,262.6666666666667,0.02),(2,262.73333333333335,0.02),(2,262.8,0.02),(2,262.8666666666667,0.02),(2,262.93333333333334,0.02),(2,263,0.02),(2,263.06666666666666,4.22),(2,263.1333333333333,4.22),(2,263.2,4.22),(2,263.26666666666665,4.5),(2,263.3333333333333,4.5),(2,263.4,4.5),(2,263.46666666666664,4.5),(2,263.53333333333336,7.24),(2,263.6,7.24),(2,263.6666666666667,7.24),(2,263.73333333333335,7.24),(2,263.8,11.82),(2,263.8666666666667,11.82),(2,263.93333333333334,11.82),(2,264,11.82),(2,264.06666666666666,70.07),(2,264.1333333333333,70.07),(2,264.2,70.07),(2,264.26666666666665,70.47),(2,264.3333333333333,70.47),(2,264.4,70.47),(2,264.46666666666664,70.47),(2,264.53333333333336,0.02),(2,264.6,0.02),(2,264.6666666666667,0.02),(2,264.73333333333335,0.02),(2,264.8,0.02),(2,264.8666666666667,0.02),(2,264.93333333333334,0.02),(2,265,0.02),(2,265.06666666666666,0.02),(2,265.1333333333333,0.02),(2,265.2,0.02),(2,265.26666666666665,0.02),(2,265.3333333333333,0.02),(2,265.4,0.02),(2,265.46666666666664,0.02),(2,265.53333333333336,0.02),(2,265.6,0.02),(2,265.6666666666667,0.02),(2,265.73333333333335,0.02),(2,265.8,0.02),(2,265.8666666666667,0.02),(2,265.93333333333334,0.02),(2,266,0.02),(2,266.06666666666666,0.02),(2,266.1333333333333,0.02),(2,266.2,0.02),(2,266.26666666666665,0.02),(2,266.3333333333333,0.02),(2,266.4,0.02),(2,266.46666666666664,0.02),(2,266.53333333333336,0.02),(2,266.6,0.02),(2,266.6666666666667,0.02),(2,266.73333333333335,0.02),(2,266.8,0.02),(2,266.8666666666667,0.02),(2,266.93333333333334,0.02),(2,267,0.02),(2,267.06666666666666,0.02),(2,267.1333333333333,0.02),(2,267.2,0.02),(2,267.26666666666665,0.02),(2,267.3333333333333,0.02),(2,267.4,0.02),(2,267.46666666666664,0.02),(2,267.53333333333336,0.02),(2,267.6,0.02),(2,267.6666666666667,0.02),(2,267.73333333333335,0.02),(2,267.8,70.03),(2,267.8666666666667,70.03),(2,267.93333333333334,70.03),(2,268,70.03),(2,268.06666666666666,70.07),(2,268.1333333333333,70.07),(2,268.2,70.07),(2,268.26666666666665,70.19),(2,268.3333333333333,70.19),(2,268.4,70.19),(2,268.46666666666664,70.19),(2,268.53333333333336,69.91),(2,268.6,69.91),(2,268.6666666666667,69.91),(2,268.73333333333335,69.91),(2,268.8,70.19),(2,268.8666666666667,70.19),(2,268.93333333333334,70.19),(2,269,70.19),(2,269.06666666666666,69.95),(2,269.1333333333333,69.95),(2,269.2,69.95),(2,269.26666666666665,71.19),(2,269.3333333333333,71.19),(2,269.4,71.19),(2,269.46666666666664,71.19),(2,269.53333333333336,70.43),(2,269.6,70.43),(2,269.6666666666667,70.43),(2,269.73333333333335,70.43),(2,269.8,70.15),(2,269.8666666666667,70.15),(2,269.93333333333334,70.15),(2,270,70.15),(2,270.06666666666666,70.27),(2,270.1333333333333,70.27),(2,270.2,70.27),(2,270.26666666666665,39.11),(2,270.3333333333333,39.11),(2,270.4,39.11),(2,270.46666666666664,39.11),(2,270.53333333333336,6.15),(2,270.6,6.15),(2,270.6666666666667,6.15),(2,270.73333333333335,6.15),(2,270.8,5.15),(2,270.8666666666667,5.15),(2,270.93333333333334,5.15),(2,271,5.15),(2,271.06666666666666,6.31),(2,271.1333333333333,6.31),(2,271.2,6.31),(2,271.26666666666665,6.19),(2,271.3333333333333,6.19),(2,271.4,6.19),(2,271.46666666666664,6.19),(2,271.53333333333336,6.15),(2,271.6,6.15),(2,271.6666666666667,6.15),(2,271.73333333333335,6.15),(2,271.8,5.31),(2,271.8666666666667,5.31),(2,271.93333333333334,5.31),(2,272,5.31),(2,272.06666666666666,0.02),(2,272.1333333333333,0.02),(2,272.2,0.02),(2,272.26666666666665,0.02),(2,272.3333333333333,0.02),(2,272.4,0.02),(2,272.46666666666664,0.02),(2,272.53333333333336,0.02),(2,272.6,0.02),(2,272.6666666666667,0.02),(2,272.73333333333335,0.02),(2,272.8,0.02),(2,272.8666666666667,0.02),(2,272.93333333333334,0.02),(2,273,0.02),(2,273.06666666666666,0.02),(2,273.1333333333333,0.02),(2,273.2,0.02),(2,273.26666666666665,0.02),(2,273.3333333333333,0.02),(2,273.4,0.02),(2,273.46666666666664,0.02),(2,273.53333333333336,0.02),(2,273.6,0.02),(2,273.6666666666667,0.02),(2,273.73333333333335,0.02),(2,273.8,0.02),(2,273.8666666666667,0.02),(2,273.93333333333334,0.02),(2,274,0.02),(2,274.06666666666666,0.02),(2,274.1333333333333,0.02),(2,274.2,0.02),(2,274.26666666666665,0.02),(2,274.3333333333333,0.02),(2,274.4,0.02),(2,274.46666666666664,0.02),(2,274.53333333333336,0.02),(2,274.6,0.02),(2,274.6666666666667,0.02),(2,274.73333333333335,0.02),(2,274.8,71.4),(2,274.8666666666667,71.4),(2,274.93333333333334,71.4),(2,275,71.4),(2,275.06666666666666,71.27),(2,275.1333333333333,71.27),(2,275.2,71.27),(2,275.26666666666665,71.96),(2,275.3333333333333,71.96),(2,275.4,71.96),(2,275.46666666666664,71.96),(2,275.53333333333336,71.11),(2,275.6,71.11),(2,275.6666666666667,71.11),(2,275.73333333333335,71.11),(2,275.8,71.76),(2,275.8666666666667,71.76),(2,275.93333333333334,71.76),(2,276,71.76),(2,276.06666666666666,70.75),(2,276.1333333333333,70.75),(2,276.2,70.75),(2,276.26666666666665,70.83),(2,276.3333333333333,70.83),(2,276.4,70.83),(2,276.46666666666664,70.83),(2,276.53333333333336,71.84),(2,276.6,71.84),(2,276.6666666666667,71.84),(2,276.73333333333335,71.84),(2,276.8,71.27),(2,276.8666666666667,71.27),(2,276.93333333333334,71.27),(2,277,71.27),(2,277.06666666666666,71.84),(2,277.1333333333333,71.84),(2,277.2,71.84),(2,277.26666666666665,0.02),(2,277.3333333333333,0.02),(2,277.4,0.02),(2,277.46666666666664,0.02),(2,277.53333333333336,0.02),(2,277.6,0.02),(2,277.6666666666667,0.02),(2,277.73333333333335,0.02),(2,277.8,0.02),(2,277.8666666666667,0.02),(2,277.93333333333334,0.02),(2,278,0.02),(2,278.06666666666666,0.02),(2,278.1333333333333,0.02),(2,278.2,0.02),(2,278.26666666666665,0.02),(2,278.3333333333333,0.02),(2,278.4,0.02),(2,278.46666666666664,0.02),(2,278.53333333333336,71.76),(2,278.6,71.76),(2,278.6666666666667,71.76),(2,278.73333333333335,71.76),(2,278.8,70.91),(2,278.8666666666667,70.91),(2,278.93333333333334,70.91),(2,279,70.91),(2,279.06666666666666,71.27),(2,279.1333333333333,71.27),(2,279.2,71.27),(2,279.26666666666665,70.99),(2,279.3333333333333,70.99),(2,279.4,70.99),(2,279.46666666666664,70.99),(2,279.53333333333336,71.07),(2,279.6,71.07),(2,279.6666666666667,71.07),(2,279.73333333333335,71.07),(2,279.8,70.87),(2,279.8666666666667,70.87),(2,279.93333333333334,70.87),(2,280,70.87),(2,280.06666666666666,71.64),(2,280.1333333333333,71.64),(2,280.2,71.64),(2,280.26666666666665,71.19),(2,280.3333333333333,71.19),(2,280.4,71.19),(2,280.46666666666664,71.19),(2,280.53333333333336,71.4),(2,280.6,71.4),(2,280.6666666666667,71.4),(2,280.73333333333335,71.4),(2,280.8,70.95),(2,280.8666666666667,70.95),(2,280.93333333333334,70.95),(2,281,70.95),(2,281.06666666666666,70.91),(2,281.1333333333333,70.91),(2,281.2,70.91),(2,281.26666666666665,0.02),(2,281.3333333333333,0.02),(2,281.4,0.02),(2,281.46666666666664,0.02),(2,281.53333333333336,0.02),(2,281.6,0.02),(2,281.6666666666667,0.02),(2,281.73333333333335,0.02),(2,281.8,70.79),(2,281.8666666666667,70.79),(2,281.93333333333334,70.79),(2,282,70.79),(2,282.06666666666666,71.52),(2,282.1333333333333,71.52),(2,282.2,71.52),(2,282.26666666666665,71.19),(2,282.3333333333333,71.19),(2,282.4,71.19),(2,282.46666666666664,71.19),(2,282.53333333333336,70.95),(2,282.6,70.95),(2,282.6666666666667,70.95),(2,282.73333333333335,70.95),(2,282.8,70.91),(2,282.8666666666667,70.91),(2,282.93333333333334,70.91),(2,283,70.91),(2,283.06666666666666,70.83),(2,283.1333333333333,70.83),(2,283.2,70.83),(2,283.26666666666665,70.87),(2,283.3333333333333,70.87),(2,283.4,70.87),(2,283.46666666666664,70.87),(2,283.53333333333336,70.71),(2,283.6,70.71),(2,283.6666666666667,70.71),(2,283.73333333333335,70.71),(2,283.8,0.02),(2,283.8666666666667,0.02),(2,283.93333333333334,0.02),(2,284,0.02),(2,284.06666666666666,0.02),(2,284.1333333333333,0.02),(2,284.2,0.02),(2,284.26666666666665,0.02),(2,284.3333333333333,0.02),(2,284.4,0.02),(2,284.46666666666664,0.02),(2,284.53333333333336,0.02),(2,284.6,0.02),(2,284.6666666666667,0.02),(2,284.73333333333335,0.02),(2,284.8,0.02),(2,284.8666666666667,0.02),(2,284.93333333333334,0.02),(2,285,0.02),(2,285.06666666666666,0.02),(2,285.1333333333333,0.02),(2,285.2,0.02),(2,285.26666666666665,0.02),(2,285.3333333333333,0.02),(2,285.4,0.02),(2,285.46666666666664,0.02),(2,285.53333333333336,0.02),(2,285.6,0.02),(2,285.6666666666667,0.02),(2,285.73333333333335,0.02),(2,285.8,70.79),(2,285.8666666666667,70.79),(2,285.93333333333334,70.79),(2,286,70.79),(2,286.06666666666666,70.71),(2,286.1333333333333,70.71),(2,286.2,70.71),(2,286.26666666666665,70.71),(2,286.3333333333333,70.71),(2,286.4,70.71),(2,286.46666666666664,70.71),(2,286.53333333333336,70.63),(2,286.6,70.63),(2,286.6666666666667,70.63),(2,286.73333333333335,70.63),(2,286.8,70.75),(2,286.8666666666667,70.75),(2,286.93333333333334,70.75),(2,287,70.75),(2,287.06666666666666,71.88),(2,287.1333333333333,71.88),(2,287.2,71.88),(2,287.26666666666665,71.11),(2,287.3333333333333,71.11),(2,287.4,71.11),(2,287.46666666666664,71.11),(2,287.53333333333336,70.91),(2,287.6,70.91),(2,287.6666666666667,70.91),(2,287.73333333333335,70.91),(2,287.8,70.43),(2,287.8666666666667,70.43),(2,287.93333333333334,70.43),(2,288,70.43),(2,288.06666666666666,0.02),(2,288.1333333333333,0.02),(2,288.2,0.02),(2,288.26666666666665,0.02),(2,288.3333333333333,0.02),(2,288.4,0.02),(2,288.46666666666664,0.02),(2,288.53333333333336,0.02),(2,288.6,0.02),(2,288.6666666666667,0.02),(2,288.73333333333335,0.02),(2,288.8,0.02),(2,288.8666666666667,0.02),(2,288.93333333333334,0.02),(2,289,0.02),(2,289.06666666666666,73.28),(2,289.1333333333333,73.28),(2,289.2,73.28),(2,289.26666666666665,73.32),(2,289.3333333333333,73.32),(2,289.4,73.32),(2,289.46666666666664,73.32),(2,289.53333333333336,73.93),(2,289.6,73.93),(2,289.6666666666667,73.93),(2,289.73333333333335,73.93),(2,289.8,32.6),(2,289.8666666666667,32.6),(2,289.93333333333334,32.6),(2,290,32.6),(2,290.06666666666666,6.67),(2,290.1333333333333,6.67),(2,290.2,6.67),(2,290.26666666666665,6.71),(2,290.3333333333333,6.71),(2,290.4,6.71),(2,290.46666666666664,6.71),(2,290.53333333333336,6.71),(2,290.6,6.71),(2,290.6666666666667,6.71),(2,290.73333333333335,6.71),(2,290.8,7.12),(2,290.8666666666667,7.12),(2,290.93333333333334,7.12),(2,291,7.12),(2,291.06666666666666,6.43),(2,291.1333333333333,6.43),(2,291.2,6.43),(2,291.26666666666665,6.55),(2,291.3333333333333,6.55),(2,291.4,6.55),(2,291.46666666666664,6.55),(2,291.53333333333336,6.19),(2,291.6,6.19),(2,291.6666666666667,6.19),(2,291.73333333333335,6.19),(2,291.8,6.35),(2,291.8666666666667,6.35),(2,291.93333333333334,6.35),(2,292,6.35),(2,292.06666666666666,6.23),(2,292.1333333333333,6.23),(2,292.2,6.23),(2,292.26666666666665,6.47),(2,292.3333333333333,6.47),(2,292.4,6.47),(2,292.46666666666664,6.47),(2,292.53333333333336,7.6),(2,292.6,7.6),(2,292.6666666666667,7.6),(2,292.73333333333335,7.6),(2,292.8,7.84),(2,292.8666666666667,7.84),(2,292.93333333333334,7.84),(2,293,7.84),(2,293.06666666666666,7.4),(2,293.1333333333333,7.4),(2,293.2,7.4),(2,293.26666666666665,7.72),(2,293.3333333333333,7.72),(2,293.4,7.72),(2,293.46666666666664,7.72),(2,293.53333333333336,7.12),(2,293.6,7.12),(2,293.6666666666667,7.12),(2,293.73333333333335,7.12),(2,293.8,6.23),(2,293.8666666666667,6.23),(2,293.93333333333334,6.23),(2,294,6.23),(2,294.06666666666666,6.35),(2,294.1333333333333,6.35),(2,294.2,6.35),(2,294.26666666666665,6.07),(2,294.3333333333333,6.07),(2,294.4,6.07),(2,294.46666666666664,6.07),(2,294.53333333333336,6.47),(2,294.6,6.47),(2,294.6666666666667,6.47),(2,294.73333333333335,6.47),(2,294.8,33.77),(2,294.8666666666667,33.77),(2,294.93333333333334,33.77),(2,295,33.77),(2,295.06666666666666,72.44),(2,295.1333333333333,72.44),(2,295.2,72.44),(2,295.26666666666665,73.16),(2,295.3333333333333,73.16),(2,295.4,73.16),(2,295.46666666666664,73.16),(2,295.53333333333336,73.61),(2,295.6,73.61),(2,295.6666666666667,73.61),(2,295.73333333333335,73.61),(2,295.8,72.92),(2,295.8666666666667,72.92),(2,295.93333333333334,72.92),(2,296,72.92),(2,296.06666666666666,73.2),(2,296.1333333333333,73.2),(2,296.2,73.2),(2,296.26666666666665,73.16),(2,296.3333333333333,73.16),(2,296.4,73.16),(2,296.46666666666664,73.16),(2,296.53333333333336,73.2),(2,296.6,73.2),(2,296.6666666666667,73.2),(2,296.73333333333335,73.2),(2,296.8,0.02),(2,296.8666666666667,0.02),(2,296.93333333333334,0.02),(2,297,0.02),(2,297.06666666666666,0.02),(2,297.1333333333333,0.02),(2,297.2,0.02),(2,297.26666666666665,0.02),(2,297.3333333333333,0.02),(2,297.4,0.02),(2,297.46666666666664,0.02),(2,297.53333333333336,0.02),(2,297.6,0.02),(2,297.6666666666667,0.02),(2,297.73333333333335,0.02),(2,297.8,0.02),(2,297.8666666666667,0.02),(2,297.93333333333334,0.02),(2,298,0.02),(2,298.06666666666666,0.02),(2,298.1333333333333,0.02),(2,298.2,0.02),(2,298.26666666666665,0.02),(2,298.3333333333333,0.02),(2,298.4,0.02),(2,298.46666666666664,0.02),(2,298.53333333333336,73.57),(2,298.6,73.57),(2,298.6666666666667,73.57),(2,298.73333333333335,73.57),(2,298.8,73.45),(2,298.8666666666667,73.45),(2,298.93333333333334,73.45),(2,299,73.45),(2,299.06666666666666,73.45),(2,299.1333333333333,73.45),(2,299.2,73.45),(2,299.26666666666665,74.09),(2,299.3333333333333,74.09),(2,299.4,74.09),(2,299.46666666666664,74.09),(2,299.53333333333336,73.61),(2,299.6,73.61),(2,299.6666666666667,73.61),(2,299.73333333333335,73.61),(2,299.8,73.12),(2,299.8666666666667,73.12),(2,299.93333333333334,73.12),(2,300,73.12),(2,300.06666666666666,73.12),(2,300.1333333333333,73.12),(2,300.2,73.12),(2,300.26666666666665,74.13),(2,300.3333333333333,74.13),(2,300.4,74.13),(2,300.46666666666664,74.13),(2,300.53333333333336,73.65),(2,300.6,73.65),(2,300.6666666666667,73.65),(2,300.73333333333335,73.65),(2,300.8,73.97),(2,300.8666666666667,73.97),(2,300.93333333333334,73.97),(2,301,73.97),(2,301.06666666666666,72.88),(2,301.1333333333333,72.88),(2,301.2,72.88),(2,301.26666666666665,73.08),(2,301.3333333333333,73.08),(2,301.4,73.08),(2,301.46666666666664,73.08),(2,301.53333333333336,72.88),(2,301.6,72.88),(2,301.6666666666667,72.88),(2,301.73333333333335,72.88),(2,301.8,73.04),(2,301.8666666666667,73.04),(2,301.93333333333334,73.04),(2,302,73.04),(2,302.06666666666666,0.02),(2,302.1333333333333,0.02),(2,302.2,0.02),(2,302.26666666666665,0.02),(2,302.3333333333333,0.02),(2,302.4,0.02),(2,302.46666666666664,0.02),(2,302.53333333333336,0.02),(2,302.6,0.02),(2,302.6666666666667,0.02),(2,302.73333333333335,0.02),(2,302.8,0.02),(2,302.8666666666667,0.02),(2,302.93333333333334,0.02),(2,303,0.02),(2,303.06666666666666,0.02),(2,303.1333333333333,0.02),(2,303.2,0.02),(2,303.26666666666665,0.02),(2,303.3333333333333,0.02),(2,303.4,0.02),(2,303.46666666666664,0.02),(2,303.53333333333336,0.02),(2,303.6,0.02),(2,303.6666666666667,0.02),(2,303.73333333333335,0.02),(2,303.8,0.02),(2,303.8666666666667,0.02),(2,303.93333333333334,0.02),(2,304,0.02),(2,304.06666666666666,0.02),(2,304.1333333333333,0.02),(2,304.2,0.02),(2,304.26666666666665,0.02),(2,304.3333333333333,0.02),(2,304.4,0.02),(2,304.46666666666664,0.02),(2,304.53333333333336,0.02),(2,304.6,0.02),(2,304.6666666666667,0.02),(2,304.73333333333335,0.02),(2,304.8,0.02),(2,304.8666666666667,0.02),(2,304.93333333333334,0.02),(2,305,0.02),(2,305.06666666666666,0.02),(2,305.1333333333333,0.02),(2,305.2,0.02),(2,305.26666666666665,0.02),(2,305.3333333333333,0.02),(2,305.4,0.02),(2,305.46666666666664,0.02),(2,305.53333333333336,0.02),(2,305.6,0.02),(2,305.6666666666667,0.02),(2,305.73333333333335,0.02),(2,305.8,72.88),(2,305.8666666666667,72.88),(2,305.93333333333334,72.88),(2,306,72.88),(2,306.06666666666666,72.64),(2,306.1333333333333,72.64),(2,306.2,72.64),(2,306.26666666666665,72.84),(2,306.3333333333333,72.84),(2,306.4,72.84),(2,306.46666666666664,72.84),(2,306.53333333333336,72.76),(2,306.6,72.76),(2,306.6666666666667,72.76),(2,306.73333333333335,72.76),(2,306.8,72.88),(2,306.8666666666667,72.88),(2,306.93333333333334,72.88),(2,307,72.88),(2,307.06666666666666,72.8),(2,307.1333333333333,72.8),(2,307.2,72.8),(2,307.26666666666665,72.8),(2,307.3333333333333,72.8),(2,307.4,72.8),(2,307.46666666666664,72.8),(2,307.53333333333336,72.8),(2,307.6,72.8),(2,307.6666666666667,72.8),(2,307.73333333333335,72.8),(2,307.8,72.48),(2,307.8666666666667,72.48),(2,307.93333333333334,72.48),(2,308,72.48),(2,308.06666666666666,72.08),(2,308.1333333333333,72.08),(2,308.2,72.08),(2,308.26666666666665,73),(2,308.3333333333333,73),(2,308.4,73),(2,308.46666666666664,73),(2,308.53333333333336,72.68),(2,308.6,72.68),(2,308.6666666666667,72.68),(2,308.73333333333335,72.68),(2,308.8,72.96),(2,308.8666666666667,72.96),(2,308.93333333333334,72.96),(2,309,72.96),(2,309.06666666666666,72.52),(2,309.1333333333333,72.52),(2,309.2,72.52),(2,309.26666666666665,73.08),(2,309.3333333333333,73.08),(2,309.4,73.08),(2,309.46666666666664,73.08),(2,309.53333333333336,73.04),(2,309.6,73.04),(2,309.6666666666667,73.04),(2,309.73333333333335,73.04),(2,309.8,73.61),(2,309.8666666666667,73.61),(2,309.93333333333334,73.61),(2,310,73.61),(2,310.06666666666666,0.02),(2,310.1333333333333,0.02),(2,310.2,0.02),(2,310.26666666666665,0.02),(2,310.3333333333333,0.02),(2,310.4,0.02),(2,310.46666666666664,0.02),(2,310.53333333333336,0.02),(2,310.6,0.02),(2,310.6666666666667,0.02),(2,310.73333333333335,0.02),(2,310.8,0.02),(2,310.8666666666667,0.02),(2,310.93333333333334,0.02),(2,311,0.02),(2,311.06666666666666,0.02),(2,311.1333333333333,0.02),(2,311.2,0.02),(2,311.26666666666665,0.02),(2,311.3333333333333,0.02),(2,311.4,0.02),(2,311.46666666666664,0.02),(2,311.53333333333336,0.02),(2,311.6,0.02),(2,311.6666666666667,0.02),(2,311.73333333333335,0.02),(2,311.8,73.73),(2,311.8666666666667,73.73),(2,311.93333333333334,73.73),(2,312,73.73),(2,312.06666666666666,70.55),(2,312.1333333333333,70.55),(2,312.2,70.55),(2,312.26666666666665,70.87),(2,312.3333333333333,70.87),(2,312.4,70.87),(2,312.46666666666664,70.87),(2,312.53333333333336,71.88),(2,312.6,71.88),(2,312.6666666666667,71.88),(2,312.73333333333335,71.88),(2,312.8,71.84),(2,312.8666666666667,71.84),(2,312.93333333333334,71.84),(2,313,71.84),(2,313.06666666666666,0.02),(2,313.1333333333333,0.02),(2,313.2,0.02),(2,313.26666666666665,0.02),(2,313.3333333333333,0.02),(2,313.4,0.02),(2,313.46666666666664,0.02),(2,313.53333333333336,0.02),(2,313.6,0.02),(2,313.6666666666667,0.02),(2,313.73333333333335,0.02),(2,313.8,0.02),(2,313.8666666666667,0.02),(2,313.93333333333334,0.02),(2,314,0.02),(2,314.06666666666666,0.02),(2,314.1333333333333,0.02),(2,314.2,0.02),(2,314.26666666666665,0.02),(2,314.3333333333333,0.02),(2,314.4,0.02),(2,314.46666666666664,0.02),(2,314.53333333333336,0.02),(2,314.6,0.02),(2,314.6666666666667,0.02),(2,314.73333333333335,0.02),(2,314.8,0.02),(2,314.8666666666667,0.02),(2,314.93333333333334,0.02),(2,315,0.02),(2,315.06666666666666,0.02),(2,315.1333333333333,0.02),(2,315.2,0.02),(2,315.26666666666665,0.02),(2,315.3333333333333,0.02),(2,315.4,0.02),(2,315.46666666666664,0.02),(2,315.53333333333336,0.02),(2,315.6,0.02),(2,315.6666666666667,0.02),(2,315.73333333333335,0.02),(2,315.8,0.02),(2,315.8666666666667,0.02),(2,315.93333333333334,0.02),(2,316,0.02),(2,316.06666666666666,4.54),(2,316.1333333333333,4.54),(2,316.2,4.54),(2,316.26666666666665,4.94),(2,316.3333333333333,4.94),(2,316.4,4.94),(2,316.46666666666664,4.94),(2,316.53333333333336,4.7),(2,316.6,4.7),(2,316.6666666666667,4.7),(2,316.73333333333335,4.7),(2,316.8,5.83),(2,316.8666666666667,5.83),(2,316.93333333333334,5.83),(2,317,5.83),(2,317.06666666666666,6.07),(2,317.1333333333333,6.07),(2,317.2,6.07),(2,317.26666666666665,4.7),(2,317.3333333333333,4.7),(2,317.4,4.7),(2,317.46666666666664,4.7),(2,317.53333333333336,4.7),(2,317.6,4.7),(2,317.6666666666667,4.7),(2,317.73333333333335,4.7),(2,317.8,4.74),(2,317.8666666666667,4.74),(2,317.93333333333334,4.74),(2,318,4.74),(2,318.06666666666666,4.86),(2,318.1333333333333,4.86),(2,318.2,4.86),(2,318.26666666666665,5.27),(2,318.3333333333333,5.27),(2,318.4,5.27),(2,318.46666666666664,5.27),(2,318.53333333333336,4.58),(2,318.6,4.58),(2,318.6666666666667,4.58),(2,318.73333333333335,4.58),(2,318.8,5.63),(2,318.8666666666667,5.63),(2,318.93333333333334,5.63),(2,319,5.63),(2,319.06666666666666,39.15),(2,319.1333333333333,39.15),(2,319.2,39.15),(2,319.26666666666665,70.43),(2,319.3333333333333,70.43),(2,319.4,70.43),(2,319.46666666666664,70.43),(2,319.53333333333336,70.71),(2,319.6,70.71),(2,319.6666666666667,70.71),(2,319.73333333333335,70.71),(2,319.8,71.44),(2,319.8666666666667,71.44),(2,319.93333333333334,71.44),(2,320,71.44),(2,320.06666666666666,71.84),(2,320.1333333333333,71.84),(2,320.2,71.84),(2,320.26666666666665,71.72),(2,320.3333333333333,71.72),(2,320.4,71.72),(2,320.46666666666664,71.72),(2,320.53333333333336,71.03),(2,320.6,71.03),(2,320.6666666666667,71.03),(2,320.73333333333335,71.03),(2,320.8,0.02),(2,320.8666666666667,0.02),(2,320.93333333333334,0.02),(2,321,0.02),(2,321.06666666666666,0.02),(2,321.1333333333333,0.02),(2,321.2,0.02),(2,321.26666666666665,0.02),(2,321.3333333333333,0.02),(2,321.4,0.02),(2,321.46666666666664,0.02),(2,321.53333333333336,0.02),(2,321.6,0.02),(2,321.6666666666667,0.02),(2,321.73333333333335,0.02),(2,321.8,0.02),(2,321.8666666666667,0.02),(2,321.93333333333334,0.02),(2,322,0.02),(2,322.06666666666666,0.02),(2,322.1333333333333,0.02),(2,322.2,0.02),(2,322.26666666666665,0.02),(2,322.3333333333333,0.02),(2,322.4,0.02),(2,322.46666666666664,0.02),(2,322.53333333333336,0.02),(2,322.6,0.02),(2,322.6666666666667,0.02),(2,322.73333333333335,0.02),(2,322.8,0.02),(2,322.8666666666667,0.02),(2,322.93333333333334,0.02),(2,323,0.02),(2,323.06666666666666,71.23),(2,323.1333333333333,71.23),(2,323.2,71.23),(2,323.26666666666665,70.11),(2,323.3333333333333,70.11),(2,323.4,70.11),(2,323.46666666666664,70.11),(2,323.53333333333336,70.23),(2,323.6,70.23),(2,323.6666666666667,70.23),(2,323.73333333333335,70.23),(2,323.8,70.43),(2,323.8666666666667,70.43),(2,323.93333333333334,70.43),(2,324,70.43),(2,324.06666666666666,70.35),(2,324.1333333333333,70.35),(2,324.2,70.35),(2,324.26666666666665,71.68),(2,324.3333333333333,71.68),(2,324.4,71.68),(2,324.46666666666664,71.68),(2,324.53333333333336,70.35),(2,324.6,70.35),(2,324.6666666666667,70.35),(2,324.73333333333335,70.35),(2,324.8,70.27),(2,324.8666666666667,70.27),(2,324.93333333333334,70.27),(2,325,70.27),(2,325.06666666666666,70.23),(2,325.1333333333333,70.23),(2,325.2,70.23),(2,325.26666666666665,70.47),(2,325.3333333333333,70.47),(2,325.4,70.47),(2,325.46666666666664,70.47),(2,325.53333333333336,0.02),(2,325.6,0.02),(2,325.6666666666667,0.02),(2,325.73333333333335,0.02),(2,325.8,0.02),(2,325.8666666666667,0.02),(2,325.93333333333334,0.02),(2,326,0.02),(2,326.06666666666666,0.02),(2,326.1333333333333,0.02),(2,326.2,0.02),(2,326.26666666666665,0.02),(2,326.3333333333333,0.02),(2,326.4,0.02),(2,326.46666666666664,0.02),(2,326.53333333333336,0.02),(2,326.6,0.02),(2,326.6666666666667,0.02),(2,326.73333333333335,0.02),(2,326.8,0.02),(2,326.8666666666667,0.02),(2,326.93333333333334,0.02),(2,327,0.02),(2,327.06666666666666,0.02),(2,327.1333333333333,0.02),(2,327.2,0.02),(2,327.26666666666665,0.02),(2,327.3333333333333,0.02),(2,327.4,0.02),(2,327.46666666666664,0.02),(2,327.53333333333336,0.02),(2,327.6,0.02),(2,327.6666666666667,0.02),(2,327.73333333333335,0.02),(2,327.8,0.02),(2,327.8666666666667,0.02),(2,327.93333333333334,0.02),(2,328,0.02),(2,328.06666666666666,0.02),(2,328.1333333333333,0.02),(2,328.2,0.02),(2,328.26666666666665,0.02),(2,328.3333333333333,0.02),(2,328.4,0.02),(2,328.46666666666664,0.02),(2,328.53333333333336,70.07),(2,328.6,70.07),(2,328.6666666666667,70.07),(2,328.73333333333335,70.07),(2,328.8,70.19),(2,328.8666666666667,70.19),(2,328.93333333333334,70.19),(2,329,70.19),(2,329.06666666666666,70.07),(2,329.1333333333333,70.07),(2,329.2,70.07),(2,329.26666666666665,70.03),(2,329.3333333333333,70.03),(2,329.4,70.03),(2,329.46666666666664,70.03),(2,329.53333333333336,69.91),(2,329.6,69.91),(2,329.6666666666667,69.91),(2,329.73333333333335,69.91),(2,329.8,70.15),(2,329.8666666666667,70.15),(2,329.93333333333334,70.15),(2,330,70.15),(2,330.06666666666666,70.03),(2,330.1333333333333,70.03),(2,330.2,70.03),(2,330.26666666666665,70.39),(2,330.3333333333333,70.39),(2,330.4,70.39),(2,330.46666666666664,70.39),(2,330.53333333333336,70.23),(2,330.6,70.23),(2,330.6666666666667,70.23),(2,330.73333333333335,70.23),(2,330.8,69.99),(2,330.8666666666667,69.99),(2,330.93333333333334,69.99),(2,331,69.99),(2,331.06666666666666,70.23),(2,331.1333333333333,70.23),(2,331.2,70.23),(2,331.26666666666665,71.07),(2,331.3333333333333,71.07),(2,331.4,71.07),(2,331.46666666666664,71.07),(2,331.53333333333336,71.19),(2,331.6,71.19),(2,331.6666666666667,71.19),(2,331.73333333333335,71.19),(2,331.8,0.02),(2,331.8666666666667,0.02),(2,331.93333333333334,0.02),(2,332,0.02),(2,332.06666666666666,0.02),(2,332.1333333333333,0.02),(2,332.2,0.02),(2,332.26666666666665,0.02),(2,332.3333333333333,0.02),(2,332.4,0.02),(2,332.46666666666664,0.02),(2,332.53333333333336,0.02),(2,332.6,0.02),(2,332.6666666666667,0.02),(2,332.73333333333335,0.02),(2,332.8,0.02),(2,332.8666666666667,0.02),(2,332.93333333333334,0.02),(2,333,0.02),(2,333.06666666666666,71.31),(2,333.1333333333333,71.31),(2,333.2,71.31),(2,333.26666666666665,70.83),(2,333.3333333333333,70.83),(2,333.4,70.83),(2,333.46666666666664,70.83),(2,333.53333333333336,71.23),(2,333.6,71.23),(2,333.6666666666667,71.23),(2,333.73333333333335,71.23),(2,333.8,71.48),(2,333.8666666666667,71.48),(2,333.93333333333334,71.48),(2,334,71.48),(2,334.06666666666666,70.99),(2,334.1333333333333,70.99),(2,334.2,70.99),(2,334.26666666666665,0.02),(2,334.3333333333333,0.02),(2,334.4,0.02),(2,334.46666666666664,0.02),(2,334.53333333333336,0.02),(2,334.6,0.02),(2,334.6666666666667,0.02),(2,334.73333333333335,0.02),(2,334.8,71.23),(2,334.8666666666667,71.23),(2,334.93333333333334,71.23),(2,335,71.23),(2,335.06666666666666,71.15),(2,335.1333333333333,71.15),(2,335.2,71.15),(2,335.26666666666665,71.52),(2,335.3333333333333,71.52),(2,335.4,71.52),(2,335.46666666666664,71.52),(2,335.53333333333336,70.91),(2,335.6,70.91),(2,335.6666666666667,70.91),(2,335.73333333333335,70.91),(2,335.8,71.03),(2,335.8666666666667,71.03),(2,335.93333333333334,71.03),(2,336,71.03);
UNLOCK TABLES;
