0.066666667,5.628
0.133333333,5.628
0.2,5.628
0.266666667,49.2852
0.333333333,49.2852
0.4,49.2852
0.466666667,49.2852
0.533333333,77.7066
0.6,77.7066
0.666666667,77.7066
0.733333333,77.7066
0.8,77.6664
0.866666667,77.6664
0.933333333,77.6664
1,77.6664
1.066666667,77.9478
1.133333333,77.9478
1.2,77.9478
1.266666667,78.9528
1.333333333,78.9528
1.4,78.9528
1.466666667,78.9528
1.533333333,79.2744
1.6,79.2744
1.666666667,79.2744
1.733333333,79.2744
1.8,78.993
1.866666667,78.993
1.933333333,78.993
2,78.993
2.066666667,79.1538
2.133333333,79.1538
2.2,79.1538
2.266666667,79.4754
2.333333333,79.4754
2.4,79.4754
2.466666667,79.4754
2.533333333,78.993
2.6,78.993
2.666666667,78.993
2.733333333,78.993
2.8,79.3548
2.866666667,79.3548
2.933333333,79.3548
3,79.3548
3.066666667,78.993
3.133333333,78.993
3.2,78.993
3.266666667,77.9076
3.333333333,77.9076
3.4,77.9076
3.466666667,77.9076
3.533333333,77.8272
3.6,77.8272
3.666666667,77.8272
3.733333333,77.8272
3.8,77.9478
3.866666667,77.9478
3.933333333,77.9478
4,77.9478
4.066666667,77.9076
4.133333333,77.9076
4.2,77.9076
4.266666667,77.9076
4.333333333,77.9076
4.4,77.9076
4.466666667,77.9076
4.533333333,0
4.6,0
4.666666667,0
4.733333333,0
4.8,0
4.866666667,0
4.933333333,0
5,0
5.066666667,0
5.133333333,0
5.2,0
5.266666667,0
5.333333333,0
5.4,0
5.466666667,0
5.533333333,0
5.6,0
5.666666667,0
5.733333333,0
5.8,0
5.866666667,0
5.933333333,0
6,0
6.066666667,77.8674
6.133333333,77.8674
6.2,77.8674
6.266666667,78.9528
6.333333333,78.9528
6.4,78.9528
6.466666667,78.9528
6.533333333,77.9076
6.6,77.9076
6.666666667,77.9076
6.733333333,77.9076
6.8,77.6664
6.866666667,77.6664
6.933333333,77.6664
7,77.6664
7.066666667,77.787
7.133333333,77.787
7.2,77.787
7.266666667,78.0684
7.333333333,78.0684
7.4,78.0684
7.466666667,78.0684
7.533333333,80.5608
7.6,80.5608
7.666666667,80.5608
7.733333333,80.5608
7.8,88.44
7.866666667,88.44
7.933333333,88.44
8,88.44
8.066666667,78.1488
8.133333333,78.1488
8.2,78.1488
8.266666667,77.8272
8.333333333,77.8272
8.4,77.8272
8.466666667,77.8272
8.533333333,77.8674
8.6,77.8674
8.666666667,77.8674
8.733333333,77.8674
8.8,77.9478
8.866666667,77.9478
8.933333333,77.9478
9,77.9478
9.066666667,77.9478
9.133333333,77.9478
9.2,77.9478
9.266666667,77.9076
9.333333333,77.9076
9.4,77.9076
9.466666667,77.9076
9.533333333,78.3498
9.6,78.3498
9.666666667,78.3498
9.733333333,78.3498
9.8,0
9.866666667,0
9.933333333,0
10,0
10.06666667,0
10.13333333,0
10.2,0
10.26666667,0
10.33333333,0
10.4,0
10.46666667,0
10.53333333,0
10.6,0
10.66666667,0
10.73333333,0
10.8,0
10.86666667,0
10.93333333,0
11,0
11.06666667,0
11.13333333,0
11.2,0
11.26666667,0
11.33333333,0
11.4,0
11.46666667,0
11.53333333,0
11.6,0
11.66666667,0
11.73333333,0
11.8,0
11.86666667,0
11.93333333,0
12,0
12.06666667,0
12.13333333,0
12.2,0
12.26666667,0
12.33333333,0
12.4,0
12.46666667,0
12.53333333,0
12.6,0
12.66666667,0
12.73333333,0
12.8,71.9982
12.86666667,71.9982
12.93333333,71.9982
13,71.9982
13.06666667,74.772
13.13333333,74.772
13.2,74.772
13.26666667,107.8164
13.33333333,107.8164
13.4,107.8164
13.46666667,107.8164
13.53333333,99.696
13.6,99.696
13.66666667,99.696
13.73333333,99.696
13.8,70.953
13.86666667,70.953
13.93333333,70.953
14,70.953
14.06666667,70.7922
14.13333333,70.7922
14.2,70.7922
14.26666667,70.953
14.33333333,70.953
14.4,70.953
14.46666667,70.953
14.53333333,71.757
14.6,71.757
14.66666667,71.757
14.73333333,71.757
14.8,70.4706
14.86666667,70.4706
14.93333333,70.4706
15,70.4706
15.06666667,71.757
15.13333333,71.757
15.2,71.757
15.26666667,71.1942
15.33333333,71.1942
15.4,71.1942
15.46666667,71.1942
15.53333333,70.9932
15.6,70.9932
15.66666667,70.9932
15.73333333,70.9932
15.8,70.9128
15.86666667,70.9128
15.93333333,70.9128
16,70.9128
16.06666667,71.0736
16.13333333,71.0736
16.2,71.0736
16.26666667,71.154
16.33333333,71.154
16.4,71.154
16.46666667,71.154
16.53333333,71.1138
16.6,71.1138
16.66666667,71.1138
16.73333333,71.1138
16.8,26.1702
16.86666667,26.1702
16.93333333,26.1702
17,26.1702
17.06666667,0
17.13333333,0
17.2,0
17.26666667,0
17.33333333,0
17.4,0
17.46666667,0
17.53333333,0
17.6,0
17.66666667,0
17.73333333,0
17.8,0
17.86666667,0
17.93333333,0
18,0
18.06666667,0
18.13333333,0
18.2,0
18.26666667,0
18.33333333,0
18.4,0
18.46666667,0
18.53333333,0
18.6,0
18.66666667,0
18.73333333,0
18.8,0
18.86666667,0
18.93333333,0
19,0
19.06666667,4.6632
19.13333333,4.6632
19.2,4.6632
19.26666667,4.3416
19.33333333,4.3416
19.4,4.3416
19.46666667,4.3416
19.53333333,4.0602
19.6,4.0602
19.66666667,4.0602
19.73333333,4.0602
19.8,4.3014
19.86666667,4.3014
19.93333333,4.3014
20,4.3014
20.06666667,4.1004
20.13333333,4.1004
20.2,4.1004
20.26666667,4.1004
20.33333333,4.1004
20.4,4.1004
20.46666667,4.1004
20.53333333,4.0602
20.6,4.0602
20.66666667,4.0602
20.73333333,4.0602
20.8,4.02
20.86666667,4.02
20.93333333,4.02
21,4.02
21.06666667,4.9446
21.13333333,4.9446
21.2,4.9446
21.26666667,5.1858
21.33333333,5.1858
21.4,5.1858
21.46666667,5.1858
21.53333333,4.1406
21.6,4.1406
21.66666667,4.1406
21.73333333,4.1406
21.8,3.9798
21.86666667,3.9798
21.93333333,3.9798
22,3.9798
22.06666667,0
22.13333333,0
22.2,0
22.26666667,0
22.33333333,0
22.4,0
22.46666667,0
22.53333333,0
22.6,0
22.66666667,0
22.73333333,0
22.8,0
22.86666667,0
22.93333333,0
23,0
23.06666667,0
23.13333333,0
23.2,0
23.26666667,0
23.33333333,0
23.4,0
23.46666667,0
23.53333333,0
23.6,0
23.66666667,0
23.73333333,0
23.8,0
23.86666667,0
23.93333333,0
24,0
24.06666667,70.9128
24.13333333,70.9128
24.2,70.9128
24.26666667,70.6314
24.33333333,70.6314
24.4,70.6314
24.46666667,70.6314
24.53333333,70.6314
24.6,70.6314
24.66666667,70.6314
24.73333333,70.6314
24.8,0
24.86666667,0
24.93333333,0
25,0
25.06666667,0
25.13333333,0
25.2,0
25.26666667,0
25.33333333,0
25.4,0
25.46666667,0
25.53333333,0
25.6,0
25.66666667,0
25.73333333,0
25.8,0
25.86666667,0
25.93333333,0
26,0
26.06666667,0
26.13333333,0
26.2,0
26.26666667,0
26.33333333,0
26.4,0
26.46666667,0
26.53333333,0
26.6,0
26.66666667,0
26.73333333,0
26.8,0
26.86666667,0
26.93333333,0
27,0
27.06666667,0
27.13333333,0
27.2,0
27.26666667,0
27.33333333,0
27.4,0
27.46666667,0
27.53333333,0
27.6,0
27.66666667,0
27.73333333,0
27.8,0
27.86666667,0
27.93333333,0
28,0
28.06666667,70.6314
28.13333333,70.6314
28.2,70.6314
28.26666667,70.2294
28.33333333,70.2294
28.4,70.2294
28.46666667,70.2294
28.53333333,70.4304
28.6,70.4304
28.66666667,70.4304
28.73333333,70.4304
28.8,70.551
28.86666667,70.551
28.93333333,70.551
29,70.551
29.06666667,70.5108
29.13333333,70.5108
29.2,70.5108
29.26666667,70.7118
29.33333333,70.7118
29.4,70.7118
29.46666667,70.7118
29.53333333,70.7118
29.6,70.7118
29.66666667,70.7118
29.73333333,70.7118
29.8,70.8726
29.86666667,70.8726
29.93333333,70.8726
30,70.8726
30.06666667,70.3098
30.13333333,70.3098
30.2,70.3098
30.26666667,70.4706
30.33333333,70.4706
30.4,70.4706
30.46666667,70.4706
30.53333333,70.3902
30.6,70.3902
30.66666667,70.3902
30.73333333,70.3902
30.8,71.1138
30.86666667,71.1138
30.93333333,71.1138
31,71.1138
31.06666667,71.3148
31.13333333,71.3148
31.2,71.3148
31.26666667,71.7168
31.33333333,71.7168
31.4,71.7168
31.46666667,71.7168
31.53333333,71.6766
31.6,71.6766
31.66666667,71.6766
31.73333333,71.6766
31.8,71.1138
31.86666667,71.1138
31.93333333,71.1138
32,71.1138
32.06666667,71.0736
32.13333333,71.0736
32.2,71.0736
32.26666667,70.953
32.33333333,70.953
32.4,70.953
32.46666667,70.953
32.53333333,70.6314
32.6,70.6314
32.66666667,70.6314
32.73333333,70.6314
32.8,0
32.86666667,0
32.93333333,0
33,0
33.06666667,0
33.13333333,0
33.2,0
33.26666667,0
33.33333333,0
33.4,0
33.46666667,0
33.53333333,0
33.6,0
33.66666667,0
33.73333333,0
33.8,0
33.86666667,0
33.93333333,0
34,0
34.06666667,0
34.13333333,0
34.2,0
34.26666667,0
34.33333333,0
34.4,0
34.46666667,0
34.53333333,0
34.6,0
34.66666667,0
34.73333333,0
34.8,71.5158
34.86666667,71.5158
34.93333333,71.5158
35,71.5158
35.06666667,71.3148
35.13333333,71.3148
35.2,71.3148
35.26666667,70.752
35.33333333,70.752
35.4,70.752
35.46666667,70.752
35.53333333,70.8324
35.6,70.8324
35.66666667,70.8324
35.73333333,70.8324
35.8,71.0736
35.86666667,71.0736
35.93333333,71.0736
36,71.0736
36.06666667,70.8324
36.13333333,70.8324
36.2,70.8324
36.26666667,72.159
36.33333333,72.159
36.4,72.159
36.46666667,72.159
36.53333333,71.7168
36.6,71.7168
36.66666667,71.7168
36.73333333,71.7168
36.8,70.9128
36.86666667,70.9128
36.93333333,70.9128
37,70.9128
37.06666667,71.7972
37.13333333,71.7972
37.2,71.7972
37.26666667,71.757
37.33333333,71.757
37.4,71.757
37.46666667,71.757
37.53333333,70.9128
37.6,70.9128
37.66666667,70.9128
37.73333333,70.9128
37.8,0
37.86666667,0
37.93333333,0
38,0
38.06666667,0
38.13333333,0
38.2,0
38.26666667,0
38.33333333,0
38.4,0
38.46666667,0
38.53333333,0
38.6,0
38.66666667,0
38.73333333,0
38.8,0
38.86666667,0
38.93333333,0
39,0
39.06666667,0
39.13333333,0
39.2,0
39.26666667,0
39.33333333,0
39.4,0
39.46666667,0
39.53333333,0
39.6,0
39.66666667,0
39.73333333,0
39.8,0
39.86666667,0
39.93333333,0
40,0
40.06666667,0
40.13333333,0
40.2,0
40.26666667,0
40.33333333,0
40.4,0
40.46666667,0
40.53333333,0
40.6,0
40.66666667,0
40.73333333,0
40.8,0
40.86666667,0
40.93333333,0
41,0
41.06666667,0
41.13333333,0
41.2,0
41.26666667,0
41.33333333,0
41.4,0
41.46666667,0
41.53333333,0
41.6,0
41.66666667,0
41.73333333,0
41.8,0
41.86666667,0
41.93333333,0
42,0
42.06666667,70.5108
42.13333333,70.5108
42.2,70.5108
42.26666667,70.7922
42.33333333,70.7922
42.4,70.7922
42.46666667,70.7922
42.53333333,70.551
42.6,70.551
42.66666667,70.551
42.73333333,70.551
42.8,70.6314
42.86666667,70.6314
42.93333333,70.6314
43,70.6314
43.06666667,70.752
43.13333333,70.752
43.2,70.752
43.26666667,71.0736
43.33333333,71.0736
43.4,71.0736
43.46666667,71.0736
43.53333333,70.6716
43.6,70.6716
43.66666667,70.6716
43.73333333,70.6716
43.8,70.3098
43.86666667,70.3098
43.93333333,70.3098
44,70.3098
44.06666667,70.6314
44.13333333,70.6314
44.2,70.6314
44.26666667,70.551
44.33333333,70.551
44.4,70.551
44.46666667,70.551
44.53333333,70.4706
44.6,70.4706
44.66666667,70.4706
44.73333333,70.4706
44.8,70.35
44.86666667,70.35
44.93333333,70.35
45,70.35
45.06666667,70.4706
45.13333333,70.4706
45.2,70.4706
45.26666667,70.6716
45.33333333,70.6716
45.4,70.6716
45.46666667,70.6716
45.53333333,70.5912
45.6,70.5912
45.66666667,70.5912
45.73333333,70.5912
45.8,71.1942
45.86666667,71.1942
45.93333333,71.1942
46,71.1942
46.06666667,70.5912
46.13333333,70.5912
46.2,70.5912
46.26666667,0
46.33333333,0
46.4,0
46.46666667,0
46.53333333,0
46.6,0
46.66666667,0
46.73333333,0
46.8,0
46.86666667,0
46.93333333,0
47,0
47.06666667,0
47.13333333,0
47.2,0
47.26666667,0
47.33333333,0
47.4,0
47.46666667,0
47.53333333,0
47.6,0
47.66666667,0
47.73333333,0
47.8,0
47.86666667,0
47.93333333,0
48,0
48.06666667,0
48.13333333,0
48.2,0
48.26666667,0
48.33333333,0
48.4,0
48.46666667,0
48.53333333,0
48.6,0
48.66666667,0
48.73333333,0
48.8,0
48.86666667,0
48.93333333,0
49,0
49.06666667,0
49.13333333,0
49.2,0
49.26666667,0
49.33333333,0
49.4,0
49.46666667,0
49.53333333,70.4706
49.6,70.4706
49.66666667,70.4706
49.73333333,70.4706
49.8,70.551
49.86666667,70.551
49.93333333,70.551
50,70.551
50.06666667,70.4304
50.13333333,70.4304
50.2,70.4304
50.26666667,70.7118
50.33333333,70.7118
50.4,70.7118
50.46666667,70.7118
50.53333333,71.5962
50.6,71.5962
50.66666667,71.5962
50.73333333,71.5962
50.8,72.1992
50.86666667,72.1992
50.93333333,72.1992
51,72.1992
51.06666667,71.8776
51.13333333,71.8776
51.2,71.8776
51.26666667,71.3952
51.33333333,71.3952
51.4,71.3952
51.46666667,71.3952
51.53333333,70.3902
51.6,70.3902
51.66666667,70.3902
51.73333333,70.3902
51.8,70.5108
51.86666667,70.5108
51.93333333,70.5108
52,70.5108
52.06666667,70.5108
52.13333333,70.5108
52.2,70.5108
52.26666667,70.8324
52.33333333,70.8324
52.4,70.8324
52.46666667,70.8324
52.53333333,70.752
52.6,70.752
52.66666667,70.752
52.73333333,70.752
52.8,70.752
52.86666667,70.752
52.93333333,70.752
53,70.752
53.06666667,70.9128
53.13333333,70.9128
53.2,70.9128
53.26666667,70.9932
53.33333333,70.9932
53.4,70.9932
53.46666667,70.9932
53.53333333,70.7922
53.6,70.7922
53.66666667,70.7922
53.73333333,70.7922
53.8,70.6716
53.86666667,70.6716
53.93333333,70.6716
54,70.6716
54.06666667,70.8324
54.13333333,70.8324
54.2,70.8324
54.26666667,71.3952
54.33333333,71.3952
54.4,71.3952
54.46666667,71.3952
54.53333333,72.0384
54.6,72.0384
54.66666667,72.0384
54.73333333,72.0384
54.8,72.1992
54.86666667,72.1992
54.93333333,72.1992
55,72.1992
55.06666667,72.1992
55.13333333,72.1992
55.2,72.1992
55.26666667,71.6364
55.33333333,71.6364
55.4,71.6364
55.46666667,71.6364
55.53333333,0
55.6,0
55.66666667,0
55.73333333,0
55.8,0
55.86666667,0
55.93333333,0
56,0
56.06666667,0
56.13333333,0
56.2,0
56.26666667,0
56.33333333,0
56.4,0
56.46666667,0
56.53333333,0
56.6,0
56.66666667,0
56.73333333,0
56.8,0
56.86666667,0
56.93333333,0
57,0
57.06666667,0
57.13333333,0
57.2,0
57.26666667,0
57.33333333,0
57.4,0
57.46666667,0
57.53333333,70.953
57.6,70.953
57.66666667,70.953
57.73333333,70.953
57.8,70.9932
57.86666667,70.9932
57.93333333,70.9932
58,70.9932
58.06666667,70.752
58.13333333,70.752
58.2,70.752
58.26666667,71.355
58.33333333,71.355
58.4,71.355
58.46666667,71.355
58.53333333,70.6314
58.6,70.6314
58.66666667,70.6314
58.73333333,70.6314
58.8,70.9128
58.86666667,70.9128
58.93333333,70.9128
59,70.9128
59.06666667,70.8726
59.13333333,70.8726
59.2,70.8726
59.26666667,70.551
59.33333333,70.551
59.4,70.551
59.46666667,70.551
59.53333333,70.8324
59.6,70.8324
59.66666667,70.8324
59.73333333,70.8324
59.8,71.8776
59.86666667,71.8776
59.93333333,71.8776
60,71.8776
60.06666667,71.8776
60.13333333,71.8776
60.2,71.8776
60.26666667,0
60.33333333,0
60.4,0
60.46666667,0
60.53333333,0
60.6,0
60.66666667,0
60.73333333,0
60.8,0
60.86666667,0
60.93333333,0
61,0
61.06666667,0
61.13333333,0
61.2,0
61.26666667,0
61.33333333,0
61.4,0
61.46666667,0
61.53333333,0
61.6,0
61.66666667,0
61.73333333,0
61.8,0
61.86666667,0
61.93333333,0
62,0
62.06666667,0
62.13333333,0
62.2,0
62.26666667,0
62.33333333,0
62.4,0
62.46666667,0
62.53333333,0
62.6,0
62.66666667,0
62.73333333,0
62.8,0
62.86666667,0
62.93333333,0
63,0
63.06666667,0
63.13333333,0
63.2,0
63.26666667,0
63.33333333,0
63.4,0
63.46666667,0
63.53333333,0
63.6,0
63.66666667,0
63.73333333,0
63.8,4.5024
63.86666667,4.5024
63.93333333,4.5024
64,4.5024
64.06666667,4.6632
64.13333333,4.6632
64.2,4.6632
64.26666667,4.422
64.33333333,4.422
64.4,4.422
64.46666667,4.422
64.53333333,4.4622
64.6,4.4622
64.66666667,4.4622
64.73333333,4.4622
64.8,4.2612
64.86666667,4.2612
64.93333333,4.2612
65,4.2612
65.06666667,5.3064
65.13333333,5.3064
65.2,5.3064
65.26666667,4.5024
65.33333333,4.5024
65.4,4.5024
65.46666667,4.5024
65.53333333,4.3416
65.6,4.3416
65.66666667,4.3416
65.73333333,4.3416
65.8,4.3014
65.86666667,4.3014
65.93333333,4.3014
66,4.3014
66.06666667,4.2612
66.13333333,4.2612
66.2,4.2612
66.26666667,5.0652
66.33333333,5.0652
66.4,5.0652
66.46666667,5.0652
66.53333333,5.427
66.6,5.427
66.66666667,5.427
66.73333333,5.427
66.8,4.9848
66.86666667,4.9848
66.93333333,4.9848
67,4.9848
67.06666667,6.834
67.13333333,6.834
67.2,6.834
67.26666667,52.0992
67.33333333,52.0992
67.4,52.0992
67.46666667,52.0992
67.53333333,0
67.6,0
67.66666667,0
67.73333333,0
67.8,0
67.86666667,0
67.93333333,0
68,0
68.06666667,0
68.13333333,0
68.2,0
68.26666667,0
68.33333333,0
68.4,0
68.46666667,0
68.53333333,0
68.6,0
68.66666667,0
68.73333333,0
68.8,0
68.86666667,0
68.93333333,0
69,0
69.06666667,0
69.13333333,0
69.2,0
69.26666667,0
69.33333333,0
69.4,0
69.46666667,0
69.53333333,71.0334
69.6,71.0334
69.66666667,71.0334
69.73333333,71.0334
69.8,70.9932
69.86666667,70.9932
69.93333333,70.9932
70,70.9932
70.06666667,70.551
70.13333333,70.551
70.2,70.551
70.26666667,70.6716
70.33333333,70.6716
70.4,70.6716
70.46666667,70.6716
70.53333333,70.6314
70.6,70.6314
70.66666667,70.6314
70.73333333,70.6314
70.8,70.7922
70.86666667,70.7922
70.93333333,70.7922
71,70.7922
71.06666667,70.953
71.13333333,70.953
71.2,70.953
71.26666667,70.5912
71.33333333,70.5912
71.4,70.5912
71.46666667,70.5912
71.53333333,70.8726
71.6,70.8726
71.66666667,70.8726
71.73333333,70.8726
71.8,70.4304
71.86666667,70.4304
71.93333333,70.4304
72,70.4304
72.06666667,72.1188
72.13333333,72.1188
72.2,72.1188
72.26666667,71.1138
72.33333333,71.1138
72.4,71.1138
72.46666667,71.1138
72.53333333,71.3148
72.6,71.3148
72.66666667,71.3148
72.73333333,71.3148
72.8,71.1942
72.86666667,71.1942
72.93333333,71.1942
73,71.1942
73.06666667,71.355
73.13333333,71.355
73.2,71.355
73.26666667,71.154
73.33333333,71.154
73.4,71.154
73.46666667,71.154
73.53333333,71.3148
73.6,71.3148
73.66666667,71.3148
73.73333333,71.3148
73.8,71.1942
73.86666667,71.1942
73.93333333,71.1942
74,71.1942
74.06666667,71.2344
74.13333333,71.2344
74.2,71.2344
74.26666667,71.6766
74.33333333,71.6766
74.4,71.6766
74.46666667,71.6766
74.53333333,71.0736
74.6,71.0736
74.66666667,71.0736
74.73333333,71.0736
74.8,71.3952
74.86666667,71.3952
74.93333333,71.3952
75,71.3952
75.06666667,71.2746
75.13333333,71.2746
75.2,71.2746
75.26666667,71.355
75.33333333,71.355
75.4,71.355
75.46666667,71.355
75.53333333,70.9932
75.6,70.9932
75.66666667,70.9932
75.73333333,70.9932
75.8,72.3198
75.86666667,72.3198
75.93333333,72.3198
76,72.3198
76.06666667,72.36
76.13333333,72.36
76.2,72.36
76.26666667,72.561
76.33333333,72.561
76.4,72.561
76.46666667,72.561
76.53333333,72.3198
76.6,72.3198
76.66666667,72.3198
76.73333333,72.3198
76.8,72.1992
76.86666667,72.1992
76.93333333,72.1992
77,72.1992
77.06666667,72.3198
77.13333333,72.3198
77.2,72.3198
77.26666667,72.561
77.33333333,72.561
77.4,72.561
77.46666667,72.561
77.53333333,72.2394
77.6,72.2394
77.66666667,72.2394
77.73333333,72.2394
77.8,71.8374
77.86666667,71.8374
77.93333333,71.8374
78,71.8374
78.06666667,71.1942
78.13333333,71.1942
78.2,71.1942
78.26666667,71.0736
78.33333333,71.0736
78.4,71.0736
78.46666667,71.0736
78.53333333,71.0334
78.6,71.0334
78.66666667,71.0334
78.73333333,71.0334
78.8,70.9932
78.86666667,70.9932
78.93333333,70.9932
79,70.9932
79.06666667,71.5158
79.13333333,71.5158
79.2,71.5158
79.26666667,71.1942
79.33333333,71.1942
79.4,71.1942
79.46666667,71.1942
79.53333333,74.571
79.6,74.571
79.66666667,74.571
79.73333333,74.571
79.8,75.0534
79.86666667,75.0534
79.93333333,75.0534
80,75.0534
80.06666667,74.4906
80.13333333,74.4906
80.2,74.4906
80.26666667,74.4504
80.33333333,74.4504
80.4,74.4504
80.46666667,74.4504
80.53333333,75.9378
80.6,75.9378
80.66666667,75.9378
80.73333333,75.9378
80.8,89.3244
80.86666667,89.3244
80.93333333,89.3244
81,89.3244
81.06666667,36.8634
81.13333333,36.8634
81.2,36.8634
81.26666667,0
81.33333333,0
81.4,0
81.46666667,0
81.53333333,0
81.6,0
81.66666667,0
81.73333333,0
81.8,0
81.86666667,0
81.93333333,0
82,0
82.06666667,0
82.13333333,0
82.2,0
82.26666667,0
82.33333333,0
82.4,0
82.46666667,0
82.53333333,0
82.6,0
82.66666667,0
82.73333333,0
82.8,0
82.86666667,0
82.93333333,0
83,0
83.06666667,0
83.13333333,0
83.2,0
83.26666667,0
83.33333333,0
83.4,0
83.46666667,0
83.53333333,0
83.6,0
83.66666667,0
83.73333333,0
83.8,0
83.86666667,0
83.93333333,0
84,0
84.06666667,0
84.13333333,0
84.2,0
84.26666667,0
84.33333333,0
84.4,0
84.46666667,0
84.53333333,0
84.6,0
84.66666667,0
84.73333333,0
84.8,0
84.86666667,0
84.93333333,0
85,0
85.06666667,0
85.13333333,0
85.2,0
85.26666667,7.5978
85.33333333,7.5978
85.4,7.5978
85.46666667,7.5978
85.53333333,7.3164
85.6,7.3164
85.66666667,7.3164
85.73333333,7.3164
85.8,11.859
85.86666667,11.859
85.93333333,11.859
86,11.859
86.06666667,60.5814
86.13333333,60.5814
86.2,60.5814
86.26666667,74.6112
86.33333333,74.6112
86.4,74.6112
86.46666667,74.6112
86.53333333,73.8876
86.6,73.8876
86.66666667,73.8876
86.73333333,73.8876
86.8,74.2092
86.86666667,74.2092
86.93333333,74.2092
87,74.2092
87.06666667,75.174
87.13333333,75.174
87.2,75.174
87.26666667,74.169
87.33333333,74.169
87.4,74.169
87.46666667,74.169
87.53333333,73.8072
87.6,73.8072
87.66666667,73.8072
87.73333333,73.8072
87.8,73.6866
87.86666667,73.6866
87.93333333,73.6866
88,73.6866
88.06666667,74.6916
88.13333333,74.6916
88.2,74.6916
88.26666667,74.571
88.33333333,74.571
88.4,74.571
88.46666667,74.571
88.53333333,74.1288
88.6,74.1288
88.66666667,74.1288
88.73333333,74.1288
88.8,73.5258
88.86666667,73.5258
88.93333333,73.5258
89,73.5258
89.06666667,0
89.13333333,0
89.2,0
89.26666667,0
89.33333333,0
89.4,0
89.46666667,0
89.53333333,0
89.6,0
89.66666667,0
89.73333333,0
89.8,0
89.86666667,0
89.93333333,0
90,0
90.06666667,0
90.13333333,0
90.2,0
90.26666667,0
90.33333333,0
90.4,0
90.46666667,0
90.53333333,0
90.6,0
90.66666667,0
90.73333333,0
90.8,0
90.86666667,0
90.93333333,0
91,0
91.06666667,0
91.13333333,0
91.2,0
91.26666667,73.2042
91.33333333,73.2042
91.4,73.2042
91.46666667,73.2042
91.53333333,72.963
91.6,72.963
91.66666667,72.963
91.73333333,72.963
91.8,73.164
91.86666667,73.164
91.93333333,73.164
92,73.164
92.06666667,72.8826
92.13333333,72.8826
92.2,72.8826
92.26666667,73.8876
92.33333333,73.8876
92.4,73.8876
92.46666667,73.8876
92.53333333,73.8876
92.6,73.8876
92.66666667,73.8876
92.73333333,73.8876
92.8,74.5308
92.86666667,74.5308
92.93333333,74.5308
93,74.5308
93.06666667,73.968
93.13333333,73.968
93.2,73.968
93.26666667,73.5258
93.33333333,73.5258
93.4,73.5258
93.46666667,73.5258
93.53333333,73.365
93.6,73.365
93.66666667,73.365
93.73333333,73.365
93.8,73.3248
93.86666667,73.3248
93.93333333,73.3248
94,73.3248
94.06666667,73.365
94.13333333,73.365
94.2,73.365
94.26666667,0
94.33333333,0
94.4,0
94.46666667,0
94.53333333,0
94.6,0
94.66666667,0
94.73333333,0
94.8,0
94.86666667,0
94.93333333,0
95,0
95.06666667,0
95.13333333,0
95.2,0
95.26666667,0
95.33333333,0
95.4,0
95.46666667,0
95.53333333,0
95.6,0
95.66666667,0
95.73333333,0
95.8,0
95.86666667,0
95.93333333,0
96,0
96.06666667,0
96.13333333,0
96.2,0
96.26666667,0
96.33333333,0
96.4,0
96.46666667,0
96.53333333,0
96.6,0
96.66666667,0
96.73333333,0
96.8,0
96.86666667,0
96.93333333,0
97,0
97.06666667,70.3902
97.13333333,70.3902
97.2,70.3902
97.26666667,70.6314
97.33333333,70.6314
97.4,70.6314
97.46666667,70.6314
97.53333333,70.6314
97.6,70.6314
97.66666667,70.6314
97.73333333,70.6314
97.8,71.1942
97.86666667,71.1942
97.93333333,71.1942
98,71.1942
98.06666667,71.6766
98.13333333,71.6766
98.2,71.6766
98.26666667,71.7972
98.33333333,71.7972
98.4,71.7972
98.46666667,71.7972
98.53333333,71.9178
98.6,71.9178
98.66666667,71.9178
98.73333333,71.9178
98.8,71.6766
98.86666667,71.6766
98.93333333,71.6766
99,71.6766
99.06666667,71.958
99.13333333,71.958
99.2,71.958
99.26666667,71.5962
99.33333333,71.5962
99.4,71.5962
99.46666667,71.5962
99.53333333,71.7972
99.6,71.7972
99.66666667,71.7972
99.73333333,71.7972
99.8,70.8324
99.86666667,70.8324
99.93333333,70.8324
100,70.8324
100.0666667,70.6314
100.1333333,70.6314
100.2,70.6314
100.2666667,70.3902
100.3333333,70.3902
100.4,70.3902
100.4666667,70.3902
100.5333333,70.6716
100.6,70.6716
100.6666667,70.6716
100.7333333,70.6716
100.8,71.1138
100.8666667,71.1138
100.9333333,71.1138
101,71.1138
101.0666667,0
101.1333333,0
101.2,0
101.2666667,0
101.3333333,0
101.4,0
101.4666667,0
101.5333333,0
101.6,0
101.6666667,0
101.7333333,0
101.8,0
101.8666667,0
101.9333333,0
102,0
102.0666667,0
102.1333333,0
102.2,0
102.2666667,0
102.3333333,0
102.4,0
102.4666667,0
102.5333333,0
102.6,0
102.6666667,0
102.7333333,0
102.8,0
102.8666667,0
102.9333333,0
103,0
103.0666667,0
103.1333333,0
103.2,0
103.2666667,0
103.3333333,0
103.4,0
103.4666667,0
103.5333333,0
103.6,0
103.6666667,0
103.7333333,0
103.8,0
103.8666667,0
103.9333333,0
104,0
104.0666667,71.4756
104.1333333,71.4756
104.2,71.4756
104.2666667,0
104.3333333,0
104.4,0
104.4666667,0
104.5333333,0
104.6,0
104.6666667,0
104.7333333,0
104.8,73.767
104.8666667,73.767
104.9333333,73.767
105,73.767
105.0666667,72.1992
105.1333333,72.1992
105.2,72.1992
105.2666667,71.6766
105.3333333,71.6766
105.4,71.6766
105.4666667,71.6766
105.5333333,71.8776
105.6,71.8776
105.6666667,71.8776
105.7333333,71.8776
105.8,71.9982
105.8666667,71.9982
105.9333333,71.9982
106,71.9982
106.0666667,71.9178
106.1333333,71.9178
106.2,71.9178
106.2666667,71.4756
106.3333333,71.4756
106.4,71.4756
106.4666667,71.4756
106.5333333,70.6716
106.6,70.6716
106.6666667,70.6716
106.7333333,70.6716
106.8,70.953
106.8666667,70.953
106.9333333,70.953
107,70.953
107.0666667,72.4002
107.1333333,72.4002
107.2,72.4002
107.2666667,74.4906
107.3333333,74.4906
107.4,74.4906
107.4666667,74.4906
107.5333333,0
107.6,0
107.6666667,0
107.7333333,0
107.8,0
107.8666667,0
107.9333333,0
108,0
108.0666667,0
108.1333333,0
108.2,0
108.2666667,0
108.3333333,0
108.4,0
108.4666667,0
108.5333333,0
108.6,0
108.6666667,0
108.7333333,0
108.8,0
108.8666667,0
108.9333333,0
109,0
109.0666667,0
109.1333333,0
109.2,0
109.2666667,0
109.3333333,0
109.4,0
109.4666667,0
109.5333333,0
109.6,0
109.6666667,0
109.7333333,0
109.8,0
109.8666667,0
109.9333333,0
110,0
110.0666667,0
110.1333333,0
110.2,0
110.2666667,0
110.3333333,0
110.4,0
110.4666667,0
110.5333333,0
110.6,0
110.6666667,0
110.7333333,0
110.8,0
110.8666667,0
110.9333333,0
111,0
111.0666667,0
111.1333333,0
111.2,0
111.2666667,71.958
111.3333333,71.958
111.4,71.958
111.4666667,71.958
111.5333333,70.9128
111.6,70.9128
111.6666667,70.9128
111.7333333,70.9128
111.8,70.3902
111.8666667,70.3902
111.9333333,70.3902
112,70.3902
112.0666667,70.5912
112.1333333,70.5912
112.2,70.5912
112.2666667,70.7118
112.3333333,70.7118
112.4,70.7118
112.4666667,70.7118
112.5333333,70.2294
112.6,70.2294
112.6666667,70.2294
112.7333333,70.2294
112.8,70.6314
112.8666667,70.6314
112.9333333,70.6314
113,70.6314
113.0666667,70.3098
113.1333333,70.3098
113.2,70.3098
113.2666667,70.752
113.3333333,70.752
113.4,70.752
113.4666667,70.752
113.5333333,70.3902
113.6,70.3902
113.6666667,70.3902
113.7333333,70.3902
113.8,70.3902
113.8666667,70.3902
113.9333333,70.3902
114,70.3902
114.0666667,70.35
114.1333333,70.35
114.2,70.35
114.2666667,0
114.3333333,0
114.4,0
114.4666667,0
114.5333333,0
114.6,0
114.6666667,0
114.7333333,0
114.8,0
114.8666667,0
114.9333333,0
115,0
115.0666667,0
115.1333333,0
115.2,0
115.2666667,0
115.3333333,0
115.4,0
115.4666667,0
115.5333333,0
115.6,0
115.6666667,0
115.7333333,0
115.8,0
115.8666667,0
115.9333333,0
116,0
116.0666667,0
116.1333333,0
116.2,0
116.2666667,0
116.3333333,0
116.4,0
116.4666667,0
116.5333333,0
116.6,0
116.6666667,0
116.7333333,0
116.8,0
116.8666667,0
116.9333333,0
117,0
117.0666667,0
117.1333333,0
117.2,0
117.2666667,0
117.3333333,0
117.4,0
117.4666667,0
117.5333333,70.5912
117.6,70.5912
117.6666667,70.5912
117.7333333,70.5912
117.8,69.948
117.8666667,69.948
117.9333333,69.948
118,69.948
118.0666667,71.3148
118.1333333,71.3148
118.2,71.3148
118.2666667,71.2746
118.3333333,71.2746
118.4,71.2746
118.4666667,71.2746
118.5333333,70.5912
118.6,70.5912
118.6666667,70.5912
118.7333333,70.5912
118.8,70.35
118.8666667,70.35
118.9333333,70.35
119,70.35
119.0666667,70.5108
119.1333333,70.5108
119.2,70.5108
119.2666667,70.3098
119.3333333,70.3098
119.4,70.3098
119.4666667,70.3098
119.5333333,70.35
119.6,70.35
119.6666667,70.35
119.7333333,70.35
119.8,70.3098
119.8666667,70.3098
119.9333333,70.3098
120,70.3098
120.0666667,0
120.1333333,0
120.2,0
120.2666667,0
120.3333333,0
120.4,0
120.4666667,0
120.5333333,0
120.6,0
120.6666667,0
120.7333333,0
120.8,0
120.8666667,0
120.9333333,0
121,0
121.0666667,0
121.1333333,0
121.2,0
121.2666667,67.6566
121.3333333,67.6566
121.4,67.6566
121.4666667,67.6566
121.5333333,71.0334
121.6,71.0334
121.6666667,71.0334
121.7333333,71.0334
121.8,71.757
121.8666667,71.757
121.9333333,71.757
122,71.757
122.0666667,71.3952
122.1333333,71.3952
122.2,71.3952
122.2666667,71.3952
122.3333333,71.3952
122.4,71.3952
122.4666667,71.3952
122.5333333,72.6012
122.6,72.6012
122.6666667,72.6012
122.7333333,72.6012
122.8,71.5962
122.8666667,71.5962
122.9333333,71.5962
123,71.5962
123.0666667,71.1942
123.1333333,71.1942
123.2,71.1942
123.2666667,71.0736
123.3333333,71.0736
123.4,71.0736
123.4666667,71.0736
123.5333333,70.9932
123.6,70.9932
123.6666667,70.9932
123.7333333,70.9932
123.8,70.9932
123.8666667,70.9932
123.9333333,70.9932
124,70.9932
124.0666667,70.953
124.1333333,70.953
124.2,70.953
124.2666667,71.1942
124.3333333,71.1942
124.4,71.1942
124.4666667,71.1942
124.5333333,70.8324
124.6,70.8324
124.6666667,70.8324
124.7333333,70.8324
124.8,70.9932
124.8666667,70.9932
124.9333333,70.9932
125,70.9932
125.0666667,70.9932
125.1333333,70.9932
125.2,70.9932
125.2666667,70.9932
125.3333333,70.9932
125.4,70.9932
125.4666667,70.9932
125.5333333,71.8776
125.6,71.8776
125.6666667,71.8776
125.7333333,71.8776
125.8,72.2394
125.8666667,72.2394
125.9333333,72.2394
126,72.2394
126.0666667,71.9982
126.1333333,71.9982
126.2,71.9982
126.2666667,70.7922
126.3333333,70.7922
126.4,70.7922
126.4666667,70.7922
126.5333333,70.9932
126.6,70.9932
126.6666667,70.9932
126.7333333,70.9932
126.8,0
126.8666667,0
126.9333333,0
127,0
127.0666667,0
127.1333333,0
127.2,0
127.2666667,0
127.3333333,0
127.4,0
127.4666667,0
127.5333333,0
127.6,0
127.6666667,0
127.7333333,0
127.8,0
127.8666667,0
127.9333333,0
128,0
128.0666667,0
128.1333333,0
128.2,0
128.2666667,0
128.3333333,0
128.4,0
128.4666667,0
128.5333333,0
128.6,0
128.6666667,0
128.7333333,0
128.8,71.154
128.8666667,71.154
128.9333333,71.154
129,71.154
129.0666667,71.0736
129.1333333,71.0736
129.2,71.0736
129.2666667,75.174
129.3333333,75.174
129.4,75.174
129.4666667,75.174
129.5333333,108.8214
129.6,108.8214
129.6666667,108.8214
129.7333333,108.8214
129.8,115.2132
129.8666667,115.2132
129.9333333,115.2132
130,115.2132
130.0666667,115.0926
130.1333333,115.0926
130.2,115.0926
130.2666667,115.0926
130.3333333,115.0926
130.4,115.0926
130.4666667,115.0926
130.5333333,115.0122
130.6,115.0122
130.6666667,115.0122
130.7333333,115.0122
130.8,115.6956
130.8666667,115.6956
130.9333333,115.6956
131,115.6956
131.0666667,116.0976
131.1333333,116.0976
131.2,116.0976
131.2666667,116.0976
131.3333333,116.0976
131.4,116.0976
131.4666667,116.0976
131.5333333,115.6956
131.6,115.6956
131.6666667,115.6956
131.7333333,115.6956
131.8,0
131.8666667,0
131.9333333,0
132,0
132.0666667,0
132.1333333,0
132.2,0
132.2666667,0
132.3333333,0
132.4,0
132.4666667,0
132.5333333,0
132.6,0
132.6666667,0
132.7333333,0
132.8,0
132.8666667,0
132.9333333,0
133,0
133.0666667,0
133.1333333,0
133.2,0
133.2666667,0
133.3333333,0
133.4,0
133.4666667,0
133.5333333,0
133.6,0
133.6666667,0
133.7333333,0
133.8,0
133.8666667,0
133.9333333,0
134,0
134.0666667,0
134.1333333,0
134.2,0
134.2666667,0
134.3333333,0
134.4,0
134.4666667,0
134.5333333,0
134.6,0
134.6666667,0
134.7333333,0
134.8,0
134.8666667,0
134.9333333,0
135,0
135.0666667,0
135.1333333,0
135.2,0
135.2666667,0
135.3333333,0
135.4,0
135.4666667,0
135.5333333,0
135.6,0
135.6666667,0
135.7333333,0
135.8,115.5348
135.8666667,115.5348
135.9333333,115.5348
136,115.5348
136.0666667,114.9318
136.1333333,114.9318
136.2,114.9318
136.2666667,116.0574
136.3333333,116.0574
136.4,116.0574
136.4666667,116.0574
136.5333333,115.2534
136.6,115.2534
136.6666667,115.2534
136.7333333,115.2534
136.8,115.2534
136.8666667,115.2534
136.9333333,115.2534
137,115.2534
137.0666667,115.173
137.1333333,115.173
137.2,115.173
137.2666667,115.3338
137.3333333,115.3338
137.4,115.3338
137.4666667,115.3338
137.5333333,115.0524
137.6,115.0524
137.6666667,115.0524
137.7333333,115.0524
137.8,115.0122
137.8666667,115.0122
137.9333333,115.0122
138,115.0122
138.0666667,115.0524
138.1333333,115.0524
138.2,115.0524
138.2666667,115.4142
138.3333333,115.4142
138.4,115.4142
138.4666667,115.4142
138.5333333,115.0926
138.6,115.0926
138.6666667,115.0926
138.7333333,115.0926
138.8,115.173
138.8666667,115.173
138.9333333,115.173
139,115.173
139.0666667,115.2534
139.1333333,115.2534
139.2,115.2534
139.2666667,115.2936
139.3333333,115.2936
139.4,115.2936
139.4666667,115.2936
139.5333333,116.3388
139.6,116.3388
139.6666667,116.3388
139.7333333,116.3388
139.8,115.776
139.8666667,115.776
139.9333333,115.776
140,115.776
140.0666667,115.2936
140.1333333,115.2936
140.2,115.2936
140.2666667,0
140.3333333,0
140.4,0
140.4666667,0
140.5333333,0
140.6,0
140.6666667,0
140.7333333,0
140.8,0
140.8666667,0
140.9333333,0
141,0
141.0666667,0
141.1333333,0
141.2,0
141.2666667,0
141.3333333,0
141.4,0
141.4666667,0
141.5333333,0
141.6,0
141.6666667,0
141.7333333,0
141.8,0
141.8666667,0
141.9333333,0
142,0
142.0666667,0
142.1333333,0
142.2,0
142.2666667,0
142.3333333,0
142.4,0
142.4666667,0
142.5333333,4.422
142.6,4.422
142.6666667,4.422
142.7333333,4.422
142.8,4.0602
142.8666667,4.0602
142.9333333,4.0602
143,4.0602
143.0666667,4.221
143.1333333,4.221
143.2,4.221
143.2666667,5.0652
143.3333333,5.0652
143.4,5.0652
143.4666667,5.0652
143.5333333,4.5426
143.6,4.5426
143.6666667,4.5426
143.7333333,4.5426
143.8,4.824
143.8666667,4.824
143.9333333,4.824
144,4.824
144.0666667,4.1004
144.1333333,4.1004
144.2,4.1004
144.2666667,9.0048
144.3333333,9.0048
144.4,9.0048
144.4666667,9.0048
144.5333333,75.2142
144.6,75.2142
144.6666667,75.2142
144.7333333,75.2142
144.8,114.2082
144.8666667,114.2082
144.9333333,114.2082
145,114.2082
145.0666667,115.173
145.1333333,115.173
145.2,115.173
145.2666667,115.1328
145.3333333,115.1328
145.4,115.1328
145.4666667,115.1328
145.5333333,114.972
145.6,114.972
145.6666667,114.972
145.7333333,114.972
145.8,115.2132
145.8666667,115.2132
145.9333333,115.2132
146,115.2132
146.0666667,114.8112
146.1333333,114.8112
146.2,114.8112
146.2666667,115.0524
146.3333333,115.0524
146.4,115.0524
146.4666667,115.0524
146.5333333,115.1328
146.6,115.1328
146.6666667,115.1328
146.7333333,115.1328
146.8,114.972
146.8666667,114.972
146.9333333,114.972
147,114.972
147.0666667,115.0926
147.1333333,115.0926
147.2,115.0926
147.2666667,116.2986
147.3333333,116.2986
147.4,116.2986
147.4666667,116.2986
147.5333333,85.023
147.6,85.023
147.6666667,85.023
147.7333333,85.023
147.8,4.422
147.8666667,4.422
147.9333333,4.422
148,4.422
148.0666667,4.02
148.1333333,4.02
148.2,4.02
148.2666667,4.1808
148.3333333,4.1808
148.4,4.1808
148.4666667,4.1808
148.5333333,4.221
148.6,4.221
148.6666667,4.221
148.7333333,4.221
148.8,3.9798
148.8666667,3.9798
148.9333333,3.9798
149,3.9798
149.0666667,4.1406
149.1333333,4.1406
149.2,4.1406
149.2666667,4.3014
149.3333333,4.3014
149.4,4.3014
149.4666667,4.3014
149.5333333,4.1808
149.6,4.1808
149.6666667,4.1808
149.7333333,4.1808
149.8,4.3416
149.8666667,4.3416
149.9333333,4.3416
150,4.3416
150.0666667,4.1004
150.1333333,4.1004
150.2,4.1004
150.2666667,4.3014
150.3333333,4.3014
150.4,4.3014
150.4666667,4.3014
150.5333333,4.3416
150.6,4.3416
150.6666667,4.3416
150.7333333,4.3416
150.8,4.2612
150.8666667,4.2612
150.9333333,4.2612
151,4.2612
151.0666667,21.2658
151.1333333,21.2658
151.2,21.2658
151.2666667,58.491
151.3333333,58.491
151.4,58.491
151.4666667,58.491
151.5333333,72.0384
151.6,72.0384
151.6666667,72.0384
151.7333333,72.0384
151.8,71.7972
151.8666667,71.7972
151.9333333,71.7972
152,71.7972
152.0666667,71.556
152.1333333,71.556
152.2,71.556
152.2666667,71.5158
152.3333333,71.5158
152.4,71.5158
152.4666667,71.5158
152.5333333,72.7218
152.6,72.7218
152.6666667,72.7218
152.7333333,72.7218
152.8,68.9028
152.8666667,68.9028
152.9333333,68.9028
153,68.9028
153.0666667,0
153.1333333,0
153.2,0
153.2666667,0
153.3333333,0
153.4,0
153.4666667,0
153.5333333,0
153.6,0
153.6666667,0
153.7333333,0
153.8,0
153.8666667,0
153.9333333,0
154,0
154.0666667,0
154.1333333,0
154.2,0
154.2666667,0
154.3333333,0
154.4,0
154.4666667,0
154.5333333,0
154.6,0
154.6666667,0
154.7333333,0
154.8,0
154.8666667,0
154.9333333,0
155,0
155.0666667,0
155.1333333,0
155.2,0
155.2666667,0
155.3333333,0
155.4,0
155.4666667,0
155.5333333,0
155.6,0
155.6666667,0
155.7333333,0
155.8,71.3952
155.8666667,71.3952
155.9333333,71.3952
156,71.3952
156.0666667,72.4404
156.1333333,72.4404
156.2,72.4404
156.2666667,73.365
156.3333333,73.365
156.4,73.365
156.4666667,73.365
156.5333333,72.561
156.6,72.561
156.6666667,72.561
156.7333333,72.561
156.8,73.2042
156.8666667,73.2042
156.9333333,73.2042
157,73.2042
157.0666667,72.7218
157.1333333,72.7218
157.2,72.7218
157.2666667,72.6012
157.3333333,72.6012
157.4,72.6012
157.4666667,72.6012
157.5333333,72.4806
157.6,72.4806
157.6666667,72.4806
157.7333333,72.4806
157.8,72.36
157.8666667,72.36
157.9333333,72.36
158,72.36
158.0666667,72.4404
158.1333333,72.4404
158.2,72.4404
158.2666667,71.5962
158.3333333,71.5962
158.4,71.5962
158.4666667,71.5962
158.5333333,70.1088
158.6,70.1088
158.6666667,70.1088
158.7333333,70.1088
158.8,69.9882
158.8666667,69.9882
158.9333333,69.9882
159,69.9882
159.0666667,70.4304
159.1333333,70.4304
159.2,70.4304
159.2666667,71.556
159.3333333,71.556
159.4,71.556
159.4666667,71.556
159.5333333,70.8324
159.6,70.8324
159.6666667,70.8324
159.7333333,70.8324
159.8,70.2696
159.8666667,70.2696
159.9333333,70.2696
160,70.2696
160.0666667,0
160.1333333,0
160.2,0
160.2666667,0
160.3333333,0
160.4,0
160.4666667,0
160.5333333,0
160.6,0
160.6666667,0
160.7333333,0
160.8,0
160.8666667,0
160.9333333,0
161,0
161.0666667,0
161.1333333,0
161.2,0
161.2666667,0
161.3333333,0
161.4,0
161.4666667,0
161.5333333,0
161.6,0
161.6666667,0
161.7333333,0
161.8,0
161.8666667,0
161.9333333,0
162,0
162.0666667,0
162.1333333,0
162.2,0
162.2666667,0
162.3333333,0
162.4,0
162.4666667,0
162.5333333,0
162.6,0
162.6666667,0
162.7333333,0
162.8,0
162.8666667,0
162.9333333,0
163,0
163.0666667,69.6264
163.1333333,69.6264
163.2,69.6264
163.2666667,25.8486
163.3333333,25.8486
163.4,25.8486
163.4666667,25.8486
163.5333333,4.2612
163.6,4.2612
163.6666667,4.2612
163.7333333,4.2612
163.8,5.5878
163.8666667,5.5878
163.9333333,5.5878
164,5.5878
164.0666667,4.7838
164.1333333,4.7838
164.2,4.7838
164.2666667,4.6632
164.3333333,4.6632
164.4,4.6632
164.4666667,4.6632
164.5333333,4.0602
164.6,4.0602
164.6666667,4.0602
164.7333333,4.0602
164.8,3.9798
164.8666667,3.9798
164.9333333,3.9798
165,3.9798
165.0666667,4.0602
165.1333333,4.0602
165.2,4.0602
165.2666667,4.5024
165.3333333,4.5024
165.4,4.5024
165.4666667,4.5024
165.5333333,4.623
165.6,4.623
165.6666667,4.623
165.7333333,4.623
165.8,4.623
165.8666667,4.623
165.9333333,4.623
166,4.623
166.0666667,4.1406
166.1333333,4.1406
166.2,4.1406
166.2666667,4.0602
166.3333333,4.0602
166.4,4.0602
166.4666667,4.0602
166.5333333,3.9396
166.6,3.9396
166.6666667,3.9396
166.7333333,3.9396
166.8,4.7034
166.8666667,4.7034
166.9333333,4.7034
167,4.7034
167.0666667,0
167.1333333,0
167.2,0
167.2666667,0
167.3333333,0
167.4,0
167.4666667,0
167.5333333,0
167.6,0
167.6666667,0
167.7333333,0
167.8,0
167.8666667,0
167.9333333,0
168,0
168.0666667,73.4454
168.1333333,73.4454
168.2,73.4454
168.2666667,73.0434
168.3333333,73.0434
168.4,73.0434
168.4666667,73.0434
168.5333333,72.8826
168.6,72.8826
168.6666667,72.8826
168.7333333,72.8826
168.8,73.0836
168.8666667,73.0836
168.9333333,73.0836
169,73.0836
169.0666667,73.164
169.1333333,73.164
169.2,73.164
169.2666667,74.0082
169.3333333,74.0082
169.4,74.0082
169.4666667,74.0082
169.5333333,73.1238
169.6,73.1238
169.6666667,73.1238
169.7333333,73.1238
169.8,73.164
169.8666667,73.164
169.9333333,73.164
170,73.164
170.0666667,72.5208
170.1333333,72.5208
170.2,72.5208
170.2666667,73.566
170.3333333,73.566
170.4,73.566
170.4666667,73.566
170.5333333,72.6414
170.6,72.6414
170.6666667,72.6414
170.7333333,72.6414
170.8,73.2444
170.8666667,73.2444
170.9333333,73.2444
171,73.2444
171.0666667,72.6012
171.1333333,72.6012
171.2,72.6012
171.2666667,73.5258
171.3333333,73.5258
171.4,73.5258
171.4666667,73.5258
171.5333333,72.7218
171.6,72.7218
171.6666667,72.7218
171.7333333,72.7218
171.8,0
171.8666667,0
171.9333333,0
172,0
172.0666667,0
172.1333333,0
172.2,0
172.2666667,0
172.3333333,0
172.4,0
172.4666667,0
172.5333333,0
172.6,0
172.6666667,0
172.7333333,0
172.8,0
172.8666667,0
172.9333333,0
173,0
173.0666667,0
173.1333333,0
173.2,0
173.2666667,0
173.3333333,0
173.4,0
173.4666667,0
173.5333333,0
173.6,0
173.6666667,0
173.7333333,0
173.8,0
173.8666667,0
173.9333333,0
174,0
174.0666667,73.4856
174.1333333,73.4856
174.2,73.4856
174.2666667,73.2846
174.3333333,73.2846
174.4,73.2846
174.4666667,73.2846
174.5333333,73.8072
174.6,73.8072
174.6666667,73.8072
174.7333333,73.8072
174.8,73.4052
174.8666667,73.4052
174.9333333,73.4052
175,73.4052
175.0666667,74.0484
175.1333333,74.0484
175.2,74.0484
175.2666667,73.7268
175.3333333,73.7268
175.4,73.7268
175.4666667,73.7268
175.5333333,74.2494
175.6,74.2494
175.6666667,74.2494
175.7333333,74.2494
175.8,74.5308
175.8666667,74.5308
175.9333333,74.5308
176,74.5308
176.0666667,73.968
176.1333333,73.968
176.2,73.968
176.2666667,73.968
176.3333333,73.968
176.4,73.968
176.4666667,73.968
176.5333333,73.0836
176.6,73.0836
176.6666667,73.0836
176.7333333,73.0836
176.8,71.4756
176.8666667,71.4756
176.9333333,71.4756
177,71.4756
177.0666667,70.9128
177.1333333,70.9128
177.2,70.9128
177.2666667,70.6716
177.3333333,70.6716
177.4,70.6716
177.4666667,70.6716
177.5333333,70.953
177.6,70.953
177.6666667,70.953
177.7333333,70.953
177.8,71.0736
177.8666667,71.0736
177.9333333,71.0736
178,71.0736
178.0666667,71.6364
178.1333333,71.6364
178.2,71.6364
178.2666667,73.5258
178.3333333,73.5258
178.4,73.5258
178.4666667,73.5258
178.5333333,72.0384
178.6,72.0384
178.6666667,72.0384
178.7333333,72.0384
178.8,72.8022
178.8666667,72.8022
178.9333333,72.8022
179,72.8022
179.0666667,73.0836
179.1333333,73.0836
179.2,73.0836
179.2666667,72.8826
179.3333333,72.8826
179.4,72.8826
179.4666667,72.8826
179.5333333,72.1992
179.6,72.1992
179.6666667,72.1992
179.7333333,72.1992
179.8,0
179.8666667,0
179.9333333,0
180,0
180.0666667,0
180.1333333,0
180.2,0
180.2666667,0
180.3333333,0
180.4,0
180.4666667,0
180.5333333,0
180.6,0
180.6666667,0
180.7333333,0
180.8,0
180.8666667,0
180.9333333,0
181,0
181.0666667,0
181.1333333,0
181.2,0
181.2666667,0
181.3333333,0
181.4,0
181.4666667,0
181.5333333,0
181.6,0
181.6666667,0
181.7333333,0
181.8,0
181.8666667,0
181.9333333,0
182,0
182.0666667,0
182.1333333,0
182.2,0
182.2666667,73.2846
182.3333333,73.2846
182.4,73.2846
182.4666667,73.2846
182.5333333,73.365
182.6,73.365
182.6666667,73.365
182.7333333,73.365
182.8,73.3248
182.8666667,73.3248
182.9333333,73.3248
183,73.3248
183.0666667,73.2042
183.1333333,73.2042
183.2,73.2042
183.2666667,73.4052
183.3333333,73.4052
183.4,73.4052
183.4666667,73.4052
183.5333333,73.365
183.6,73.365
183.6666667,73.365
183.7333333,73.365
183.8,73.3248
183.8666667,73.3248
183.9333333,73.3248
184,73.3248
184.0666667,73.4052
184.1333333,73.4052
184.2,73.4052
184.2666667,72.561
184.3333333,72.561
184.4,72.561
184.4666667,72.561
184.5333333,72.1188
184.6,72.1188
184.6666667,72.1188
184.7333333,72.1188
184.8,72.0786
184.8666667,72.0786
184.9333333,72.0786
185,72.0786
185.0666667,72.159
185.1333333,72.159
185.2,72.159
185.2666667,71.2746
185.3333333,71.2746
185.4,71.2746
185.4666667,71.2746
185.5333333,70.4706
185.6,70.4706
185.6666667,70.4706
185.7333333,70.4706
185.8,70.8726
185.8666667,70.8726
185.9333333,70.8726
186,70.8726
186.0666667,70.5912
186.1333333,70.5912
186.2,70.5912
186.2666667,0
186.3333333,0
186.4,0
186.4666667,0
186.5333333,0
186.6,0
186.6666667,0
186.7333333,0
186.8,0
186.8666667,0
186.9333333,0
187,0
187.0666667,0
187.1333333,0
187.2,0
187.2666667,0
187.3333333,0
187.4,0
187.4666667,0
187.5333333,0
187.6,0
187.6666667,0
187.7333333,0
187.8,0
187.8666667,0
187.9333333,0
188,0
188.0666667,0
188.1333333,0
188.2,0
188.2666667,0
188.3333333,0
188.4,0
188.4666667,0
188.5333333,0
188.6,0
188.6666667,0
188.7333333,0
188.8,0
188.8666667,0
188.9333333,0
189,0
189.0666667,0
189.1333333,0
189.2,0
189.2666667,0
189.3333333,0
189.4,0
189.4666667,0
189.5333333,4.3818
189.6,4.3818
189.6666667,4.3818
189.7333333,4.3818
189.8,4.3818
189.8666667,4.3818
189.9333333,4.3818
190,4.3818
190.0666667,4.2612
190.1333333,4.2612
190.2,4.2612
190.2666667,4.1004
190.3333333,4.1004
190.4,4.1004
190.4666667,4.1004
190.5333333,4.9446
190.6,4.9446
190.6666667,4.9446
190.7333333,4.9446
190.8,4.3416
190.8666667,4.3416
190.9333333,4.3416
191,4.3416
191.0666667,4.5024
191.1333333,4.5024
191.2,4.5024
191.2666667,4.3014
191.3333333,4.3014
191.4,4.3014
191.4666667,4.3014
191.5333333,4.3818
191.6,4.3818
191.6666667,4.3818
191.7333333,4.3818
191.8,4.5426
191.8666667,4.5426
191.9333333,4.5426
192,4.5426
192.0666667,4.3818
192.1333333,4.3818
192.2,4.3818
192.2666667,4.422
192.3333333,4.422
192.4,4.422
192.4666667,4.422
192.5333333,5.1456
192.6,5.1456
192.6666667,5.1456
192.7333333,5.1456
192.8,4.5828
192.8666667,4.5828
192.9333333,4.5828
193,4.5828
193.0666667,4.2612
193.1333333,4.2612
193.2,4.2612
193.2666667,4.221
193.3333333,4.221
193.4,4.221
193.4666667,4.221
193.5333333,5.5074
193.6,5.5074
193.6666667,5.5074
193.7333333,5.5074
193.8,5.427
193.8666667,5.427
193.9333333,5.427
194,5.427
194.0666667,4.5024
194.1333333,4.5024
194.2,4.5024
194.2666667,25.1652
194.3333333,25.1652
194.4,25.1652
194.4666667,25.1652
194.5333333,69.7872
194.6,69.7872
194.6666667,69.7872
194.7333333,69.7872
194.8,71.0736
194.8666667,71.0736
194.9333333,71.0736
195,71.0736
195.0666667,70.6716
195.1333333,70.6716
195.2,70.6716
195.2666667,71.7168
195.3333333,71.7168
195.4,71.7168
195.4666667,71.7168
195.5333333,71.7972
195.6,71.7972
195.6666667,71.7972
195.7333333,71.7972
195.8,71.9178
195.8666667,71.9178
195.9333333,71.9178
196,71.9178
196.0666667,71.154
196.1333333,71.154
196.2,71.154
196.2666667,0
196.3333333,0
196.4,0
196.4666667,0
196.5333333,0
196.6,0
196.6666667,0
196.7333333,0
196.8,0
196.8666667,0
196.9333333,0
197,0
197.0666667,0
197.1333333,0
197.2,0
197.2666667,0
197.3333333,0
197.4,0
197.4666667,0
197.5333333,0
197.6,0
197.6666667,0
197.7333333,0
197.8,0
197.8666667,0
197.9333333,0
198,0
198.0666667,70.7118
198.1333333,70.7118
198.2,70.7118
198.2666667,70.6314
198.3333333,70.6314
198.4,70.6314
198.4666667,70.6314
198.5333333,70.7922
198.6,70.7922
198.6666667,70.7922
198.7333333,70.7922
198.8,70.6716
198.8666667,70.6716
198.9333333,70.6716
199,70.6716
199.0666667,70.4706
199.1333333,70.4706
199.2,70.4706
199.2666667,70.9932
199.3333333,70.9932
199.4,70.9932
199.4666667,70.9932
199.5333333,71.9982
199.6,71.9982
199.6666667,71.9982
199.7333333,71.9982
199.8,71.9982
199.8666667,71.9982
199.9333333,71.9982
200,71.9982
200.0666667,72.0384
200.1333333,72.0384
200.2,72.0384
200.2666667,71.6766
200.3333333,71.6766
200.4,71.6766
200.4666667,71.6766
200.5333333,71.757
200.6,71.757
200.6666667,71.757
200.7333333,71.757
200.8,71.6364
200.8666667,71.6364
200.9333333,71.6364
201,71.6364
201.0666667,71.7972
201.1333333,71.7972
201.2,71.7972
201.2666667,71.2746
201.3333333,71.2746
201.4,71.2746
201.4666667,71.2746
201.5333333,0
201.6,0
201.6666667,0
201.7333333,0
201.8,0
201.8666667,0
201.9333333,0
202,0
202.0666667,0
202.1333333,0
202.2,0
202.2666667,0
202.3333333,0
202.4,0
202.4666667,0
202.5333333,0
202.6,0
202.6666667,0
202.7333333,0
202.8,0
202.8666667,0
202.9333333,0
203,0
203.0666667,0
203.1333333,0
203.2,0
203.2666667,0
203.3333333,0
203.4,0
203.4666667,0
203.5333333,0
203.6,0
203.6666667,0
203.7333333,0
203.8,0
203.8666667,0
203.9333333,0
204,0
204.0666667,0
204.1333333,0
204.2,0
204.2666667,0
204.3333333,0
204.4,0
204.4666667,0
204.5333333,71.2344
204.6,71.2344
204.6666667,71.2344
204.7333333,71.2344
204.8,71.556
204.8666667,71.556
204.9333333,71.556
205,71.556
205.0666667,71.5158
205.1333333,71.5158
205.2,71.5158
205.2666667,72.2796
205.3333333,72.2796
205.4,72.2796
205.4666667,72.2796
205.5333333,71.0334
205.6,71.0334
205.6666667,71.0334
205.7333333,71.0334
205.8,71.3952
205.8666667,71.3952
205.9333333,71.3952
206,71.3952
206.0666667,71.1942
206.1333333,71.1942
206.2,71.1942
206.2666667,71.0736
206.3333333,71.0736
206.4,71.0736
206.4666667,71.0736
206.5333333,71.8374
206.6,71.8374
206.6666667,71.8374
206.7333333,71.8374
206.8,70.953
206.8666667,70.953
206.9333333,70.953
207,70.953
207.0666667,71.6364
207.1333333,71.6364
207.2,71.6364
207.2666667,71.7168
207.3333333,71.7168
207.4,71.7168
207.4666667,71.7168
207.5333333,71.2746
207.6,71.2746
207.6666667,71.2746
207.7333333,71.2746
207.8,70.551
207.8666667,70.551
207.9333333,70.551
208,70.551
208.0666667,70.5912
208.1333333,70.5912
208.2,70.5912
208.2666667,70.5912
208.3333333,70.5912
208.4,70.5912
208.4666667,70.5912
208.5333333,70.3902
208.6,70.3902
208.6666667,70.3902
208.7333333,70.3902
208.8,70.4706
208.8666667,70.4706
208.9333333,70.4706
209,70.4706
209.0666667,70.4706
209.1333333,70.4706
209.2,70.4706
209.2666667,70.2696
209.3333333,70.2696
209.4,70.2696
209.4666667,70.2696
209.5333333,0
209.6,0
209.6666667,0
209.7333333,0
209.8,0
209.8666667,0
209.9333333,0
210,0
210.0666667,0
210.1333333,0
210.2,0
210.2666667,0
210.3333333,0
210.4,0
210.4666667,0
210.5333333,0
210.6,0
210.6666667,0
210.7333333,0
210.8,0
210.8666667,0
210.9333333,0
211,0
211.0666667,70.8726
211.1333333,70.8726
211.2,70.8726
211.2666667,71.2344
211.3333333,71.2344
211.4,71.2344
211.4666667,71.2344
211.5333333,70.7922
211.6,70.7922
211.6666667,70.7922
211.7333333,70.7922
211.8,70.4706
211.8666667,70.4706
211.9333333,70.4706
212,70.4706
212.0666667,70.5912
212.1333333,70.5912
212.2,70.5912
212.2666667,70.2696
212.3333333,70.2696
212.4,70.2696
212.4666667,70.2696
212.5333333,70.4706
212.6,70.4706
212.6666667,70.4706
212.7333333,70.4706
212.8,70.7922
212.8666667,70.7922
212.9333333,70.7922
213,70.7922
213.0666667,70.3902
213.1333333,70.3902
213.2,70.3902
213.2666667,71.154
213.3333333,71.154
213.4,71.154
213.4666667,71.154
213.5333333,0
213.6,0
213.6666667,0
213.7333333,0
213.8,0
213.8666667,0
213.9333333,0
214,0
214.0666667,0
214.1333333,0
214.2,0
214.2666667,0
214.3333333,0
214.4,0
214.4666667,0
214.5333333,0
214.6,0
214.6666667,0
214.7333333,0
214.8,0
214.8666667,0
214.9333333,0
215,0
215.0666667,0
215.1333333,0
215.2,0
215.2666667,0
215.3333333,0
215.4,0
215.4666667,0
215.5333333,0
215.6,0
215.6666667,0
215.7333333,0
215.8,0
215.8666667,0
215.9333333,0
216,0
216.0666667,0
216.1333333,0
216.2,0
216.2666667,0
216.3333333,0
216.4,0
216.4666667,0
216.5333333,0
216.6,0
216.6666667,0
216.7333333,0
216.8,0
216.8666667,0
216.9333333,0
217,0
217.0666667,0
217.1333333,0
217.2,0
217.2666667,0
217.3333333,0
217.4,0
217.4666667,0
217.5333333,0
217.6,0
217.6666667,0
217.7333333,0
217.8,0
217.8666667,0
217.9333333,0
218,0
218.0666667,72.0786
218.1333333,72.0786
218.2,72.0786
218.2666667,71.2746
218.3333333,71.2746
218.4,71.2746
218.4666667,71.2746
218.5333333,71.1942
218.6,71.1942
218.6666667,71.1942
218.7333333,71.1942
218.8,71.0334
218.8666667,71.0334
218.9333333,71.0334
219,71.0334
219.0666667,71.154
219.1333333,71.154
219.2,71.154
219.2666667,71.0736
219.3333333,71.0736
219.4,71.0736
219.4666667,71.0736
219.5333333,71.0334
219.6,71.0334
219.6666667,71.0334
219.7333333,71.0334
219.8,71.1138
219.8666667,71.1138
219.9333333,71.1138
220,71.1138
220.0666667,70.8726
220.1333333,70.8726
220.2,70.8726
220.2666667,71.8374
220.3333333,71.8374
220.4,71.8374
220.4666667,71.8374
220.5333333,72.4806
220.6,72.4806
220.6666667,72.4806
220.7333333,72.4806
220.8,71.0736
220.8666667,71.0736
220.9333333,71.0736
221,71.0736
221.0666667,70.953
221.1333333,70.953
221.2,70.953
221.2666667,71.1942
221.3333333,71.1942
221.4,71.1942
221.4666667,71.1942
221.5333333,71.0736
221.6,71.0736
221.6666667,71.0736
221.7333333,71.0736
221.8,70.953
221.8666667,70.953
221.9333333,70.953
222,70.953
222.0666667,70.8324
222.1333333,70.8324
222.2,70.8324
222.2666667,70.8726
222.3333333,70.8726
222.4,70.8726
222.4666667,70.8726
222.5333333,70.953
222.6,70.953
222.6666667,70.953
222.7333333,70.953
222.8,71.0736
222.8666667,71.0736
222.9333333,71.0736
223,71.0736
223.0666667,71.1942
223.1333333,71.1942
223.2,71.1942
223.2666667,0
223.3333333,0
223.4,0
223.4666667,0
223.5333333,0
223.6,0
223.6666667,0
223.7333333,0
223.8,0
223.8666667,0
223.9333333,0
224,0
224.0666667,0
224.1333333,0
224.2,0
224.2666667,0
224.3333333,0
224.4,0
224.4666667,0
224.5333333,0
224.6,0
224.6666667,0
224.7333333,0
224.8,0
224.8666667,0
224.9333333,0
225,0
225.0666667,0
225.1333333,0
225.2,0
225.2666667,73.2444
225.3333333,73.2444
225.4,73.2444
225.4666667,73.2444
225.5333333,73.2444
225.6,73.2444
225.6666667,73.2444
225.7333333,73.2444
225.8,73.2846
225.8666667,73.2846
225.9333333,73.2846
226,73.2846
226.0666667,73.767
226.1333333,73.767
226.2,73.767
226.2666667,73.4856
226.3333333,73.4856
226.4,73.4856
226.4666667,73.4856
226.5333333,73.4454
226.6,73.4454
226.6666667,73.4454
226.7333333,73.4454
226.8,74.0886
226.8666667,74.0886
226.9333333,74.0886
227,74.0886
227.0666667,73.5258
227.1333333,73.5258
227.2,73.5258
227.2666667,73.4454
227.3333333,73.4454
227.4,73.4454
227.4666667,73.4454
227.5333333,73.2846
227.6,73.2846
227.6666667,73.2846
227.7333333,73.2846
227.8,0
227.8666667,0
227.9333333,0
228,0
228.0666667,0
228.1333333,0
228.2,0
228.2666667,0
228.3333333,0
228.4,0
228.4666667,0
228.5333333,0
228.6,0
228.6666667,0
228.7333333,0
228.8,0
228.8666667,0
228.9333333,0
229,0
229.0666667,0
229.1333333,0
229.2,0
229.2666667,0
229.3333333,0
229.4,0
229.4666667,0
229.5333333,0
229.6,0
229.6666667,0
229.7333333,0
229.8,0
229.8666667,0
229.9333333,0
230,0
230.0666667,0
230.1333333,0
230.2,0
230.2666667,0
230.3333333,0
230.4,0
230.4666667,0
230.5333333,0
230.6,0
230.6666667,0
230.7333333,0
230.8,0
230.8666667,0
230.9333333,0
231,0
231.0666667,0
231.1333333,0
231.2,0
231.2666667,0
231.3333333,0
231.4,0
231.4666667,0
231.5333333,0
231.6,0
231.6666667,0
231.7333333,0
231.8,72.7218
231.8666667,72.7218
231.9333333,72.7218
232,72.7218
232.0666667,73.5258
232.1333333,73.5258
232.2,73.5258
232.2666667,73.0434
232.3333333,73.0434
232.4,73.0434
232.4666667,73.0434
232.5333333,71.2746
232.6,71.2746
232.6666667,71.2746
232.7333333,71.2746
232.8,71.355
232.8666667,71.355
232.9333333,71.355
233,71.355
233.0666667,71.9982
233.1333333,71.9982
233.2,71.9982
233.2666667,71.757
233.3333333,71.757
233.4,71.757
233.4666667,71.757
233.5333333,70.9932
233.6,70.9932
233.6666667,70.9932
233.7333333,70.9932
233.8,71.1138
233.8666667,71.1138
233.9333333,71.1138
234,71.1138
234.0666667,71.1138
234.1333333,71.1138
234.2,71.1138
234.2666667,0
234.3333333,0
234.4,0
234.4666667,0
234.5333333,0
234.6,0
234.6666667,0
234.7333333,0
234.8,0
234.8666667,0
234.9333333,0
235,0
235.0666667,0
235.1333333,0
235.2,0
235.2666667,0
235.3333333,0
235.4,0
235.4666667,0
235.5333333,0
235.6,0
235.6666667,0
235.7333333,0
235.8,0
235.8666667,0
235.9333333,0
236,0
236.0666667,0
236.1333333,0
236.2,0
236.2666667,71.8776
236.3333333,71.8776
236.4,71.8776
236.4666667,71.8776
236.5333333,71.958
236.6,71.958
236.6666667,71.958
236.7333333,71.958
236.8,71.154
236.8666667,71.154
236.9333333,71.154
237,71.154
237.0666667,71.1942
237.1333333,71.1942
237.2,71.1942
237.2666667,71.154
237.3333333,71.154
237.4,71.154
237.4666667,71.154
237.5333333,71.154
237.6,71.154
237.6666667,71.154
237.7333333,71.154
237.8,71.0736
237.8666667,71.0736
237.9333333,71.0736
238,71.0736
238.0666667,72.1992
238.1333333,72.1992
238.2,72.1992
238.2666667,71.4354
238.3333333,71.4354
238.4,71.4354
238.4666667,71.4354
238.5333333,71.0736
238.6,71.0736
238.6666667,71.0736
238.7333333,71.0736
238.8,71.1138
238.8666667,71.1138
238.9333333,71.1138
239,71.1138
239.0666667,70.953
239.1333333,70.953
239.2,70.953
239.2666667,71.154
239.3333333,71.154
239.4,71.154
239.4666667,71.154
239.5333333,71.4354
239.6,71.4354
239.6666667,71.4354
239.7333333,71.4354
239.8,72.0384
239.8666667,72.0384
239.9333333,72.0384
240,72.0384
240.0666667,70.7922
240.1333333,70.7922
240.2,70.7922
240.2666667,96.7212
240.3333333,96.7212
240.4,96.7212
240.4666667,96.7212
240.5333333,72.5208
240.6,72.5208
240.6666667,72.5208
240.7333333,72.5208
240.8,71.0736
240.8666667,71.0736
240.9333333,71.0736
241,71.0736
241.0666667,70.6716
241.1333333,70.6716
241.2,70.6716
241.2666667,70.9128
241.3333333,70.9128
241.4,70.9128
241.4666667,70.9128
241.5333333,71.5962
241.6,71.5962
241.6666667,71.5962
241.7333333,71.5962
241.8,72.0786
241.8666667,72.0786
241.9333333,72.0786
242,72.0786
242.0666667,70.9932
242.1333333,70.9932
242.2,70.9932
242.2666667,70.9128
242.3333333,70.9128
242.4,70.9128
242.4666667,70.9128
242.5333333,70.8324
242.6,70.8324
242.6666667,70.8324
242.7333333,70.8324
242.8,71.556
242.8666667,71.556
242.9333333,71.556
243,71.556
243.0666667,70.7922
243.1333333,70.7922
243.2,70.7922
243.2666667,70.752
243.3333333,70.752
243.4,70.752
243.4666667,70.752
243.5333333,70.5912
243.6,70.5912
243.6666667,70.5912
243.7333333,70.5912
243.8,41.2452
243.8666667,41.2452
243.9333333,41.2452
244,41.2452
244.0666667,4.1004
244.1333333,4.1004
244.2,4.1004
244.2666667,4.8642
244.3333333,4.8642
244.4,4.8642
244.4666667,4.8642
244.5333333,5.3868
244.6,5.3868
244.6666667,5.3868
244.7333333,5.3868
244.8,5.3868
244.8666667,5.3868
244.9333333,5.3868
245,5.3868
245.0666667,5.226
245.1333333,5.226
245.2,5.226
245.2666667,4.3416
245.3333333,4.3416
245.4,4.3416
245.4666667,4.3416
245.5333333,4.2612
245.6,4.2612
245.6666667,4.2612
245.7333333,4.2612
245.8,4.221
245.8666667,4.221
245.9333333,4.221
246,4.221
246.0666667,4.1004
246.1333333,4.1004
246.2,4.1004
246.2666667,4.3416
246.3333333,4.3416
246.4,4.3416
246.4666667,4.3416
246.5333333,25.1652
246.6,25.1652
246.6666667,25.1652
246.7333333,25.1652
246.8,73.164
246.8666667,73.164
246.9333333,73.164
247,73.164
247.0666667,85.827
247.1333333,85.827
247.2,85.827
247.2666667,90.0882
247.3333333,90.0882
247.4,90.0882
247.4666667,90.0882
247.5333333,89.043
247.6,89.043
247.6666667,89.043
247.7333333,89.043
247.8,88.842
247.8666667,88.842
247.9333333,88.842
248,88.842
248.0666667,88.9626
248.1333333,88.9626
248.2,88.9626
248.2666667,87.5556
248.3333333,87.5556
248.4,87.5556
248.4666667,87.5556
248.5333333,88.1586
248.6,88.1586
248.6666667,88.1586
248.7333333,88.1586
248.8,88.1184
248.8666667,88.1184
248.9333333,88.1184
249,88.1184
249.0666667,87.837
249.1333333,87.837
249.2,87.837
249.2666667,87.7164
249.3333333,87.7164
249.4,87.7164
249.4666667,87.7164
249.5333333,87.9174
249.6,87.9174
249.6666667,87.9174
249.7333333,87.9174
249.8,88.3998
249.8666667,88.3998
249.9333333,88.3998
250,88.3998
250.0666667,88.8018
250.1333333,88.8018
250.2,88.8018
250.2666667,88.3194
250.3333333,88.3194
250.4,88.3194
250.4666667,88.3194
250.5333333,87.636
250.6,87.636
250.6666667,87.636
250.7333333,87.636
250.8,87.9978
250.8666667,87.9978
250.9333333,87.9978
251,87.9978
251.0666667,87.9576
251.1333333,87.9576
251.2,87.9576
251.2666667,88.1586
251.3333333,88.1586
251.4,88.1586
251.4666667,88.1586
251.5333333,89.9676
251.6,89.9676
251.6666667,89.9676
251.7333333,89.9676
251.8,87.9174
251.8666667,87.9174
251.9333333,87.9174
252,87.9174
252.0666667,87.5556
252.1333333,87.5556
252.2,87.5556
252.2666667,88.5606
252.3333333,88.5606
252.4,88.5606
252.4666667,88.5606
252.5333333,88.0782
252.6,88.0782
252.6666667,88.0782
252.7333333,88.0782
252.8,0
252.8666667,0
252.9333333,0
253,0
253.0666667,0
253.1333333,0
253.2,0
253.2666667,0
253.3333333,0
253.4,0
253.4666667,0
253.5333333,0
253.6,0
253.6666667,0
253.7333333,0
253.8,0
253.8666667,0
253.9333333,0
254,0
254.0666667,0
254.1333333,0
254.2,0
254.2666667,0
254.3333333,0
254.4,0
254.4666667,0
254.5333333,0
254.6,0
254.6666667,0
254.7333333,0
254.8,0
254.8666667,0
254.9333333,0
255,0
255.0666667,0
255.1333333,0
255.2,0
255.2666667,0
255.3333333,0
255.4,0
255.4666667,0
255.5333333,0
255.6,0
255.6666667,0
255.7333333,0
255.8,0
255.8666667,0
255.9333333,0
256,0
256.0666667,0
256.1333333,0
256.2,0
256.2666667,0
256.3333333,0
256.4,0
256.4666667,0
256.5333333,88.7214
256.6,88.7214
256.6666667,88.7214
256.7333333,88.7214
256.8,88.9224
256.8666667,88.9224
256.9333333,88.9224
257,88.9224
257.0666667,87.636
257.1333333,87.636
257.2,87.636
257.2666667,87.435
257.3333333,87.435
257.4,87.435
257.4666667,87.435
257.5333333,87.7164
257.6,87.7164
257.6666667,87.7164
257.7333333,87.7164
257.8,87.7968
257.8666667,87.7968
257.9333333,87.7968
258,87.7968
258.0666667,87.0732
258.1333333,87.0732
258.2,87.0732
258.2666667,87.5154
258.3333333,87.5154
258.4,87.5154
258.4666667,87.5154
258.5333333,87.3144
258.6,87.3144
258.6666667,87.3144
258.7333333,87.3144
258.8,87.7566
258.8666667,87.7566
258.9333333,87.7566
259,87.7566
259.0666667,88.5606
259.1333333,88.5606
259.2,88.5606
259.2666667,87.3144
259.3333333,87.3144
259.4,87.3144
259.4666667,87.3144
259.5333333,87.2742
259.6,87.2742
259.6666667,87.2742
259.7333333,87.2742
259.8,0
259.8666667,0
259.9333333,0
260,0
260.0666667,0
260.1333333,0
260.2,0
260.2666667,0
260.3333333,0
260.4,0
260.4666667,0
260.5333333,0
260.6,0
260.6666667,0
260.7333333,0
260.8,0
260.8666667,0
260.9333333,0
261,0
261.0666667,0
261.1333333,0
261.2,0
261.2666667,0
261.3333333,0
261.4,0
261.4666667,0
261.5333333,0
261.6,0
261.6666667,0
261.7333333,0
261.8,0
261.8666667,0
261.9333333,0
262,0
262.0666667,0
262.1333333,0
262.2,0
262.2666667,0
262.3333333,0
262.4,0
262.4666667,0
262.5333333,0
262.6,0
262.6666667,0
262.7333333,0
262.8,0
262.8666667,0
262.9333333,0
263,0
263.0666667,4.221
263.1333333,4.221
263.2,4.221
263.2666667,4.5024
263.3333333,4.5024
263.4,4.5024
263.4666667,4.5024
263.5333333,7.236
263.6,7.236
263.6666667,7.236
263.7333333,7.236
263.8,11.8188
263.8666667,11.8188
263.9333333,11.8188
264,11.8188
264.0666667,70.0686
264.1333333,70.0686
264.2,70.0686
264.2666667,70.4706
264.3333333,70.4706
264.4,70.4706
264.4666667,70.4706
264.5333333,0
264.6,0
264.6666667,0
264.7333333,0
264.8,0
264.8666667,0
264.9333333,0
265,0
265.0666667,0
265.1333333,0
265.2,0
265.2666667,0
265.3333333,0
265.4,0
265.4666667,0
265.5333333,0
265.6,0
265.6666667,0
265.7333333,0
265.8,0
265.8666667,0
265.9333333,0
266,0
266.0666667,0
266.1333333,0
266.2,0
266.2666667,0
266.3333333,0
266.4,0
266.4666667,0
266.5333333,0
266.6,0
266.6666667,0
266.7333333,0
266.8,0
266.8666667,0
266.9333333,0
267,0
267.0666667,0
267.1333333,0
267.2,0
267.2666667,0
267.3333333,0
267.4,0
267.4666667,0
267.5333333,0
267.6,0
267.6666667,0
267.7333333,0
267.8,70.0284
267.8666667,70.0284
267.9333333,70.0284
268,70.0284
268.0666667,70.0686
268.1333333,70.0686
268.2,70.0686
268.2666667,70.1892
268.3333333,70.1892
268.4,70.1892
268.4666667,70.1892
268.5333333,69.9078
268.6,69.9078
268.6666667,69.9078
268.7333333,69.9078
268.8,70.1892
268.8666667,70.1892
268.9333333,70.1892
269,70.1892
269.0666667,69.948
269.1333333,69.948
269.2,69.948
269.2666667,71.1942
269.3333333,71.1942
269.4,71.1942
269.4666667,71.1942
269.5333333,70.4304
269.6,70.4304
269.6666667,70.4304
269.7333333,70.4304
269.8,70.149
269.8666667,70.149
269.9333333,70.149
270,70.149
270.0666667,70.2696
270.1333333,70.2696
270.2,70.2696
270.2666667,39.1146
270.3333333,39.1146
270.4,39.1146
270.4666667,39.1146
270.5333333,6.1506
270.6,6.1506
270.6666667,6.1506
270.7333333,6.1506
270.8,5.1456
270.8666667,5.1456
270.9333333,5.1456
271,5.1456
271.0666667,6.3114
271.1333333,6.3114
271.2,6.3114
271.2666667,6.1908
271.3333333,6.1908
271.4,6.1908
271.4666667,6.1908
271.5333333,6.1506
271.6,6.1506
271.6666667,6.1506
271.7333333,6.1506
271.8,5.3064
271.8666667,5.3064
271.9333333,5.3064
272,5.3064
272.0666667,0
272.1333333,0
272.2,0
272.2666667,0
272.3333333,0
272.4,0
272.4666667,0
272.5333333,0
272.6,0
272.6666667,0
272.7333333,0
272.8,0
272.8666667,0
272.9333333,0
273,0
273.0666667,0
273.1333333,0
273.2,0
273.2666667,0
273.3333333,0
273.4,0
273.4666667,0
273.5333333,0
273.6,0
273.6666667,0
273.7333333,0
273.8,0
273.8666667,0
273.9333333,0
274,0
274.0666667,0
274.1333333,0
274.2,0
274.2666667,0
274.3333333,0
274.4,0
274.4666667,0
274.5333333,0
274.6,0
274.6666667,0
274.7333333,0
274.8,71.3952
274.8666667,71.3952
274.9333333,71.3952
275,71.3952
275.0666667,71.2746
275.1333333,71.2746
275.2,71.2746
275.2666667,71.958
275.3333333,71.958
275.4,71.958
275.4666667,71.958
275.5333333,71.1138
275.6,71.1138
275.6666667,71.1138
275.7333333,71.1138
275.8,71.757
275.8666667,71.757
275.9333333,71.757
276,71.757
276.0666667,70.752
276.1333333,70.752
276.2,70.752
276.2666667,70.8324
276.3333333,70.8324
276.4,70.8324
276.4666667,70.8324
276.5333333,71.8374
276.6,71.8374
276.6666667,71.8374
276.7333333,71.8374
276.8,71.2746
276.8666667,71.2746
276.9333333,71.2746
277,71.2746
277.0666667,71.8374
277.1333333,71.8374
277.2,71.8374
277.2666667,0
277.3333333,0
277.4,0
277.4666667,0
277.5333333,0
277.6,0
277.6666667,0
277.7333333,0
277.8,0
277.8666667,0
277.9333333,0
278,0
278.0666667,0
278.1333333,0
278.2,0
278.2666667,0
278.3333333,0
278.4,0
278.4666667,0
278.5333333,71.757
278.6,71.757
278.6666667,71.757
278.7333333,71.757
278.8,70.9128
278.8666667,70.9128
278.9333333,70.9128
279,70.9128
279.0666667,71.2746
279.1333333,71.2746
279.2,71.2746
279.2666667,70.9932
279.3333333,70.9932
279.4,70.9932
279.4666667,70.9932
279.5333333,71.0736
279.6,71.0736
279.6666667,71.0736
279.7333333,71.0736
279.8,70.8726
279.8666667,70.8726
279.9333333,70.8726
280,70.8726
280.0666667,71.6364
280.1333333,71.6364
280.2,71.6364
280.2666667,71.1942
280.3333333,71.1942
280.4,71.1942
280.4666667,71.1942
280.5333333,71.3952
280.6,71.3952
280.6666667,71.3952
280.7333333,71.3952
280.8,70.953
280.8666667,70.953
280.9333333,70.953
281,70.953
281.0666667,70.9128
281.1333333,70.9128
281.2,70.9128
281.2666667,0
281.3333333,0
281.4,0
281.4666667,0
281.5333333,0
281.6,0
281.6666667,0
281.7333333,0
281.8,70.7922
281.8666667,70.7922
281.9333333,70.7922
282,70.7922
282.0666667,71.5158
282.1333333,71.5158
282.2,71.5158
282.2666667,71.1942
282.3333333,71.1942
282.4,71.1942
282.4666667,71.1942
282.5333333,70.953
282.6,70.953
282.6666667,70.953
282.7333333,70.953
282.8,70.9128
282.8666667,70.9128
282.9333333,70.9128
283,70.9128
283.0666667,70.8324
283.1333333,70.8324
283.2,70.8324
283.2666667,70.8726
283.3333333,70.8726
283.4,70.8726
283.4666667,70.8726
283.5333333,70.7118
283.6,70.7118
283.6666667,70.7118
283.7333333,70.7118
283.8,0
283.8666667,0
283.9333333,0
284,0
284.0666667,0
284.1333333,0
284.2,0
284.2666667,0
284.3333333,0
284.4,0
284.4666667,0
284.5333333,0
284.6,0
284.6666667,0
284.7333333,0
284.8,0
284.8666667,0
284.9333333,0
285,0
285.0666667,0
285.1333333,0
285.2,0
285.2666667,0
285.3333333,0
285.4,0
285.4666667,0
285.5333333,0
285.6,0
285.6666667,0
285.7333333,0
285.8,70.7922
285.8666667,70.7922
285.9333333,70.7922
286,70.7922
286.0666667,70.7118
286.1333333,70.7118
286.2,70.7118
286.2666667,70.7118
286.3333333,70.7118
286.4,70.7118
286.4666667,70.7118
286.5333333,70.6314
286.6,70.6314
286.6666667,70.6314
286.7333333,70.6314
286.8,70.752
286.8666667,70.752
286.9333333,70.752
287,70.752
287.0666667,71.8776
287.1333333,71.8776
287.2,71.8776
287.2666667,71.1138
287.3333333,71.1138
287.4,71.1138
287.4666667,71.1138
287.5333333,70.9128
287.6,70.9128
287.6666667,70.9128
287.7333333,70.9128
287.8,70.4304
287.8666667,70.4304
287.9333333,70.4304
288,70.4304
288.0666667,0
288.1333333,0
288.2,0
288.2666667,0
288.3333333,0
288.4,0
288.4666667,0
288.5333333,0
288.6,0
288.6666667,0
288.7333333,0
288.8,0
288.8666667,0
288.9333333,0
289,0
289.0666667,73.2846
289.1333333,73.2846
289.2,73.2846
289.2666667,73.3248
289.3333333,73.3248
289.4,73.3248
289.4666667,73.3248
289.5333333,73.9278
289.6,73.9278
289.6666667,73.9278
289.7333333,73.9278
289.8,32.6022
289.8666667,32.6022
289.9333333,32.6022
290,32.6022
290.0666667,6.6732
290.1333333,6.6732
290.2,6.6732
290.2666667,6.7134
290.3333333,6.7134
290.4,6.7134
290.4666667,6.7134
290.5333333,6.7134
290.6,6.7134
290.6666667,6.7134
290.7333333,6.7134
290.8,7.1154
290.8666667,7.1154
290.9333333,7.1154
291,7.1154
291.0666667,6.432
291.1333333,6.432
291.2,6.432
291.2666667,6.5526
291.3333333,6.5526
291.4,6.5526
291.4666667,6.5526
291.5333333,6.1908
291.6,6.1908
291.6666667,6.1908
291.7333333,6.1908
291.8,6.3516
291.8666667,6.3516
291.9333333,6.3516
292,6.3516
292.0666667,6.231
292.1333333,6.231
292.2,6.231
292.2666667,6.4722
292.3333333,6.4722
292.4,6.4722
292.4666667,6.4722
292.5333333,7.5978
292.6,7.5978
292.6666667,7.5978
292.7333333,7.5978
292.8,7.839
292.8666667,7.839
292.9333333,7.839
293,7.839
293.0666667,7.3968
293.1333333,7.3968
293.2,7.3968
293.2666667,7.7184
293.3333333,7.7184
293.4,7.7184
293.4666667,7.7184
293.5333333,7.1154
293.6,7.1154
293.6666667,7.1154
293.7333333,7.1154
293.8,6.231
293.8666667,6.231
293.9333333,6.231
294,6.231
294.0666667,6.3516
294.1333333,6.3516
294.2,6.3516
294.2666667,6.0702
294.3333333,6.0702
294.4,6.0702
294.4666667,6.0702
294.5333333,6.4722
294.6,6.4722
294.6666667,6.4722
294.7333333,6.4722
294.8,33.768
294.8666667,33.768
294.9333333,33.768
295,33.768
295.0666667,72.4404
295.1333333,72.4404
295.2,72.4404
295.2666667,73.164
295.3333333,73.164
295.4,73.164
295.4666667,73.164
295.5333333,73.6062
295.6,73.6062
295.6666667,73.6062
295.7333333,73.6062
295.8,72.9228
295.8666667,72.9228
295.9333333,72.9228
296,72.9228
296.0666667,73.2042
296.1333333,73.2042
296.2,73.2042
296.2666667,73.164
296.3333333,73.164
296.4,73.164
296.4666667,73.164
296.5333333,73.2042
296.6,73.2042
296.6666667,73.2042
296.7333333,73.2042
296.8,0
296.8666667,0
296.9333333,0
297,0
297.0666667,0
297.1333333,0
297.2,0
297.2666667,0
297.3333333,0
297.4,0
297.4666667,0
297.5333333,0
297.6,0
297.6666667,0
297.7333333,0
297.8,0
297.8666667,0
297.9333333,0
298,0
298.0666667,0
298.1333333,0
298.2,0
298.2666667,0
298.3333333,0
298.4,0
298.4666667,0
298.5333333,73.566
298.6,73.566
298.6666667,73.566
298.7333333,73.566
298.8,73.4454
298.8666667,73.4454
298.9333333,73.4454
299,73.4454
299.0666667,73.4454
299.1333333,73.4454
299.2,73.4454
299.2666667,74.0886
299.3333333,74.0886
299.4,74.0886
299.4666667,74.0886
299.5333333,73.6062
299.6,73.6062
299.6666667,73.6062
299.7333333,73.6062
299.8,73.1238
299.8666667,73.1238
299.9333333,73.1238
300,73.1238
300.0666667,73.1238
300.1333333,73.1238
300.2,73.1238
300.2666667,74.1288
300.3333333,74.1288
300.4,74.1288
300.4666667,74.1288
300.5333333,73.6464
300.6,73.6464
300.6666667,73.6464
300.7333333,73.6464
300.8,73.968
300.8666667,73.968
300.9333333,73.968
301,73.968
301.0666667,72.8826
301.1333333,72.8826
301.2,72.8826
301.2666667,73.0836
301.3333333,73.0836
301.4,73.0836
301.4666667,73.0836
301.5333333,72.8826
301.6,72.8826
301.6666667,72.8826
301.7333333,72.8826
301.8,73.0434
301.8666667,73.0434
301.9333333,73.0434
302,73.0434
302.0666667,0
302.1333333,0
302.2,0
302.2666667,0
302.3333333,0
302.4,0
302.4666667,0
302.5333333,0
302.6,0
302.6666667,0
302.7333333,0
302.8,0
302.8666667,0
302.9333333,0
303,0
303.0666667,0
303.1333333,0
303.2,0
303.2666667,0
303.3333333,0
303.4,0
303.4666667,0
303.5333333,0
303.6,0
303.6666667,0
303.7333333,0
303.8,0
303.8666667,0
303.9333333,0
304,0
304.0666667,0
304.1333333,0
304.2,0
304.2666667,0
304.3333333,0
304.4,0
304.4666667,0
304.5333333,0
304.6,0
304.6666667,0
304.7333333,0
304.8,0
304.8666667,0
304.9333333,0
305,0
305.0666667,0
305.1333333,0
305.2,0
305.2666667,0
305.3333333,0
305.4,0
305.4666667,0
305.5333333,0
305.6,0
305.6666667,0
305.7333333,0
305.8,72.8826
305.8666667,72.8826
305.9333333,72.8826
306,72.8826
306.0666667,72.6414
306.1333333,72.6414
306.2,72.6414
306.2666667,72.8424
306.3333333,72.8424
306.4,72.8424
306.4666667,72.8424
306.5333333,72.762
306.6,72.762
306.6666667,72.762
306.7333333,72.762
306.8,72.8826
306.8666667,72.8826
306.9333333,72.8826
307,72.8826
307.0666667,72.8022
307.1333333,72.8022
307.2,72.8022
307.2666667,72.8022
307.3333333,72.8022
307.4,72.8022
307.4666667,72.8022
307.5333333,72.8022
307.6,72.8022
307.6666667,72.8022
307.7333333,72.8022
307.8,72.4806
307.8666667,72.4806
307.9333333,72.4806
308,72.4806
308.0666667,72.0786
308.1333333,72.0786
308.2,72.0786
308.2666667,73.0032
308.3333333,73.0032
308.4,73.0032
308.4666667,73.0032
308.5333333,72.6816
308.6,72.6816
308.6666667,72.6816
308.7333333,72.6816
308.8,72.963
308.8666667,72.963
308.9333333,72.963
309,72.963
309.0666667,72.5208
309.1333333,72.5208
309.2,72.5208
309.2666667,73.0836
309.3333333,73.0836
309.4,73.0836
309.4666667,73.0836
309.5333333,73.0434
309.6,73.0434
309.6666667,73.0434
309.7333333,73.0434
309.8,73.6062
309.8666667,73.6062
309.9333333,73.6062
310,73.6062
310.0666667,0
310.1333333,0
310.2,0
310.2666667,0
310.3333333,0
310.4,0
310.4666667,0
310.5333333,0
310.6,0
310.6666667,0
310.7333333,0
310.8,0
310.8666667,0
310.9333333,0
311,0
311.0666667,0
311.1333333,0
311.2,0
311.2666667,0
311.3333333,0
311.4,0
311.4666667,0
311.5333333,0
311.6,0
311.6666667,0
311.7333333,0
311.8,73.7268
311.8666667,73.7268
311.9333333,73.7268
312,73.7268
312.0666667,70.551
312.1333333,70.551
312.2,70.551
312.2666667,70.8726
312.3333333,70.8726
312.4,70.8726
312.4666667,70.8726
312.5333333,71.8776
312.6,71.8776
312.6666667,71.8776
312.7333333,71.8776
312.8,71.8374
312.8666667,71.8374
312.9333333,71.8374
313,71.8374
313.0666667,0
313.1333333,0
313.2,0
313.2666667,0
313.3333333,0
313.4,0
313.4666667,0
313.5333333,0
313.6,0
313.6666667,0
313.7333333,0
313.8,0
313.8666667,0
313.9333333,0
314,0
314.0666667,0
314.1333333,0
314.2,0
314.2666667,0
314.3333333,0
314.4,0
314.4666667,0
314.5333333,0
314.6,0
314.6666667,0
314.7333333,0
314.8,0
314.8666667,0
314.9333333,0
315,0
315.0666667,0
315.1333333,0
315.2,0
315.2666667,0
315.3333333,0
315.4,0
315.4666667,0
315.5333333,0
315.6,0
315.6666667,0
315.7333333,0
315.8,0
315.8666667,0
315.9333333,0
316,0
316.0666667,4.5426
316.1333333,4.5426
316.2,4.5426
316.2666667,4.9446
316.3333333,4.9446
316.4,4.9446
316.4666667,4.9446
316.5333333,4.7034
316.6,4.7034
316.6666667,4.7034
316.7333333,4.7034
316.8,5.829
316.8666667,5.829
316.9333333,5.829
317,5.829
317.0666667,6.0702
317.1333333,6.0702
317.2,6.0702
317.2666667,4.7034
317.3333333,4.7034
317.4,4.7034
317.4666667,4.7034
317.5333333,4.7034
317.6,4.7034
317.6666667,4.7034
317.7333333,4.7034
317.8,4.7436
317.8666667,4.7436
317.9333333,4.7436
318,4.7436
318.0666667,4.8642
318.1333333,4.8642
318.2,4.8642
318.2666667,5.2662
318.3333333,5.2662
318.4,5.2662
318.4666667,5.2662
318.5333333,4.5828
318.6,4.5828
318.6666667,4.5828
318.7333333,4.5828
318.8,5.628
318.8666667,5.628
318.9333333,5.628
319,5.628
319.0666667,39.1548
319.1333333,39.1548
319.2,39.1548
319.2666667,70.4304
319.3333333,70.4304
319.4,70.4304
319.4666667,70.4304
319.5333333,70.7118
319.6,70.7118
319.6666667,70.7118
319.7333333,70.7118
319.8,71.4354
319.8666667,71.4354
319.9333333,71.4354
320,71.4354
320.0666667,71.8374
320.1333333,71.8374
320.2,71.8374
320.2666667,71.7168
320.3333333,71.7168
320.4,71.7168
320.4666667,71.7168
320.5333333,71.0334
320.6,71.0334
320.6666667,71.0334
320.7333333,71.0334
320.8,0
320.8666667,0
320.9333333,0
321,0
321.0666667,0
321.1333333,0
321.2,0
321.2666667,0
321.3333333,0
321.4,0
321.4666667,0
321.5333333,0
321.6,0
321.6666667,0
321.7333333,0
321.8,0
321.8666667,0
321.9333333,0
322,0
322.0666667,0
322.1333333,0
322.2,0
322.2666667,0
322.3333333,0
322.4,0
322.4666667,0
322.5333333,0
322.6,0
322.6666667,0
322.7333333,0
322.8,0
322.8666667,0
322.9333333,0
323,0
323.0666667,71.2344
323.1333333,71.2344
323.2,71.2344
323.2666667,70.1088
323.3333333,70.1088
323.4,70.1088
323.4666667,70.1088
323.5333333,70.2294
323.6,70.2294
323.6666667,70.2294
323.7333333,70.2294
323.8,70.4304
323.8666667,70.4304
323.9333333,70.4304
324,70.4304
324.0666667,70.35
324.1333333,70.35
324.2,70.35
324.2666667,71.6766
324.3333333,71.6766
324.4,71.6766
324.4666667,71.6766
324.5333333,70.35
324.6,70.35
324.6666667,70.35
324.7333333,70.35
324.8,70.2696
324.8666667,70.2696
324.9333333,70.2696
325,70.2696
325.0666667,70.2294
325.1333333,70.2294
325.2,70.2294
325.2666667,70.4706
325.3333333,70.4706
325.4,70.4706
325.4666667,70.4706
325.5333333,0
325.6,0
325.6666667,0
325.7333333,0
325.8,0
325.8666667,0
325.9333333,0
326,0
326.0666667,0
326.1333333,0
326.2,0
326.2666667,0
326.3333333,0
326.4,0
326.4666667,0
326.5333333,0
326.6,0
326.6666667,0
326.7333333,0
326.8,0
326.8666667,0
326.9333333,0
327,0
327.0666667,0
327.1333333,0
327.2,0
327.2666667,0
327.3333333,0
327.4,0
327.4666667,0
327.5333333,0
327.6,0
327.6666667,0
327.7333333,0
327.8,0
327.8666667,0
327.9333333,0
328,0
328.0666667,0
328.1333333,0
328.2,0
328.2666667,0
328.3333333,0
328.4,0
328.4666667,0
328.5333333,70.0686
328.6,70.0686
328.6666667,70.0686
328.7333333,70.0686
328.8,70.1892
328.8666667,70.1892
328.9333333,70.1892
329,70.1892
329.0666667,70.0686
329.1333333,70.0686
329.2,70.0686
329.2666667,70.0284
329.3333333,70.0284
329.4,70.0284
329.4666667,70.0284
329.5333333,69.9078
329.6,69.9078
329.6666667,69.9078
329.7333333,69.9078
329.8,70.149
329.8666667,70.149
329.9333333,70.149
330,70.149
330.0666667,70.0284
330.1333333,70.0284
330.2,70.0284
330.2666667,70.3902
330.3333333,70.3902
330.4,70.3902
330.4666667,70.3902
330.5333333,70.2294
330.6,70.2294
330.6666667,70.2294
330.7333333,70.2294
330.8,69.9882
330.8666667,69.9882
330.9333333,69.9882
331,69.9882
331.0666667,70.2294
331.1333333,70.2294
331.2,70.2294
331.2666667,71.0736
331.3333333,71.0736
331.4,71.0736
331.4666667,71.0736
331.5333333,71.1942
331.6,71.1942
331.6666667,71.1942
331.7333333,71.1942
331.8,0
331.8666667,0
331.9333333,0
332,0
332.0666667,0
332.1333333,0
332.2,0
332.2666667,0
332.3333333,0
332.4,0
332.4666667,0
332.5333333,0
332.6,0
332.6666667,0
332.7333333,0
332.8,0
332.8666667,0
332.9333333,0
333,0
333.0666667,71.3148
333.1333333,71.3148
333.2,71.3148
333.2666667,70.8324
333.3333333,70.8324
333.4,70.8324
333.4666667,70.8324
333.5333333,71.2344
333.6,71.2344
333.6666667,71.2344
333.7333333,71.2344
333.8,71.4756
333.8666667,71.4756
333.9333333,71.4756
334,71.4756
334.0666667,70.9932
334.1333333,70.9932
334.2,70.9932
334.2666667,0
334.3333333,0
334.4,0
334.4666667,0
334.5333333,0
334.6,0
334.6666667,0
334.7333333,0
334.8,71.2344
334.8666667,71.2344
334.9333333,71.2344
335,71.2344
335.0666667,71.154
335.1333333,71.154
335.2,71.154
335.2666667,71.5158
335.3333333,71.5158
335.4,71.5158
335.4666667,71.5158
335.5333333,70.9128
335.6,70.9128
335.6666667,70.9128
335.7333333,70.9128
335.8,71.0334
335.8666667,71.0334
335.9333333,71.0334
336,71.0334