-- Dumping data for table `component`
LOCK TABLES `component` WRITE;
INSERT INTO `component`
(`id`, `name`, `componentTypeId`, `description`)
VALUES
(1,'pv1',1,'PV example'),
(2,'wt1',2,'WT example'),
(3,'dg1',3,'DG example'),
(4,'b1',4,'B example');
UNLOCK TABLES;


-- Dumping data for table `component_spec_data`
LOCK TABLES `component_spec_data` WRITE;
INSERT INTO `component_spec_data`
(`componentId`, `componentSpecMetaId`, `value`)
VALUES
(1,1,50),
(1,2,1.0),
(1,3,500),
(1,4,100),
(2,5,0.98),
(2,6,0.22),
(2,7,75),
(2,8,30),
(2,9,10000),
(2,10,1000),
(3,11,1.0),
(3,12,0.6),
(3,13,5.0),
(3,14,65.0),
(3,15,0.0),
(3,16,25),
(3,17,750),
(3,18,100),
(4,19,0.95),
(4,20,100.0),
(4,21,0.95),
(4,22,100.0),
(4,23,100.0),
(4,24,0.99),
(4,25,0.2),
(4,26,1.0),
(4,27,2000.0),
(4,28,50.0);
UNLOCK TABLES;


-- Dumping data for table `component_user`
LOCK TABLES `component_user` WRITE;
INSERT INTO `component_user`
(`userId`, `componentId`, `permissionId`)
VALUES
(2,1,1),
(2,2,1),
(2,3,1),
(2,4,1);
UNLOCK TABLES;


-- Dumping data for table `grid`
LOCK TABLES `grid` WRITE;
INSERT INTO `grid`
(`id`,`name`,`description`)
VALUES
(1,'no wind','solar / battery / diesel'),
(2,'no solar','wind / battery / diesel'),
(3,'no diesel','solar / wind / battery'),
(4,'all sources','solar / wind / battery / diesel'),
(5,'no solar, more wind','wind x2 / battery / diesel');
UNLOCK TABLES;


-- Dumping data for table `grid_component`
LOCK TABLES `grid_component` WRITE;
INSERT INTO `grid_component`
(`gridId`,`componentId`,`quantity`) 
VALUES 
(1,1,1),
(1,3,1),
(1,4,1),
(2,2,1),
(2,3,1),
(2,4,1),
(3,1,1),
(3,2,1),
(3,4,1),
(4,1,1),
(4,2,1),
(4,3,1),
(4,4,1),
(5,2,2),
(5,3,1),
(5,4,1);
UNLOCK TABLES;


-- Dumping data for table `grid_user`
LOCK TABLES `grid_user` WRITE;
INSERT INTO `grid_user`
(`gridId`, `userId`, `permissionId`)
VALUES
(1,2,1),
(2,2,1),
(3,2,1),
(4,2,1),
(5,2,1);
UNLOCK TABLES;


-- Dumping data for table `disturbance`
LOCK TABLES `disturbance` WRITE;
INSERT INTO `disturbance`
(`id`, `name`, `description`)
VALUES
(1,'Municipal outage','data from part of old hurricane.json file');
UNLOCK TABLES;


-- Dumping data for table `disturbance_data`
LOCK TABLES `disturbance_data` WRITE;
INSERT INTO `disturbance_data`
(`disturbanceId`, `componentTypeId`, `value`)
VALUES
(1,2,0.0),
(1,1,0.0),
(1,3,0.0),
(1,4,0.0);
UNLOCK TABLES;


-- Dumping data for table `disturbance_user`
LOCK TABLES `disturbance_user` WRITE;
INSERT INTO `disturbance_user`
(`disturbanceId`, `userId`, `permissionId`)
VALUES
(1,2,1);
UNLOCK TABLES;


-- Dumping data for table `repair`
LOCK TABLES `repair` WRITE;
INSERT INTO `repair`
(`id`, `name`, `description`)
VALUES
(1,'Medium','data from part of old medium.json file');
UNLOCK TABLES;


-- Dumping data for table `repair_data`
LOCK TABLES `repair_data` WRITE;
INSERT INTO `repair_data`
(`repairId`, `componentTypeId`, `value`)
VALUES
(1,2,96.0),
(1,1,120.0),
(1,3,114.0),
(1,4,6.0);
UNLOCK TABLES;


-- Dumping data for table `repair_user`
LOCK TABLES `repair_user` WRITE;
INSERT INTO `repair_user`
(`repairId`, `userId`, `permissionId`)
VALUES
(1,2,1);
UNLOCK TABLES;


-- Dumping data for table `powerload`
LOCK TABLES `powerload` WRITE;
INSERT INTO `powerload`
(`id`, `name`, `description`)
VALUES
(1,'Powerload 1','example powerload');
UNLOCK TABLES;


-- Dumping data for table `powerload_user`
LOCK TABLES `powerload_user` WRITE;
INSERT INTO `powerload_user`
(`powerloadId`, `userId`, `permissionId`)
VALUES
(1,2,1);
UNLOCK TABLES;


-- Dumping data for table `powerload_data`
LOCK TABLES `powerload_data` WRITE;
INSERT INTO `powerload_data`
(`powerloadId`, `time`, `value`)
VALUES
(1,0.066666667,5.628),(1,0.133333333,5.628),(1,0.2,5.628),(1,0.266666667,49.2852),(1,0.333333333,49.2852),(1,0.4,49.2852),(1,0.466666667,49.2852),(1,0.533333333,77.7066),(1,0.6,77.7066),(1,0.666666667,77.7066),(1,0.733333333,77.7066),(1,0.8,77.6664),(1,0.866666667,77.6664),(1,0.933333333,77.6664),(1,1,77.6664),(1,1.066666667,77.9478),(1,1.133333333,77.9478),(1,1.2,77.9478),(1,1.266666667,78.9528),(1,1.333333333,78.9528),(1,1.4,78.9528),(1,1.466666667,78.9528),(1,1.533333333,79.2744),(1,1.6,79.2744),(1,1.666666667,79.2744),(1,1.733333333,79.2744),(1,1.8,78.993),(1,1.866666667,78.993),(1,1.933333333,78.993),(1,2,78.993),(1,2.066666667,79.1538),(1,2.133333333,79.1538),(1,2.2,79.1538),(1,2.266666667,79.4754),(1,2.333333333,79.4754),(1,2.4,79.4754),(1,2.466666667,79.4754),(1,2.533333333,78.993),(1,2.6,78.993),(1,2.666666667,78.993),(1,2.733333333,78.993),(1,2.8,79.3548),(1,2.866666667,79.3548),(1,2.933333333,79.3548),(1,3,79.3548),(1,3.066666667,78.993),(1,3.133333333,78.993),(1,3.2,78.993),(1,3.266666667,77.9076),(1,3.333333333,77.9076),(1,3.4,77.9076),(1,3.466666667,77.9076),(1,3.533333333,77.8272),(1,3.6,77.8272),(1,3.666666667,77.8272),(1,3.733333333,77.8272),(1,3.8,77.9478),(1,3.866666667,77.9478),(1,3.933333333,77.9478),(1,4,77.9478),(1,4.066666667,77.9076),(1,4.133333333,77.9076),(1,4.2,77.9076),(1,4.266666667,77.9076),(1,4.333333333,77.9076),(1,4.4,77.9076),(1,4.466666667,77.9076),(1,4.533333333,0.02),(1,4.6,0.02),(1,4.666666667,0.02),(1,4.733333333,0.02),(1,4.8,0.02),(1,4.866666667,0.02),(1,4.933333333,0.02),(1,5,0.02),(1,5.066666667,0.02),(1,5.133333333,0.02),(1,5.2,0.02),(1,5.266666667,0.02),(1,5.333333333,0.02),(1,5.4,0.02),(1,5.466666667,0.02),(1,5.533333333,0.02),(1,5.6,0.02),(1,5.666666667,0.02),(1,5.733333333,0.02),(1,5.8,0.02),(1,5.866666667,0.02),(1,5.933333333,0.02),(1,6,0.02),(1,6.066666667,77.8674),(1,6.133333333,77.8674),(1,6.2,77.8674),(1,6.266666667,78.9528),(1,6.333333333,78.9528),(1,6.4,78.9528),(1,6.466666667,78.9528),(1,6.533333333,77.9076),(1,6.6,77.9076),(1,6.666666667,77.9076),(1,6.733333333,77.9076),(1,6.8,77.6664),(1,6.866666667,77.6664),(1,6.933333333,77.6664),(1,7,77.6664),(1,7.066666667,77.787),(1,7.133333333,77.787),(1,7.2,77.787),(1,7.266666667,78.0684),(1,7.333333333,78.0684),(1,7.4,78.0684),(1,7.466666667,78.0684),(1,7.533333333,80.5608),(1,7.6,80.5608),(1,7.666666667,80.5608),(1,7.733333333,80.5608),(1,7.8,88.44),(1,7.866666667,88.44),(1,7.933333333,88.44),(1,8,88.44),(1,8.066666667,78.1488),(1,8.133333333,78.1488),(1,8.2,78.1488),(1,8.266666667,77.8272),(1,8.333333333,77.8272),(1,8.4,77.8272),(1,8.466666667,77.8272),(1,8.533333333,77.8674),(1,8.6,77.8674),(1,8.666666667,77.8674),(1,8.733333333,77.8674),(1,8.8,77.9478),(1,8.866666667,77.9478),(1,8.933333333,77.9478),(1,9,77.9478),(1,9.066666667,77.9478),(1,9.133333333,77.9478),(1,9.2,77.9478),(1,9.266666667,77.9076),(1,9.333333333,77.9076),(1,9.4,77.9076),(1,9.466666667,77.9076),(1,9.533333333,78.3498),(1,9.6,78.3498),(1,9.666666667,78.3498),(1,9.733333333,78.3498),(1,9.8,0.02),(1,9.866666667,0.02),(1,9.933333333,0.02),(1,10,0.02),(1,10.06666667,0.02),(1,10.13333333,0.02),(1,10.2,0.02),(1,10.26666667,0.02),(1,10.33333333,0.02),(1,10.4,0.02),(1,10.46666667,0.02),(1,10.53333333,0.02),(1,10.6,0.02),(1,10.66666667,0.02),(1,10.73333333,0.02),(1,10.8,0.02),(1,10.86666667,0.02),(1,10.93333333,0.02),(1,11,0.02),(1,11.06666667,0.02),(1,11.13333333,0.02),(1,11.2,0.02),(1,11.26666667,0.02),(1,11.33333333,0.02),(1,11.4,0.02),(1,11.46666667,0.02),(1,11.53333333,0.02),(1,11.6,0.02),(1,11.66666667,0.02),(1,11.73333333,0.02),(1,11.8,0.02),(1,11.86666667,0.02),(1,11.93333333,0.02),(1,12,0.02),(1,12.06666667,0.02),(1,12.13333333,0.02),(1,12.2,0.02),(1,12.26666667,0.02),(1,12.33333333,0.02),(1,12.4,0.02),(1,12.46666667,0.02),(1,12.53333333,0.02),(1,12.6,0.02),(1,12.66666667,0.02),(1,12.73333333,0.02),(1,12.8,71.9982),(1,12.86666667,71.9982),(1,12.93333333,71.9982),(1,13,71.9982),(1,13.06666667,74.772),(1,13.13333333,74.772),(1,13.2,74.772),(1,13.26666667,107.8164),(1,13.33333333,107.8164),(1,13.4,107.8164),(1,13.46666667,107.8164),(1,13.53333333,99.696),(1,13.6,99.696),(1,13.66666667,99.696),(1,13.73333333,99.696),(1,13.8,70.953),(1,13.86666667,70.953),(1,13.93333333,70.953),(1,14,70.953),(1,14.06666667,70.7922),(1,14.13333333,70.7922),(1,14.2,70.7922),(1,14.26666667,70.953),(1,14.33333333,70.953),(1,14.4,70.953),(1,14.46666667,70.953),(1,14.53333333,71.757),(1,14.6,71.757),(1,14.66666667,71.757),(1,14.73333333,71.757),(1,14.8,70.4706),(1,14.86666667,70.4706),(1,14.93333333,70.4706),(1,15,70.4706),(1,15.06666667,71.757),(1,15.13333333,71.757),(1,15.2,71.757),(1,15.26666667,71.1942),(1,15.33333333,71.1942),(1,15.4,71.1942),(1,15.46666667,71.1942),(1,15.53333333,70.9932),(1,15.6,70.9932),(1,15.66666667,70.9932),(1,15.73333333,70.9932),(1,15.8,70.9128),(1,15.86666667,70.9128),(1,15.93333333,70.9128),(1,16,70.9128),(1,16.06666667,71.0736),(1,16.13333333,71.0736),(1,16.2,71.0736),(1,16.26666667,71.154),(1,16.33333333,71.154),(1,16.4,71.154),(1,16.46666667,71.154),(1,16.53333333,71.1138),(1,16.6,71.1138),(1,16.66666667,71.1138),(1,16.73333333,71.1138),(1,16.8,26.1702),(1,16.86666667,26.1702),(1,16.93333333,26.1702),(1,17,26.1702),(1,17.06666667,0.02),(1,17.13333333,0.02),(1,17.2,0.02),(1,17.26666667,0.02),(1,17.33333333,0.02),(1,17.4,0.02),(1,17.46666667,0.02),(1,17.53333333,0.02),(1,17.6,0.02),(1,17.66666667,0.02),(1,17.73333333,0.02),(1,17.8,0.02),(1,17.86666667,0.02),(1,17.93333333,0.02),(1,18,0.02),(1,18.06666667,0.02),(1,18.13333333,0.02),(1,18.2,0.02),(1,18.26666667,0.02),(1,18.33333333,0.02),(1,18.4,0.02),(1,18.46666667,0.02),(1,18.53333333,0.02),(1,18.6,0.02),(1,18.66666667,0.02),(1,18.73333333,0.02),(1,18.8,0.02),(1,18.86666667,0.02),(1,18.93333333,0.02),(1,19,0.02),(1,19.06666667,4.6632),(1,19.13333333,4.6632),(1,19.2,4.6632),(1,19.26666667,4.3416),(1,19.33333333,4.3416),(1,19.4,4.3416),(1,19.46666667,4.3416),(1,19.53333333,4.0602),(1,19.6,4.0602),(1,19.66666667,4.0602),(1,19.73333333,4.0602),(1,19.8,4.3014),(1,19.86666667,4.3014),(1,19.93333333,4.3014),(1,20,4.3014),(1,20.06666667,4.1004),(1,20.13333333,4.1004),(1,20.2,4.1004),(1,20.26666667,4.1004),(1,20.33333333,4.1004),(1,20.4,4.1004),(1,20.46666667,4.1004),(1,20.53333333,4.0602),(1,20.6,4.0602),(1,20.66666667,4.0602),(1,20.73333333,4.0602),(1,20.8,4.02),(1,20.86666667,4.02),(1,20.93333333,4.02),(1,21,4.02),(1,21.06666667,4.9446),(1,21.13333333,4.9446),(1,21.2,4.9446),(1,21.26666667,5.1858),(1,21.33333333,5.1858),(1,21.4,5.1858),(1,21.46666667,5.1858),(1,21.53333333,4.1406),(1,21.6,4.1406),(1,21.66666667,4.1406),(1,21.73333333,4.1406),(1,21.8,3.9798),(1,21.86666667,3.9798),(1,21.93333333,3.9798),(1,22,3.9798),(1,22.06666667,0.02),(1,22.13333333,0.02),(1,22.2,0.02),(1,22.26666667,0.02),(1,22.33333333,0.02),(1,22.4,0.02),(1,22.46666667,0.02),(1,22.53333333,0.02),(1,22.6,0.02),(1,22.66666667,0.02),(1,22.73333333,0.02),(1,22.8,0.02),(1,22.86666667,0.02),(1,22.93333333,0.02),(1,23,0.02),(1,23.06666667,0.02),(1,23.13333333,0.02),(1,23.2,0.02),(1,23.26666667,0.02),(1,23.33333333,0.02),(1,23.4,0.02),(1,23.46666667,0.02),(1,23.53333333,0.02),(1,23.6,0.02),(1,23.66666667,0.02),(1,23.73333333,0.02),(1,23.8,0.02),(1,23.86666667,0.02),(1,23.93333333,0.02),(1,24,0.02),(1,24.06666667,70.9128),(1,24.13333333,70.9128),(1,24.2,70.9128),(1,24.26666667,70.6314),(1,24.33333333,70.6314),(1,24.4,70.6314),(1,24.46666667,70.6314),(1,24.53333333,70.6314),(1,24.6,70.6314),(1,24.66666667,70.6314),(1,24.73333333,70.6314),(1,24.8,0.02),(1,24.86666667,0.02),(1,24.93333333,0.02),(1,25,0.02),(1,25.06666667,0.02),(1,25.13333333,0.02),(1,25.2,0.02),(1,25.26666667,0.02),(1,25.33333333,0.02),(1,25.4,0.02),(1,25.46666667,0.02),(1,25.53333333,0.02),(1,25.6,0.02),(1,25.66666667,0.02),(1,25.73333333,0.02),(1,25.8,0.02),(1,25.86666667,0.02),(1,25.93333333,0.02),(1,26,0.02),(1,26.06666667,0.02),(1,26.13333333,0.02),(1,26.2,0.02),(1,26.26666667,0.02),(1,26.33333333,0.02),(1,26.4,0.02),(1,26.46666667,0.02),(1,26.53333333,0.02),(1,26.6,0.02),(1,26.66666667,0.02),(1,26.73333333,0.02),(1,26.8,0.02),(1,26.86666667,0.02),(1,26.93333333,0.02),(1,27,0.02),(1,27.06666667,0.02),(1,27.13333333,0.02),(1,27.2,0.02),(1,27.26666667,0.02),(1,27.33333333,0.02),(1,27.4,0.02),(1,27.46666667,0.02),(1,27.53333333,0.02),(1,27.6,0.02),(1,27.66666667,0.02),(1,27.73333333,0.02),(1,27.8,0.02),(1,27.86666667,0.02),(1,27.93333333,0.02),(1,28,0.02),(1,28.06666667,70.6314),(1,28.13333333,70.6314),(1,28.2,70.6314),(1,28.26666667,70.2294),(1,28.33333333,70.2294),(1,28.4,70.2294),(1,28.46666667,70.2294),(1,28.53333333,70.4304),(1,28.6,70.4304),(1,28.66666667,70.4304),(1,28.73333333,70.4304),(1,28.8,70.551),(1,28.86666667,70.551),(1,28.93333333,70.551),(1,29,70.551),(1,29.06666667,70.5108),(1,29.13333333,70.5108),(1,29.2,70.5108),(1,29.26666667,70.7118),(1,29.33333333,70.7118),(1,29.4,70.7118),(1,29.46666667,70.7118),(1,29.53333333,70.7118),(1,29.6,70.7118),(1,29.66666667,70.7118),(1,29.73333333,70.7118),(1,29.8,70.8726),(1,29.86666667,70.8726),(1,29.93333333,70.8726),(1,30,70.8726),(1,30.06666667,70.3098),(1,30.13333333,70.3098),(1,30.2,70.3098),(1,30.26666667,70.4706),(1,30.33333333,70.4706),(1,30.4,70.4706),(1,30.46666667,70.4706),(1,30.53333333,70.3902),(1,30.6,70.3902),(1,30.66666667,70.3902),(1,30.73333333,70.3902),(1,30.8,71.1138),(1,30.86666667,71.1138),(1,30.93333333,71.1138),(1,31,71.1138),(1,31.06666667,71.3148),(1,31.13333333,71.3148),(1,31.2,71.3148),(1,31.26666667,71.7168),(1,31.33333333,71.7168),(1,31.4,71.7168),(1,31.46666667,71.7168),(1,31.53333333,71.6766),(1,31.6,71.6766),(1,31.66666667,71.6766),(1,31.73333333,71.6766),(1,31.8,71.1138),(1,31.86666667,71.1138),(1,31.93333333,71.1138),(1,32,71.1138),(1,32.06666667,71.0736),(1,32.13333333,71.0736),(1,32.2,71.0736),(1,32.26666667,70.953),(1,32.33333333,70.953),(1,32.4,70.953),(1,32.46666667,70.953),(1,32.53333333,70.6314),(1,32.6,70.6314),(1,32.66666667,70.6314),(1,32.73333333,70.6314),(1,32.8,0.02),(1,32.86666667,0.02),(1,32.93333333,0.02),(1,33,0.02),(1,33.06666667,0.02),(1,33.13333333,0.02),(1,33.2,0.02),(1,33.26666667,0.02),(1,33.33333333,0.02),(1,33.4,0.02),(1,33.46666667,0.02),(1,33.53333333,0.02),(1,33.6,0.02),(1,33.66666667,0.02),(1,33.73333333,0.02),(1,33.8,0.02),(1,33.86666667,0.02),(1,33.93333333,0.02),(1,34,0.02),(1,34.06666667,0.02),(1,34.13333333,0.02),(1,34.2,0.02),(1,34.26666667,0.02),(1,34.33333333,0.02),(1,34.4,0.02),(1,34.46666667,0.02),(1,34.53333333,0.02),(1,34.6,0.02),(1,34.66666667,0.02),(1,34.73333333,0.02),(1,34.8,71.5158),(1,34.86666667,71.5158),(1,34.93333333,71.5158),(1,35,71.5158),(1,35.06666667,71.3148),(1,35.13333333,71.3148),(1,35.2,71.3148),(1,35.26666667,70.752),(1,35.33333333,70.752),(1,35.4,70.752),(1,35.46666667,70.752),(1,35.53333333,70.8324),(1,35.6,70.8324),(1,35.66666667,70.8324),(1,35.73333333,70.8324),(1,35.8,71.0736),(1,35.86666667,71.0736),(1,35.93333333,71.0736),(1,36,71.0736),(1,36.06666667,70.8324),(1,36.13333333,70.8324),(1,36.2,70.8324),(1,36.26666667,72.159),(1,36.33333333,72.159),(1,36.4,72.159),(1,36.46666667,72.159),(1,36.53333333,71.7168),(1,36.6,71.7168),(1,36.66666667,71.7168),(1,36.73333333,71.7168),(1,36.8,70.9128),(1,36.86666667,70.9128),(1,36.93333333,70.9128),(1,37,70.9128),(1,37.06666667,71.7972),(1,37.13333333,71.7972),(1,37.2,71.7972),(1,37.26666667,71.757),(1,37.33333333,71.757),(1,37.4,71.757),(1,37.46666667,71.757),(1,37.53333333,70.9128),(1,37.6,70.9128),(1,37.66666667,70.9128),(1,37.73333333,70.9128),(1,37.8,0.02),(1,37.86666667,0.02),(1,37.93333333,0.02),(1,38,0.02),(1,38.06666667,0.02),(1,38.13333333,0.02),(1,38.2,0.02),(1,38.26666667,0.02),(1,38.33333333,0.02),(1,38.4,0.02),(1,38.46666667,0.02),(1,38.53333333,0.02),(1,38.6,0.02),(1,38.66666667,0.02),(1,38.73333333,0.02),(1,38.8,0.02),(1,38.86666667,0.02),(1,38.93333333,0.02),(1,39,0.02),(1,39.06666667,0.02),(1,39.13333333,0.02),(1,39.2,0.02),(1,39.26666667,0.02),(1,39.33333333,0.02),(1,39.4,0.02),(1,39.46666667,0.02),(1,39.53333333,0.02),(1,39.6,0.02),(1,39.66666667,0.02),(1,39.73333333,0.02),(1,39.8,0.02),(1,39.86666667,0.02),(1,39.93333333,0.02),(1,40,0.02),(1,40.06666667,0.02),(1,40.13333333,0.02),(1,40.2,0.02),(1,40.26666667,0.02),(1,40.33333333,0.02),(1,40.4,0.02),(1,40.46666667,0.02),(1,40.53333333,0.02),(1,40.6,0.02),(1,40.66666667,0.02),(1,40.73333333,0.02),(1,40.8,0.02),(1,40.86666667,0.02),(1,40.93333333,0.02),(1,41,0.02),(1,41.06666667,0.02),(1,41.13333333,0.02),(1,41.2,0.02),(1,41.26666667,0.02),(1,41.33333333,0.02),(1,41.4,0.02),(1,41.46666667,0.02),(1,41.53333333,0.02),(1,41.6,0.02),(1,41.66666667,0.02),(1,41.73333333,0.02),(1,41.8,0.02),(1,41.86666667,0.02),(1,41.93333333,0.02),(1,42,0.02),(1,42.06666667,70.5108),(1,42.13333333,70.5108),(1,42.2,70.5108),(1,42.26666667,70.7922),(1,42.33333333,70.7922),(1,42.4,70.7922),(1,42.46666667,70.7922),(1,42.53333333,70.551),(1,42.6,70.551),(1,42.66666667,70.551),(1,42.73333333,70.551),(1,42.8,70.6314),(1,42.86666667,70.6314),(1,42.93333333,70.6314),(1,43,70.6314),(1,43.06666667,70.752),(1,43.13333333,70.752),(1,43.2,70.752),(1,43.26666667,71.0736),(1,43.33333333,71.0736),(1,43.4,71.0736),(1,43.46666667,71.0736),(1,43.53333333,70.6716),(1,43.6,70.6716),(1,43.66666667,70.6716),(1,43.73333333,70.6716),(1,43.8,70.3098),(1,43.86666667,70.3098),(1,43.93333333,70.3098),(1,44,70.3098),(1,44.06666667,70.6314),(1,44.13333333,70.6314),(1,44.2,70.6314),(1,44.26666667,70.551),(1,44.33333333,70.551),(1,44.4,70.551),(1,44.46666667,70.551),(1,44.53333333,70.4706),(1,44.6,70.4706),(1,44.66666667,70.4706),(1,44.73333333,70.4706),(1,44.8,70.35),(1,44.86666667,70.35),(1,44.93333333,70.35),(1,45,70.35),(1,45.06666667,70.4706),(1,45.13333333,70.4706),(1,45.2,70.4706),(1,45.26666667,70.6716),(1,45.33333333,70.6716),(1,45.4,70.6716),(1,45.46666667,70.6716),(1,45.53333333,70.5912),(1,45.6,70.5912),(1,45.66666667,70.5912),(1,45.73333333,70.5912),(1,45.8,71.1942),(1,45.86666667,71.1942),(1,45.93333333,71.1942),(1,46,71.1942),(1,46.06666667,70.5912),(1,46.13333333,70.5912),(1,46.2,70.5912),(1,46.26666667,0.02),(1,46.33333333,0.02),(1,46.4,0.02),(1,46.46666667,0.02),(1,46.53333333,0.02),(1,46.6,0.02),(1,46.66666667,0.02),(1,46.73333333,0.02),(1,46.8,0.02),(1,46.86666667,0.02),(1,46.93333333,0.02),(1,47,0.02),(1,47.06666667,0.02),(1,47.13333333,0.02),(1,47.2,0.02),(1,47.26666667,0.02),(1,47.33333333,0.02),(1,47.4,0.02),(1,47.46666667,0.02),(1,47.53333333,0.02),(1,47.6,0.02),(1,47.66666667,0.02),(1,47.73333333,0.02),(1,47.8,0.02),(1,47.86666667,0.02),(1,47.93333333,0.02),(1,48,0.02),(1,48.06666667,0.02),(1,48.13333333,0.02),(1,48.2,0.02),(1,48.26666667,0.02),(1,48.33333333,0.02),(1,48.4,0.02),(1,48.46666667,0.02),(1,48.53333333,0.02),(1,48.6,0.02),(1,48.66666667,0.02),(1,48.73333333,0.02),(1,48.8,0.02),(1,48.86666667,0.02),(1,48.93333333,0.02),(1,49,0.02),(1,49.06666667,0.02),(1,49.13333333,0.02),(1,49.2,0.02),(1,49.26666667,0.02),(1,49.33333333,0.02),(1,49.4,0.02),(1,49.46666667,0.02),(1,49.53333333,70.4706),(1,49.6,70.4706),(1,49.66666667,70.4706),(1,49.73333333,70.4706),(1,49.8,70.551),(1,49.86666667,70.551),(1,49.93333333,70.551),(1,50,70.551),(1,50.06666667,70.4304),(1,50.13333333,70.4304),(1,50.2,70.4304),(1,50.26666667,70.7118),(1,50.33333333,70.7118),(1,50.4,70.7118),(1,50.46666667,70.7118),(1,50.53333333,71.5962),(1,50.6,71.5962),(1,50.66666667,71.5962),(1,50.73333333,71.5962),(1,50.8,72.1992),(1,50.86666667,72.1992),(1,50.93333333,72.1992),(1,51,72.1992),(1,51.06666667,71.8776),(1,51.13333333,71.8776),(1,51.2,71.8776),(1,51.26666667,71.3952),(1,51.33333333,71.3952),(1,51.4,71.3952),(1,51.46666667,71.3952),(1,51.53333333,70.3902),(1,51.6,70.3902),(1,51.66666667,70.3902),(1,51.73333333,70.3902),(1,51.8,70.5108),(1,51.86666667,70.5108),(1,51.93333333,70.5108),(1,52,70.5108),(1,52.06666667,70.5108),(1,52.13333333,70.5108),(1,52.2,70.5108),(1,52.26666667,70.8324),(1,52.33333333,70.8324),(1,52.4,70.8324),(1,52.46666667,70.8324),(1,52.53333333,70.752),(1,52.6,70.752),(1,52.66666667,70.752),(1,52.73333333,70.752),(1,52.8,70.752),(1,52.86666667,70.752),(1,52.93333333,70.752),(1,53,70.752),(1,53.06666667,70.9128),(1,53.13333333,70.9128),(1,53.2,70.9128),(1,53.26666667,70.9932),(1,53.33333333,70.9932),(1,53.4,70.9932),(1,53.46666667,70.9932),(1,53.53333333,70.7922),(1,53.6,70.7922),(1,53.66666667,70.7922),(1,53.73333333,70.7922),(1,53.8,70.6716),(1,53.86666667,70.6716),(1,53.93333333,70.6716),(1,54,70.6716),(1,54.06666667,70.8324),(1,54.13333333,70.8324),(1,54.2,70.8324),(1,54.26666667,71.3952),(1,54.33333333,71.3952),(1,54.4,71.3952),(1,54.46666667,71.3952),(1,54.53333333,72.0384),(1,54.6,72.0384),(1,54.66666667,72.0384),(1,54.73333333,72.0384),(1,54.8,72.1992),(1,54.86666667,72.1992),(1,54.93333333,72.1992),(1,55,72.1992),(1,55.06666667,72.1992),(1,55.13333333,72.1992),(1,55.2,72.1992),(1,55.26666667,71.6364),(1,55.33333333,71.6364),(1,55.4,71.6364),(1,55.46666667,71.6364),(1,55.53333333,0.02),(1,55.6,0.02),(1,55.66666667,0.02),(1,55.73333333,0.02),(1,55.8,0.02),(1,55.86666667,0.02),(1,55.93333333,0.02),(1,56,0.02),(1,56.06666667,0.02),(1,56.13333333,0.02),(1,56.2,0.02),(1,56.26666667,0.02),(1,56.33333333,0.02),(1,56.4,0.02),(1,56.46666667,0.02),(1,56.53333333,0.02),(1,56.6,0.02),(1,56.66666667,0.02),(1,56.73333333,0.02),(1,56.8,0.02),(1,56.86666667,0.02),(1,56.93333333,0.02),(1,57,0.02),(1,57.06666667,0.02),(1,57.13333333,0.02),(1,57.2,0.02),(1,57.26666667,0.02),(1,57.33333333,0.02),(1,57.4,0.02),(1,57.46666667,0.02),(1,57.53333333,70.953),(1,57.6,70.953),(1,57.66666667,70.953),(1,57.73333333,70.953),(1,57.8,70.9932),(1,57.86666667,70.9932),(1,57.93333333,70.9932),(1,58,70.9932),(1,58.06666667,70.752),(1,58.13333333,70.752),(1,58.2,70.752),(1,58.26666667,71.355),(1,58.33333333,71.355),(1,58.4,71.355),(1,58.46666667,71.355),(1,58.53333333,70.6314),(1,58.6,70.6314),(1,58.66666667,70.6314),(1,58.73333333,70.6314),(1,58.8,70.9128),(1,58.86666667,70.9128),(1,58.93333333,70.9128),(1,59,70.9128),(1,59.06666667,70.8726),(1,59.13333333,70.8726),(1,59.2,70.8726),(1,59.26666667,70.551),(1,59.33333333,70.551),(1,59.4,70.551),(1,59.46666667,70.551),(1,59.53333333,70.8324),(1,59.6,70.8324),(1,59.66666667,70.8324),(1,59.73333333,70.8324),(1,59.8,71.8776),(1,59.86666667,71.8776),(1,59.93333333,71.8776),(1,60,71.8776),(1,60.06666667,71.8776),(1,60.13333333,71.8776),(1,60.2,71.8776),(1,60.26666667,0.02),(1,60.33333333,0.02),(1,60.4,0.02),(1,60.46666667,0.02),(1,60.53333333,0.02),(1,60.6,0.02),(1,60.66666667,0.02),(1,60.73333333,0.02),(1,60.8,0.02),(1,60.86666667,0.02),(1,60.93333333,0.02),(1,61,0.02),(1,61.06666667,0.02),(1,61.13333333,0.02),(1,61.2,0.02),(1,61.26666667,0.02),(1,61.33333333,0.02),(1,61.4,0.02),(1,61.46666667,0.02),(1,61.53333333,0.02),(1,61.6,0.02),(1,61.66666667,0.02),(1,61.73333333,0.02),(1,61.8,0.02),(1,61.86666667,0.02),(1,61.93333333,0.02),(1,62,0.02),(1,62.06666667,0.02),(1,62.13333333,0.02),(1,62.2,0.02),(1,62.26666667,0.02),(1,62.33333333,0.02),(1,62.4,0.02),(1,62.46666667,0.02),(1,62.53333333,0.02),(1,62.6,0.02),(1,62.66666667,0.02),(1,62.73333333,0.02),(1,62.8,0.02),(1,62.86666667,0.02),(1,62.93333333,0.02),(1,63,0.02),(1,63.06666667,0.02),(1,63.13333333,0.02),(1,63.2,0.02),(1,63.26666667,0.02),(1,63.33333333,0.02),(1,63.4,0.02),(1,63.46666667,0.02),(1,63.53333333,0.02),(1,63.6,0.02),(1,63.66666667,0.02),(1,63.73333333,0.02),(1,63.8,4.5024),(1,63.86666667,4.5024),(1,63.93333333,4.5024),(1,64,4.5024),(1,64.06666667,4.6632),(1,64.13333333,4.6632),(1,64.2,4.6632),(1,64.26666667,4.422),(1,64.33333333,4.422),(1,64.4,4.422),(1,64.46666667,4.422),(1,64.53333333,4.4622),(1,64.6,4.4622),(1,64.66666667,4.4622),(1,64.73333333,4.4622),(1,64.8,4.2612),(1,64.86666667,4.2612),(1,64.93333333,4.2612),(1,65,4.2612),(1,65.06666667,5.3064),(1,65.13333333,5.3064),(1,65.2,5.3064),(1,65.26666667,4.5024),(1,65.33333333,4.5024),(1,65.4,4.5024),(1,65.46666667,4.5024),(1,65.53333333,4.3416),(1,65.6,4.3416),(1,65.66666667,4.3416),(1,65.73333333,4.3416),(1,65.8,4.3014),(1,65.86666667,4.3014),(1,65.93333333,4.3014),(1,66,4.3014),(1,66.06666667,4.2612),(1,66.13333333,4.2612),(1,66.2,4.2612),(1,66.26666667,5.0652),(1,66.33333333,5.0652),(1,66.4,5.0652),(1,66.46666667,5.0652),(1,66.53333333,5.427),(1,66.6,5.427),(1,66.66666667,5.427),(1,66.73333333,5.427),(1,66.8,4.9848),(1,66.86666667,4.9848),(1,66.93333333,4.9848),(1,67,4.9848),(1,67.06666667,6.834),(1,67.13333333,6.834),(1,67.2,6.834),(1,67.26666667,52.0992),(1,67.33333333,52.0992),(1,67.4,52.0992),(1,67.46666667,52.0992),(1,67.53333333,0.02),(1,67.6,0.02),(1,67.66666667,0.02),(1,67.73333333,0.02),(1,67.8,0.02),(1,67.86666667,0.02),(1,67.93333333,0.02),(1,68,0.02),(1,68.06666667,0.02),(1,68.13333333,0.02),(1,68.2,0.02),(1,68.26666667,0.02),(1,68.33333333,0.02),(1,68.4,0.02),(1,68.46666667,0.02),(1,68.53333333,0.02),(1,68.6,0.02),(1,68.66666667,0.02),(1,68.73333333,0.02),(1,68.8,0.02),(1,68.86666667,0.02),(1,68.93333333,0.02),(1,69,0.02),(1,69.06666667,0.02),(1,69.13333333,0.02),(1,69.2,0.02),(1,69.26666667,0.02),(1,69.33333333,0.02),(1,69.4,0.02),(1,69.46666667,0.02),(1,69.53333333,71.0334),(1,69.6,71.0334),(1,69.66666667,71.0334),(1,69.73333333,71.0334),(1,69.8,70.9932),(1,69.86666667,70.9932),(1,69.93333333,70.9932),(1,70,70.9932),(1,70.06666667,70.551),(1,70.13333333,70.551),(1,70.2,70.551),(1,70.26666667,70.6716),(1,70.33333333,70.6716),(1,70.4,70.6716),(1,70.46666667,70.6716),(1,70.53333333,70.6314),(1,70.6,70.6314),(1,70.66666667,70.6314),(1,70.73333333,70.6314),(1,70.8,70.7922),(1,70.86666667,70.7922),(1,70.93333333,70.7922),(1,71,70.7922),(1,71.06666667,70.953),(1,71.13333333,70.953),(1,71.2,70.953),(1,71.26666667,70.5912),(1,71.33333333,70.5912),(1,71.4,70.5912),(1,71.46666667,70.5912),(1,71.53333333,70.8726),(1,71.6,70.8726),(1,71.66666667,70.8726),(1,71.73333333,70.8726),(1,71.8,70.4304),(1,71.86666667,70.4304),(1,71.93333333,70.4304),(1,72,70.4304),(1,72.06666667,72.1188),(1,72.13333333,72.1188),(1,72.2,72.1188),(1,72.26666667,71.1138),(1,72.33333333,71.1138),(1,72.4,71.1138),(1,72.46666667,71.1138),(1,72.53333333,71.3148),(1,72.6,71.3148),(1,72.66666667,71.3148),(1,72.73333333,71.3148),(1,72.8,71.1942),(1,72.86666667,71.1942),(1,72.93333333,71.1942),(1,73,71.1942),(1,73.06666667,71.355),(1,73.13333333,71.355),(1,73.2,71.355),(1,73.26666667,71.154),(1,73.33333333,71.154),(1,73.4,71.154),(1,73.46666667,71.154),(1,73.53333333,71.3148),(1,73.6,71.3148),(1,73.66666667,71.3148),(1,73.73333333,71.3148),(1,73.8,71.1942),(1,73.86666667,71.1942),(1,73.93333333,71.1942),(1,74,71.1942),(1,74.06666667,71.2344),(1,74.13333333,71.2344),(1,74.2,71.2344),(1,74.26666667,71.6766),(1,74.33333333,71.6766),(1,74.4,71.6766),(1,74.46666667,71.6766),(1,74.53333333,71.0736),(1,74.6,71.0736),(1,74.66666667,71.0736),(1,74.73333333,71.0736),(1,74.8,71.3952),(1,74.86666667,71.3952),(1,74.93333333,71.3952),(1,75,71.3952),(1,75.06666667,71.2746),(1,75.13333333,71.2746),(1,75.2,71.2746),(1,75.26666667,71.355),(1,75.33333333,71.355),(1,75.4,71.355),(1,75.46666667,71.355),(1,75.53333333,70.9932),(1,75.6,70.9932),(1,75.66666667,70.9932),(1,75.73333333,70.9932),(1,75.8,72.3198),(1,75.86666667,72.3198),(1,75.93333333,72.3198),(1,76,72.3198),(1,76.06666667,72.36),(1,76.13333333,72.36),(1,76.2,72.36),(1,76.26666667,72.561),(1,76.33333333,72.561),(1,76.4,72.561),(1,76.46666667,72.561),(1,76.53333333,72.3198),(1,76.6,72.3198),(1,76.66666667,72.3198),(1,76.73333333,72.3198),(1,76.8,72.1992),(1,76.86666667,72.1992),(1,76.93333333,72.1992),(1,77,72.1992),(1,77.06666667,72.3198),(1,77.13333333,72.3198),(1,77.2,72.3198),(1,77.26666667,72.561),(1,77.33333333,72.561),(1,77.4,72.561),(1,77.46666667,72.561),(1,77.53333333,72.2394),(1,77.6,72.2394),(1,77.66666667,72.2394),(1,77.73333333,72.2394),(1,77.8,71.8374),(1,77.86666667,71.8374),(1,77.93333333,71.8374),(1,78,71.8374),(1,78.06666667,71.1942),(1,78.13333333,71.1942),(1,78.2,71.1942),(1,78.26666667,71.0736),(1,78.33333333,71.0736),(1,78.4,71.0736),(1,78.46666667,71.0736),(1,78.53333333,71.0334),(1,78.6,71.0334),(1,78.66666667,71.0334),(1,78.73333333,71.0334),(1,78.8,70.9932),(1,78.86666667,70.9932),(1,78.93333333,70.9932),(1,79,70.9932),(1,79.06666667,71.5158),(1,79.13333333,71.5158),(1,79.2,71.5158),(1,79.26666667,71.1942),(1,79.33333333,71.1942),(1,79.4,71.1942),(1,79.46666667,71.1942),(1,79.53333333,74.571),(1,79.6,74.571),(1,79.66666667,74.571),(1,79.73333333,74.571),(1,79.8,75.0534),(1,79.86666667,75.0534),(1,79.93333333,75.0534),(1,80,75.0534),(1,80.06666667,74.4906),(1,80.13333333,74.4906),(1,80.2,74.4906),(1,80.26666667,74.4504),(1,80.33333333,74.4504),(1,80.4,74.4504),(1,80.46666667,74.4504),(1,80.53333333,75.9378),(1,80.6,75.9378),(1,80.66666667,75.9378),(1,80.73333333,75.9378),(1,80.8,89.3244),(1,80.86666667,89.3244),(1,80.93333333,89.3244),(1,81,89.3244),(1,81.06666667,36.8634),(1,81.13333333,36.8634),(1,81.2,36.8634),(1,81.26666667,0.02),(1,81.33333333,0.02),(1,81.4,0.02),(1,81.46666667,0.02),(1,81.53333333,0.02),(1,81.6,0.02),(1,81.66666667,0.02),(1,81.73333333,0.02),(1,81.8,0.02),(1,81.86666667,0.02),(1,81.93333333,0.02),(1,82,0.02),(1,82.06666667,0.02),(1,82.13333333,0.02),(1,82.2,0.02),(1,82.26666667,0.02),(1,82.33333333,0.02),(1,82.4,0.02),(1,82.46666667,0.02),(1,82.53333333,0.02),(1,82.6,0.02),(1,82.66666667,0.02),(1,82.73333333,0.02),(1,82.8,0.02),(1,82.86666667,0.02),(1,82.93333333,0.02),(1,83,0.02),(1,83.06666667,0.02),(1,83.13333333,0.02),(1,83.2,0.02),(1,83.26666667,0.02),(1,83.33333333,0.02),(1,83.4,0.02),(1,83.46666667,0.02),(1,83.53333333,0.02),(1,83.6,0.02),(1,83.66666667,0.02),(1,83.73333333,0.02),(1,83.8,0.02),(1,83.86666667,0.02),(1,83.93333333,0.02),(1,84,0.02),(1,84.06666667,0.02),(1,84.13333333,0.02),(1,84.2,0.02),(1,84.26666667,0.02),(1,84.33333333,0.02),(1,84.4,0.02),(1,84.46666667,0.02),(1,84.53333333,0.02),(1,84.6,0.02),(1,84.66666667,0.02),(1,84.73333333,0.02),(1,84.8,0.02),(1,84.86666667,0.02),(1,84.93333333,0.02),(1,85,0.02),(1,85.06666667,0.02),(1,85.13333333,0.02),(1,85.2,0.02),(1,85.26666667,7.5978),(1,85.33333333,7.5978),(1,85.4,7.5978),(1,85.46666667,7.5978),(1,85.53333333,7.3164),(1,85.6,7.3164),(1,85.66666667,7.3164),(1,85.73333333,7.3164),(1,85.8,11.859),(1,85.86666667,11.859),(1,85.93333333,11.859),(1,86,11.859),(1,86.06666667,60.5814),(1,86.13333333,60.5814),(1,86.2,60.5814),(1,86.26666667,74.6112),(1,86.33333333,74.6112),(1,86.4,74.6112),(1,86.46666667,74.6112),(1,86.53333333,73.8876),(1,86.6,73.8876),(1,86.66666667,73.8876),(1,86.73333333,73.8876),(1,86.8,74.2092),(1,86.86666667,74.2092),(1,86.93333333,74.2092),(1,87,74.2092),(1,87.06666667,75.174),(1,87.13333333,75.174),(1,87.2,75.174),(1,87.26666667,74.169),(1,87.33333333,74.169),(1,87.4,74.169),(1,87.46666667,74.169),(1,87.53333333,73.8072),(1,87.6,73.8072),(1,87.66666667,73.8072),(1,87.73333333,73.8072),(1,87.8,73.6866),(1,87.86666667,73.6866),(1,87.93333333,73.6866),(1,88,73.6866),(1,88.06666667,74.6916),(1,88.13333333,74.6916),(1,88.2,74.6916),(1,88.26666667,74.571),(1,88.33333333,74.571),(1,88.4,74.571),(1,88.46666667,74.571),(1,88.53333333,74.1288),(1,88.6,74.1288),(1,88.66666667,74.1288),(1,88.73333333,74.1288),(1,88.8,73.5258),(1,88.86666667,73.5258),(1,88.93333333,73.5258),(1,89,73.5258),(1,89.06666667,0.02),(1,89.13333333,0.02),(1,89.2,0.02),(1,89.26666667,0.02),(1,89.33333333,0.02),(1,89.4,0.02),(1,89.46666667,0.02),(1,89.53333333,0.02),(1,89.6,0.02),(1,89.66666667,0.02),(1,89.73333333,0.02),(1,89.8,0.02),(1,89.86666667,0.02),(1,89.93333333,0.02),(1,90,0.02),(1,90.06666667,0.02),(1,90.13333333,0.02),(1,90.2,0.02),(1,90.26666667,0.02),(1,90.33333333,0.02),(1,90.4,0.02),(1,90.46666667,0.02),(1,90.53333333,0.02),(1,90.6,0.02),(1,90.66666667,0.02),(1,90.73333333,0.02),(1,90.8,0.02),(1,90.86666667,0.02),(1,90.93333333,0.02),(1,91,0.02),(1,91.06666667,0.02),(1,91.13333333,0.02),(1,91.2,0.02),(1,91.26666667,73.2042),(1,91.33333333,73.2042),(1,91.4,73.2042),(1,91.46666667,73.2042),(1,91.53333333,72.963),(1,91.6,72.963),(1,91.66666667,72.963),(1,91.73333333,72.963),(1,91.8,73.164),(1,91.86666667,73.164),(1,91.93333333,73.164),(1,92,73.164),(1,92.06666667,72.8826),(1,92.13333333,72.8826),(1,92.2,72.8826),(1,92.26666667,73.8876),(1,92.33333333,73.8876),(1,92.4,73.8876),(1,92.46666667,73.8876),(1,92.53333333,73.8876),(1,92.6,73.8876),(1,92.66666667,73.8876),(1,92.73333333,73.8876),(1,92.8,74.5308),(1,92.86666667,74.5308),(1,92.93333333,74.5308),(1,93,74.5308),(1,93.06666667,73.968),(1,93.13333333,73.968),(1,93.2,73.968),(1,93.26666667,73.5258),(1,93.33333333,73.5258),(1,93.4,73.5258),(1,93.46666667,73.5258),(1,93.53333333,73.365),(1,93.6,73.365),(1,93.66666667,73.365),(1,93.73333333,73.365),(1,93.8,73.3248),(1,93.86666667,73.3248),(1,93.93333333,73.3248),(1,94,73.3248),(1,94.06666667,73.365),(1,94.13333333,73.365),(1,94.2,73.365),(1,94.26666667,0.02),(1,94.33333333,0.02),(1,94.4,0.02),(1,94.46666667,0.02),(1,94.53333333,0.02),(1,94.6,0.02),(1,94.66666667,0.02),(1,94.73333333,0.02),(1,94.8,0.02),(1,94.86666667,0.02),(1,94.93333333,0.02),(1,95,0.02),(1,95.06666667,0.02),(1,95.13333333,0.02),(1,95.2,0.02),(1,95.26666667,0.02),(1,95.33333333,0.02),(1,95.4,0.02),(1,95.46666667,0.02),(1,95.53333333,0.02),(1,95.6,0.02),(1,95.66666667,0.02),(1,95.73333333,0.02),(1,95.8,0.02),(1,95.86666667,0.02),(1,95.93333333,0.02),(1,96,0.02),(1,96.06666667,0.02),(1,96.13333333,0.02),(1,96.2,0.02),(1,96.26666667,0.02),(1,96.33333333,0.02),(1,96.4,0.02),(1,96.46666667,0.02),(1,96.53333333,0.02),(1,96.6,0.02),(1,96.66666667,0.02),(1,96.73333333,0.02),(1,96.8,0.02),(1,96.86666667,0.02),(1,96.93333333,0.02),(1,97,0.02),(1,97.06666667,70.3902),(1,97.13333333,70.3902),(1,97.2,70.3902),(1,97.26666667,70.6314),(1,97.33333333,70.6314),(1,97.4,70.6314),(1,97.46666667,70.6314),(1,97.53333333,70.6314),(1,97.6,70.6314),(1,97.66666667,70.6314),(1,97.73333333,70.6314),(1,97.8,71.1942),(1,97.86666667,71.1942),(1,97.93333333,71.1942),(1,98,71.1942),(1,98.06666667,71.6766),(1,98.13333333,71.6766),(1,98.2,71.6766),(1,98.26666667,71.7972),(1,98.33333333,71.7972),(1,98.4,71.7972),(1,98.46666667,71.7972),(1,98.53333333,71.9178),(1,98.6,71.9178),(1,98.66666667,71.9178),(1,98.73333333,71.9178),(1,98.8,71.6766),(1,98.86666667,71.6766),(1,98.93333333,71.6766),(1,99,71.6766),(1,99.06666667,71.958),(1,99.13333333,71.958),(1,99.2,71.958),(1,99.26666667,71.5962),(1,99.33333333,71.5962),(1,99.4,71.5962),(1,99.46666667,71.5962),(1,99.53333333,71.7972),(1,99.6,71.7972),(1,99.66666667,71.7972),(1,99.73333333,71.7972),(1,99.8,70.8324),(1,99.86666667,70.8324),(1,99.93333333,70.8324),(1,100,70.8324),(1,100.0666667,70.6314),(1,100.1333333,70.6314),(1,100.2,70.6314),(1,100.2666667,70.3902),(1,100.3333333,70.3902),(1,100.4,70.3902),(1,100.4666667,70.3902),(1,100.5333333,70.6716),(1,100.6,70.6716),(1,100.6666667,70.6716),(1,100.7333333,70.6716),(1,100.8,71.1138),(1,100.8666667,71.1138),(1,100.9333333,71.1138),(1,101,71.1138),(1,101.0666667,0.02),(1,101.1333333,0.02),(1,101.2,0.02),(1,101.2666667,0.02),(1,101.3333333,0.02),(1,101.4,0.02),(1,101.4666667,0.02),(1,101.5333333,0.02),(1,101.6,0.02),(1,101.6666667,0.02),(1,101.7333333,0.02),(1,101.8,0.02),(1,101.8666667,0.02),(1,101.9333333,0.02),(1,102,0.02),(1,102.0666667,0.02),(1,102.1333333,0.02),(1,102.2,0.02),(1,102.2666667,0.02),(1,102.3333333,0.02),(1,102.4,0.02),(1,102.4666667,0.02),(1,102.5333333,0.02),(1,102.6,0.02),(1,102.6666667,0.02),(1,102.7333333,0.02),(1,102.8,0.02),(1,102.8666667,0.02),(1,102.9333333,0.02),(1,103,0.02),(1,103.0666667,0.02),(1,103.1333333,0.02),(1,103.2,0.02),(1,103.2666667,0.02),(1,103.3333333,0.02),(1,103.4,0.02),(1,103.4666667,0.02),(1,103.5333333,0.02),(1,103.6,0.02),(1,103.6666667,0.02),(1,103.7333333,0.02),(1,103.8,0.02),(1,103.8666667,0.02),(1,103.9333333,0.02),(1,104,0.02),(1,104.0666667,71.4756),(1,104.1333333,71.4756),(1,104.2,71.4756),(1,104.2666667,0.02),(1,104.3333333,0.02),(1,104.4,0.02),(1,104.4666667,0.02),(1,104.5333333,0.02),(1,104.6,0.02),(1,104.6666667,0.02),(1,104.7333333,0.02),(1,104.8,73.767),(1,104.8666667,73.767),(1,104.9333333,73.767),(1,105,73.767),(1,105.0666667,72.1992),(1,105.1333333,72.1992),(1,105.2,72.1992),(1,105.2666667,71.6766),(1,105.3333333,71.6766),(1,105.4,71.6766),(1,105.4666667,71.6766),(1,105.5333333,71.8776),(1,105.6,71.8776),(1,105.6666667,71.8776),(1,105.7333333,71.8776),(1,105.8,71.9982),(1,105.8666667,71.9982),(1,105.9333333,71.9982),(1,106,71.9982),(1,106.0666667,71.9178),(1,106.1333333,71.9178),(1,106.2,71.9178),(1,106.2666667,71.4756),(1,106.3333333,71.4756),(1,106.4,71.4756),(1,106.4666667,71.4756),(1,106.5333333,70.6716),(1,106.6,70.6716),(1,106.6666667,70.6716),(1,106.7333333,70.6716),(1,106.8,70.953),(1,106.8666667,70.953),(1,106.9333333,70.953),(1,107,70.953),(1,107.0666667,72.4002),(1,107.1333333,72.4002),(1,107.2,72.4002),(1,107.2666667,74.4906),(1,107.3333333,74.4906),(1,107.4,74.4906),(1,107.4666667,74.4906),(1,107.5333333,0.02),(1,107.6,0.02),(1,107.6666667,0.02),(1,107.7333333,0.02),(1,107.8,0.02),(1,107.8666667,0.02),(1,107.9333333,0.02),(1,108,0.02),(1,108.0666667,0.02),(1,108.1333333,0.02),(1,108.2,0.02),(1,108.2666667,0.02),(1,108.3333333,0.02),(1,108.4,0.02),(1,108.4666667,0.02),(1,108.5333333,0.02),(1,108.6,0.02),(1,108.6666667,0.02),(1,108.7333333,0.02),(1,108.8,0.02),(1,108.8666667,0.02),(1,108.9333333,0.02),(1,109,0.02),(1,109.0666667,0.02),(1,109.1333333,0.02),(1,109.2,0.02),(1,109.2666667,0.02),(1,109.3333333,0.02),(1,109.4,0.02),(1,109.4666667,0.02),(1,109.5333333,0.02),(1,109.6,0.02),(1,109.6666667,0.02),(1,109.7333333,0.02),(1,109.8,0.02),(1,109.8666667,0.02),(1,109.9333333,0.02),(1,110,0.02),(1,110.0666667,0.02),(1,110.1333333,0.02),(1,110.2,0.02),(1,110.2666667,0.02),(1,110.3333333,0.02),(1,110.4,0.02),(1,110.4666667,0.02),(1,110.5333333,0.02),(1,110.6,0.02),(1,110.6666667,0.02),(1,110.7333333,0.02),(1,110.8,0.02),(1,110.8666667,0.02),(1,110.9333333,0.02),(1,111,0.02),(1,111.0666667,0.02),(1,111.1333333,0.02),(1,111.2,0.02),(1,111.2666667,71.958),(1,111.3333333,71.958),(1,111.4,71.958),(1,111.4666667,71.958),(1,111.5333333,70.9128),(1,111.6,70.9128),(1,111.6666667,70.9128),(1,111.7333333,70.9128),(1,111.8,70.3902),(1,111.8666667,70.3902),(1,111.9333333,70.3902),(1,112,70.3902),(1,112.0666667,70.5912),(1,112.1333333,70.5912),(1,112.2,70.5912),(1,112.2666667,70.7118),(1,112.3333333,70.7118),(1,112.4,70.7118),(1,112.4666667,70.7118),(1,112.5333333,70.2294),(1,112.6,70.2294),(1,112.6666667,70.2294),(1,112.7333333,70.2294),(1,112.8,70.6314),(1,112.8666667,70.6314),(1,112.9333333,70.6314),(1,113,70.6314),(1,113.0666667,70.3098),(1,113.1333333,70.3098),(1,113.2,70.3098),(1,113.2666667,70.752),(1,113.3333333,70.752),(1,113.4,70.752),(1,113.4666667,70.752),(1,113.5333333,70.3902),(1,113.6,70.3902),(1,113.6666667,70.3902),(1,113.7333333,70.3902),(1,113.8,70.3902),(1,113.8666667,70.3902),(1,113.9333333,70.3902),(1,114,70.3902),(1,114.0666667,70.35),(1,114.1333333,70.35),(1,114.2,70.35),(1,114.2666667,0.02),(1,114.3333333,0.02),(1,114.4,0.02),(1,114.4666667,0.02),(1,114.5333333,0.02),(1,114.6,0.02),(1,114.6666667,0.02),(1,114.7333333,0.02),(1,114.8,0.02),(1,114.8666667,0.02),(1,114.9333333,0.02),(1,115,0.02),(1,115.0666667,0.02),(1,115.1333333,0.02),(1,115.2,0.02),(1,115.2666667,0.02),(1,115.3333333,0.02),(1,115.4,0.02),(1,115.4666667,0.02),(1,115.5333333,0.02),(1,115.6,0.02),(1,115.6666667,0.02),(1,115.7333333,0.02),(1,115.8,0.02),(1,115.8666667,0.02),(1,115.9333333,0.02),(1,116,0.02),(1,116.0666667,0.02),(1,116.1333333,0.02),(1,116.2,0.02),(1,116.2666667,0.02),(1,116.3333333,0.02),(1,116.4,0.02),(1,116.4666667,0.02),(1,116.5333333,0.02),(1,116.6,0.02),(1,116.6666667,0.02),(1,116.7333333,0.02),(1,116.8,0.02),(1,116.8666667,0.02),(1,116.9333333,0.02),(1,117,0.02),(1,117.0666667,0.02),(1,117.1333333,0.02),(1,117.2,0.02),(1,117.2666667,0.02),(1,117.3333333,0.02),(1,117.4,0.02),(1,117.4666667,0.02),(1,117.5333333,70.5912),(1,117.6,70.5912),(1,117.6666667,70.5912),(1,117.7333333,70.5912),(1,117.8,69.948),(1,117.8666667,69.948),(1,117.9333333,69.948),(1,118,69.948),(1,118.0666667,71.3148),(1,118.1333333,71.3148),(1,118.2,71.3148),(1,118.2666667,71.2746),(1,118.3333333,71.2746),(1,118.4,71.2746),(1,118.4666667,71.2746),(1,118.5333333,70.5912),(1,118.6,70.5912),(1,118.6666667,70.5912),(1,118.7333333,70.5912),(1,118.8,70.35),(1,118.8666667,70.35),(1,118.9333333,70.35),(1,119,70.35),(1,119.0666667,70.5108),(1,119.1333333,70.5108),(1,119.2,70.5108),(1,119.2666667,70.3098),(1,119.3333333,70.3098),(1,119.4,70.3098),(1,119.4666667,70.3098),(1,119.5333333,70.35),(1,119.6,70.35),(1,119.6666667,70.35),(1,119.7333333,70.35),(1,119.8,70.3098),(1,119.8666667,70.3098),(1,119.9333333,70.3098),(1,120,70.3098),(1,120.0666667,0.02),(1,120.1333333,0.02),(1,120.2,0.02),(1,120.2666667,0.02),(1,120.3333333,0.02),(1,120.4,0.02),(1,120.4666667,0.02),(1,120.5333333,0.02),(1,120.6,0.02),(1,120.6666667,0.02),(1,120.7333333,0.02),(1,120.8,0.02),(1,120.8666667,0.02),(1,120.9333333,0.02),(1,121,0.02),(1,121.0666667,0.02),(1,121.1333333,0.02),(1,121.2,0.02),(1,121.2666667,67.6566),(1,121.3333333,67.6566),(1,121.4,67.6566),(1,121.4666667,67.6566),(1,121.5333333,71.0334),(1,121.6,71.0334),(1,121.6666667,71.0334),(1,121.7333333,71.0334),(1,121.8,71.757),(1,121.8666667,71.757),(1,121.9333333,71.757),(1,122,71.757),(1,122.0666667,71.3952),(1,122.1333333,71.3952),(1,122.2,71.3952),(1,122.2666667,71.3952),(1,122.3333333,71.3952),(1,122.4,71.3952),(1,122.4666667,71.3952),(1,122.5333333,72.6012),(1,122.6,72.6012),(1,122.6666667,72.6012),(1,122.7333333,72.6012),(1,122.8,71.5962),(1,122.8666667,71.5962),(1,122.9333333,71.5962),(1,123,71.5962),(1,123.0666667,71.1942),(1,123.1333333,71.1942),(1,123.2,71.1942),(1,123.2666667,71.0736),(1,123.3333333,71.0736),(1,123.4,71.0736),(1,123.4666667,71.0736),(1,123.5333333,70.9932),(1,123.6,70.9932),(1,123.6666667,70.9932),(1,123.7333333,70.9932),(1,123.8,70.9932),(1,123.8666667,70.9932),(1,123.9333333,70.9932),(1,124,70.9932),(1,124.0666667,70.953),(1,124.1333333,70.953),(1,124.2,70.953),(1,124.2666667,71.1942),(1,124.3333333,71.1942),(1,124.4,71.1942),(1,124.4666667,71.1942),(1,124.5333333,70.8324),(1,124.6,70.8324),(1,124.6666667,70.8324),(1,124.7333333,70.8324),(1,124.8,70.9932),(1,124.8666667,70.9932),(1,124.9333333,70.9932),(1,125,70.9932),(1,125.0666667,70.9932),(1,125.1333333,70.9932),(1,125.2,70.9932),(1,125.2666667,70.9932),(1,125.3333333,70.9932),(1,125.4,70.9932),(1,125.4666667,70.9932),(1,125.5333333,71.8776),(1,125.6,71.8776),(1,125.6666667,71.8776),(1,125.7333333,71.8776),(1,125.8,72.2394),(1,125.8666667,72.2394),(1,125.9333333,72.2394),(1,126,72.2394),(1,126.0666667,71.9982),(1,126.1333333,71.9982),(1,126.2,71.9982),(1,126.2666667,70.7922),(1,126.3333333,70.7922),(1,126.4,70.7922),(1,126.4666667,70.7922),(1,126.5333333,70.9932),(1,126.6,70.9932),(1,126.6666667,70.9932),(1,126.7333333,70.9932),(1,126.8,0.02),(1,126.8666667,0.02),(1,126.9333333,0.02),(1,127,0.02),(1,127.0666667,0.02),(1,127.1333333,0.02),(1,127.2,0.02),(1,127.2666667,0.02),(1,127.3333333,0.02),(1,127.4,0.02),(1,127.4666667,0.02),(1,127.5333333,0.02),(1,127.6,0.02),(1,127.6666667,0.02),(1,127.7333333,0.02),(1,127.8,0.02),(1,127.8666667,0.02),(1,127.9333333,0.02),(1,128,0.02),(1,128.0666667,0.02),(1,128.1333333,0.02),(1,128.2,0.02),(1,128.2666667,0.02),(1,128.3333333,0.02),(1,128.4,0.02),(1,128.4666667,0.02),(1,128.5333333,0.02),(1,128.6,0.02),(1,128.6666667,0.02),(1,128.7333333,0.02),(1,128.8,71.154),(1,128.8666667,71.154),(1,128.9333333,71.154),(1,129,71.154),(1,129.0666667,71.0736),(1,129.1333333,71.0736),(1,129.2,71.0736),(1,129.2666667,75.174),(1,129.3333333,75.174),(1,129.4,75.174),(1,129.4666667,75.174),(1,129.5333333,108.8214),(1,129.6,108.8214),(1,129.6666667,108.8214),(1,129.7333333,108.8214),(1,129.8,115.2132),(1,129.8666667,115.2132),(1,129.9333333,115.2132),(1,130,115.2132),(1,130.0666667,115.0926),(1,130.1333333,115.0926),(1,130.2,115.0926),(1,130.2666667,115.0926),(1,130.3333333,115.0926),(1,130.4,115.0926),(1,130.4666667,115.0926),(1,130.5333333,115.0122),(1,130.6,115.0122),(1,130.6666667,115.0122),(1,130.7333333,115.0122),(1,130.8,115.6956),(1,130.8666667,115.6956),(1,130.9333333,115.6956),(1,131,115.6956),(1,131.0666667,116.0976),(1,131.1333333,116.0976),(1,131.2,116.0976),(1,131.2666667,116.0976),(1,131.3333333,116.0976),(1,131.4,116.0976),(1,131.4666667,116.0976),(1,131.5333333,115.6956),(1,131.6,115.6956),(1,131.6666667,115.6956),(1,131.7333333,115.6956),(1,131.8,0.02),(1,131.8666667,0.02),(1,131.9333333,0.02),(1,132,0.02),(1,132.0666667,0.02),(1,132.1333333,0.02),(1,132.2,0.02),(1,132.2666667,0.02),(1,132.3333333,0.02),(1,132.4,0.02),(1,132.4666667,0.02),(1,132.5333333,0.02),(1,132.6,0.02),(1,132.6666667,0.02),(1,132.7333333,0.02),(1,132.8,0.02),(1,132.8666667,0.02),(1,132.9333333,0.02),(1,133,0.02),(1,133.0666667,0.02),(1,133.1333333,0.02),(1,133.2,0.02),(1,133.2666667,0.02),(1,133.3333333,0.02),(1,133.4,0.02),(1,133.4666667,0.02),(1,133.5333333,0.02),(1,133.6,0.02),(1,133.6666667,0.02),(1,133.7333333,0.02),(1,133.8,0.02),(1,133.8666667,0.02),(1,133.9333333,0.02),(1,134,0.02),(1,134.0666667,0.02),(1,134.1333333,0.02),(1,134.2,0.02),(1,134.2666667,0.02),(1,134.3333333,0.02),(1,134.4,0.02),(1,134.4666667,0.02),(1,134.5333333,0.02),(1,134.6,0.02),(1,134.6666667,0.02),(1,134.7333333,0.02),(1,134.8,0.02),(1,134.8666667,0.02),(1,134.9333333,0.02),(1,135,0.02),(1,135.0666667,0.02),(1,135.1333333,0.02),(1,135.2,0.02),(1,135.2666667,0.02),(1,135.3333333,0.02),(1,135.4,0.02),(1,135.4666667,0.02),(1,135.5333333,0.02),(1,135.6,0.02),(1,135.6666667,0.02),(1,135.7333333,0.02),(1,135.8,115.5348),(1,135.8666667,115.5348),(1,135.9333333,115.5348),(1,136,115.5348),(1,136.0666667,114.9318),(1,136.1333333,114.9318),(1,136.2,114.9318),(1,136.2666667,116.0574),(1,136.3333333,116.0574),(1,136.4,116.0574),(1,136.4666667,116.0574),(1,136.5333333,115.2534),(1,136.6,115.2534),(1,136.6666667,115.2534),(1,136.7333333,115.2534),(1,136.8,115.2534),(1,136.8666667,115.2534),(1,136.9333333,115.2534),(1,137,115.2534),(1,137.0666667,115.173),(1,137.1333333,115.173),(1,137.2,115.173),(1,137.2666667,115.3338),(1,137.3333333,115.3338),(1,137.4,115.3338),(1,137.4666667,115.3338),(1,137.5333333,115.0524),(1,137.6,115.0524),(1,137.6666667,115.0524),(1,137.7333333,115.0524),(1,137.8,115.0122),(1,137.8666667,115.0122),(1,137.9333333,115.0122),(1,138,115.0122),(1,138.0666667,115.0524),(1,138.1333333,115.0524),(1,138.2,115.0524),(1,138.2666667,115.4142),(1,138.3333333,115.4142),(1,138.4,115.4142),(1,138.4666667,115.4142),(1,138.5333333,115.0926),(1,138.6,115.0926),(1,138.6666667,115.0926),(1,138.7333333,115.0926),(1,138.8,115.173),(1,138.8666667,115.173),(1,138.9333333,115.173),(1,139,115.173),(1,139.0666667,115.2534),(1,139.1333333,115.2534),(1,139.2,115.2534),(1,139.2666667,115.2936),(1,139.3333333,115.2936),(1,139.4,115.2936),(1,139.4666667,115.2936),(1,139.5333333,116.3388),(1,139.6,116.3388),(1,139.6666667,116.3388),(1,139.7333333,116.3388),(1,139.8,115.776),(1,139.8666667,115.776),(1,139.9333333,115.776),(1,140,115.776),(1,140.0666667,115.2936),(1,140.1333333,115.2936),(1,140.2,115.2936),(1,140.2666667,0.02),(1,140.3333333,0.02),(1,140.4,0.02),(1,140.4666667,0.02),(1,140.5333333,0.02),(1,140.6,0.02),(1,140.6666667,0.02),(1,140.7333333,0.02),(1,140.8,0.02),(1,140.8666667,0.02),(1,140.9333333,0.02),(1,141,0.02),(1,141.0666667,0.02),(1,141.1333333,0.02),(1,141.2,0.02),(1,141.2666667,0.02),(1,141.3333333,0.02),(1,141.4,0.02),(1,141.4666667,0.02),(1,141.5333333,0.02),(1,141.6,0.02),(1,141.6666667,0.02),(1,141.7333333,0.02),(1,141.8,0.02),(1,141.8666667,0.02),(1,141.9333333,0.02),(1,142,0.02),(1,142.0666667,0.02),(1,142.1333333,0.02),(1,142.2,0.02),(1,142.2666667,0.02),(1,142.3333333,0.02),(1,142.4,0.02),(1,142.4666667,0.02),(1,142.5333333,4.422),(1,142.6,4.422),(1,142.6666667,4.422),(1,142.7333333,4.422),(1,142.8,4.0602),(1,142.8666667,4.0602),(1,142.9333333,4.0602),(1,143,4.0602),(1,143.0666667,4.221),(1,143.1333333,4.221),(1,143.2,4.221),(1,143.2666667,5.0652),(1,143.3333333,5.0652),(1,143.4,5.0652),(1,143.4666667,5.0652),(1,143.5333333,4.5426),(1,143.6,4.5426),(1,143.6666667,4.5426),(1,143.7333333,4.5426),(1,143.8,4.824),(1,143.8666667,4.824),(1,143.9333333,4.824),(1,144,4.824),(1,144.0666667,4.1004),(1,144.1333333,4.1004),(1,144.2,4.1004),(1,144.2666667,9.0048),(1,144.3333333,9.0048),(1,144.4,9.0048),(1,144.4666667,9.0048),(1,144.5333333,75.2142),(1,144.6,75.2142),(1,144.6666667,75.2142),(1,144.7333333,75.2142),(1,144.8,114.2082),(1,144.8666667,114.2082),(1,144.9333333,114.2082),(1,145,114.2082),(1,145.0666667,115.173),(1,145.1333333,115.173),(1,145.2,115.173),(1,145.2666667,115.1328),(1,145.3333333,115.1328),(1,145.4,115.1328),(1,145.4666667,115.1328),(1,145.5333333,114.972),(1,145.6,114.972),(1,145.6666667,114.972),(1,145.7333333,114.972),(1,145.8,115.2132),(1,145.8666667,115.2132),(1,145.9333333,115.2132),(1,146,115.2132),(1,146.0666667,114.8112),(1,146.1333333,114.8112),(1,146.2,114.8112),(1,146.2666667,115.0524),(1,146.3333333,115.0524),(1,146.4,115.0524),(1,146.4666667,115.0524),(1,146.5333333,115.1328),(1,146.6,115.1328),(1,146.6666667,115.1328),(1,146.7333333,115.1328),(1,146.8,114.972),(1,146.8666667,114.972),(1,146.9333333,114.972),(1,147,114.972),(1,147.0666667,115.0926),(1,147.1333333,115.0926),(1,147.2,115.0926),(1,147.2666667,116.2986),(1,147.3333333,116.2986),(1,147.4,116.2986),(1,147.4666667,116.2986),(1,147.5333333,85.023),(1,147.6,85.023),(1,147.6666667,85.023),(1,147.7333333,85.023),(1,147.8,4.422),(1,147.8666667,4.422),(1,147.9333333,4.422),(1,148,4.422),(1,148.0666667,4.02),(1,148.1333333,4.02),(1,148.2,4.02),(1,148.2666667,4.1808),(1,148.3333333,4.1808),(1,148.4,4.1808),(1,148.4666667,4.1808),(1,148.5333333,4.221),(1,148.6,4.221),(1,148.6666667,4.221),(1,148.7333333,4.221),(1,148.8,3.9798),(1,148.8666667,3.9798),(1,148.9333333,3.9798),(1,149,3.9798),(1,149.0666667,4.1406),(1,149.1333333,4.1406),(1,149.2,4.1406),(1,149.2666667,4.3014),(1,149.3333333,4.3014),(1,149.4,4.3014),(1,149.4666667,4.3014),(1,149.5333333,4.1808),(1,149.6,4.1808),(1,149.6666667,4.1808),(1,149.7333333,4.1808),(1,149.8,4.3416),(1,149.8666667,4.3416),(1,149.9333333,4.3416),(1,150,4.3416),(1,150.0666667,4.1004),(1,150.1333333,4.1004),(1,150.2,4.1004),(1,150.2666667,4.3014),(1,150.3333333,4.3014),(1,150.4,4.3014),(1,150.4666667,4.3014),(1,150.5333333,4.3416),(1,150.6,4.3416),(1,150.6666667,4.3416),(1,150.7333333,4.3416),(1,150.8,4.2612),(1,150.8666667,4.2612),(1,150.9333333,4.2612),(1,151,4.2612),(1,151.0666667,21.2658),(1,151.1333333,21.2658),(1,151.2,21.2658),(1,151.2666667,58.491),(1,151.3333333,58.491),(1,151.4,58.491),(1,151.4666667,58.491),(1,151.5333333,72.0384),(1,151.6,72.0384),(1,151.6666667,72.0384),(1,151.7333333,72.0384),(1,151.8,71.7972),(1,151.8666667,71.7972),(1,151.9333333,71.7972),(1,152,71.7972),(1,152.0666667,71.556),(1,152.1333333,71.556),(1,152.2,71.556),(1,152.2666667,71.5158),(1,152.3333333,71.5158),(1,152.4,71.5158),(1,152.4666667,71.5158),(1,152.5333333,72.7218),(1,152.6,72.7218),(1,152.6666667,72.7218),(1,152.7333333,72.7218),(1,152.8,68.9028),(1,152.8666667,68.9028),(1,152.9333333,68.9028),(1,153,68.9028),(1,153.0666667,0.02),(1,153.1333333,0.02),(1,153.2,0.02),(1,153.2666667,0.02),(1,153.3333333,0.02),(1,153.4,0.02),(1,153.4666667,0.02),(1,153.5333333,0.02),(1,153.6,0.02),(1,153.6666667,0.02),(1,153.7333333,0.02),(1,153.8,0.02),(1,153.8666667,0.02),(1,153.9333333,0.02),(1,154,0.02),(1,154.0666667,0.02),(1,154.1333333,0.02),(1,154.2,0.02),(1,154.2666667,0.02),(1,154.3333333,0.02),(1,154.4,0.02),(1,154.4666667,0.02),(1,154.5333333,0.02),(1,154.6,0.02),(1,154.6666667,0.02),(1,154.7333333,0.02),(1,154.8,0.02),(1,154.8666667,0.02),(1,154.9333333,0.02),(1,155,0.02),(1,155.0666667,0.02),(1,155.1333333,0.02),(1,155.2,0.02),(1,155.2666667,0.02),(1,155.3333333,0.02),(1,155.4,0.02),(1,155.4666667,0.02),(1,155.5333333,0.02),(1,155.6,0.02),(1,155.6666667,0.02),(1,155.7333333,0.02),(1,155.8,71.3952),(1,155.8666667,71.3952),(1,155.9333333,71.3952),(1,156,71.3952),(1,156.0666667,72.4404),(1,156.1333333,72.4404),(1,156.2,72.4404),(1,156.2666667,73.365),(1,156.3333333,73.365),(1,156.4,73.365),(1,156.4666667,73.365),(1,156.5333333,72.561),(1,156.6,72.561),(1,156.6666667,72.561),(1,156.7333333,72.561),(1,156.8,73.2042),(1,156.8666667,73.2042),(1,156.9333333,73.2042),(1,157,73.2042),(1,157.0666667,72.7218),(1,157.1333333,72.7218),(1,157.2,72.7218),(1,157.2666667,72.6012),(1,157.3333333,72.6012),(1,157.4,72.6012),(1,157.4666667,72.6012),(1,157.5333333,72.4806),(1,157.6,72.4806),(1,157.6666667,72.4806),(1,157.7333333,72.4806),(1,157.8,72.36),(1,157.8666667,72.36),(1,157.9333333,72.36),(1,158,72.36),(1,158.0666667,72.4404),(1,158.1333333,72.4404),(1,158.2,72.4404),(1,158.2666667,71.5962),(1,158.3333333,71.5962),(1,158.4,71.5962),(1,158.4666667,71.5962),(1,158.5333333,70.1088),(1,158.6,70.1088),(1,158.6666667,70.1088),(1,158.7333333,70.1088),(1,158.8,69.9882),(1,158.8666667,69.9882),(1,158.9333333,69.9882),(1,159,69.9882),(1,159.0666667,70.4304),(1,159.1333333,70.4304),(1,159.2,70.4304),(1,159.2666667,71.556),(1,159.3333333,71.556),(1,159.4,71.556),(1,159.4666667,71.556),(1,159.5333333,70.8324),(1,159.6,70.8324),(1,159.6666667,70.8324),(1,159.7333333,70.8324),(1,159.8,70.2696),(1,159.8666667,70.2696),(1,159.9333333,70.2696),(1,160,70.2696),(1,160.0666667,0.02),(1,160.1333333,0.02),(1,160.2,0.02),(1,160.2666667,0.02),(1,160.3333333,0.02),(1,160.4,0.02),(1,160.4666667,0.02),(1,160.5333333,0.02),(1,160.6,0.02),(1,160.6666667,0.02),(1,160.7333333,0.02),(1,160.8,0.02),(1,160.8666667,0.02),(1,160.9333333,0.02),(1,161,0.02),(1,161.0666667,0.02),(1,161.1333333,0.02),(1,161.2,0.02),(1,161.2666667,0.02),(1,161.3333333,0.02),(1,161.4,0.02),(1,161.4666667,0.02),(1,161.5333333,0.02),(1,161.6,0.02),(1,161.6666667,0.02),(1,161.7333333,0.02),(1,161.8,0.02),(1,161.8666667,0.02),(1,161.9333333,0.02),(1,162,0.02),(1,162.0666667,0.02),(1,162.1333333,0.02),(1,162.2,0.02),(1,162.2666667,0.02),(1,162.3333333,0.02),(1,162.4,0.02),(1,162.4666667,0.02),(1,162.5333333,0.02),(1,162.6,0.02),(1,162.6666667,0.02),(1,162.7333333,0.02),(1,162.8,0.02),(1,162.8666667,0.02),(1,162.9333333,0.02),(1,163,0.02),(1,163.0666667,69.6264),(1,163.1333333,69.6264),(1,163.2,69.6264),(1,163.2666667,25.8486),(1,163.3333333,25.8486),(1,163.4,25.8486),(1,163.4666667,25.8486),(1,163.5333333,4.2612),(1,163.6,4.2612),(1,163.6666667,4.2612),(1,163.7333333,4.2612),(1,163.8,5.5878),(1,163.8666667,5.5878),(1,163.9333333,5.5878),(1,164,5.5878),(1,164.0666667,4.7838),(1,164.1333333,4.7838),(1,164.2,4.7838),(1,164.2666667,4.6632),(1,164.3333333,4.6632),(1,164.4,4.6632),(1,164.4666667,4.6632),(1,164.5333333,4.0602),(1,164.6,4.0602),(1,164.6666667,4.0602),(1,164.7333333,4.0602),(1,164.8,3.9798),(1,164.8666667,3.9798),(1,164.9333333,3.9798),(1,165,3.9798),(1,165.0666667,4.0602),(1,165.1333333,4.0602),(1,165.2,4.0602),(1,165.2666667,4.5024),(1,165.3333333,4.5024),(1,165.4,4.5024),(1,165.4666667,4.5024),(1,165.5333333,4.623),(1,165.6,4.623),(1,165.6666667,4.623),(1,165.7333333,4.623),(1,165.8,4.623),(1,165.8666667,4.623),(1,165.9333333,4.623),(1,166,4.623),(1,166.0666667,4.1406),(1,166.1333333,4.1406),(1,166.2,4.1406),(1,166.2666667,4.0602),(1,166.3333333,4.0602),(1,166.4,4.0602),(1,166.4666667,4.0602),(1,166.5333333,3.9396),(1,166.6,3.9396),(1,166.6666667,3.9396),(1,166.7333333,3.9396),(1,166.8,4.7034),(1,166.8666667,4.7034),(1,166.9333333,4.7034),(1,167,4.7034),(1,167.0666667,0.02),(1,167.1333333,0.02),(1,167.2,0.02),(1,167.2666667,0.02),(1,167.3333333,0.02),(1,167.4,0.02),(1,167.4666667,0.02),(1,167.5333333,0.02),(1,167.6,0.02),(1,167.6666667,0.02),(1,167.7333333,0.02),(1,167.8,0.02),(1,167.8666667,0.02),(1,167.9333333,0.02),(1,168,0.02),(1,168.0666667,73.4454),(1,168.1333333,73.4454),(1,168.2,73.4454),(1,168.2666667,73.0434),(1,168.3333333,73.0434),(1,168.4,73.0434),(1,168.4666667,73.0434),(1,168.5333333,72.8826),(1,168.6,72.8826),(1,168.6666667,72.8826),(1,168.7333333,72.8826),(1,168.8,73.0836),(1,168.8666667,73.0836),(1,168.9333333,73.0836),(1,169,73.0836),(1,169.0666667,73.164),(1,169.1333333,73.164),(1,169.2,73.164),(1,169.2666667,74.0082),(1,169.3333333,74.0082),(1,169.4,74.0082),(1,169.4666667,74.0082),(1,169.5333333,73.1238),(1,169.6,73.1238),(1,169.6666667,73.1238),(1,169.7333333,73.1238),(1,169.8,73.164),(1,169.8666667,73.164),(1,169.9333333,73.164),(1,170,73.164),(1,170.0666667,72.5208),(1,170.1333333,72.5208),(1,170.2,72.5208),(1,170.2666667,73.566),(1,170.3333333,73.566),(1,170.4,73.566),(1,170.4666667,73.566),(1,170.5333333,72.6414),(1,170.6,72.6414),(1,170.6666667,72.6414),(1,170.7333333,72.6414),(1,170.8,73.2444),(1,170.8666667,73.2444),(1,170.9333333,73.2444),(1,171,73.2444),(1,171.0666667,72.6012),(1,171.1333333,72.6012),(1,171.2,72.6012),(1,171.2666667,73.5258),(1,171.3333333,73.5258),(1,171.4,73.5258),(1,171.4666667,73.5258),(1,171.5333333,72.7218),(1,171.6,72.7218),(1,171.6666667,72.7218),(1,171.7333333,72.7218),(1,171.8,0.02),(1,171.8666667,0.02),(1,171.9333333,0.02),(1,172,0.02),(1,172.0666667,0.02),(1,172.1333333,0.02),(1,172.2,0.02),(1,172.2666667,0.02),(1,172.3333333,0.02),(1,172.4,0.02),(1,172.4666667,0.02),(1,172.5333333,0.02),(1,172.6,0.02),(1,172.6666667,0.02),(1,172.7333333,0.02),(1,172.8,0.02),(1,172.8666667,0.02),(1,172.9333333,0.02),(1,173,0.02),(1,173.0666667,0.02),(1,173.1333333,0.02),(1,173.2,0.02),(1,173.2666667,0.02),(1,173.3333333,0.02),(1,173.4,0.02),(1,173.4666667,0.02),(1,173.5333333,0.02),(1,173.6,0.02),(1,173.6666667,0.02),(1,173.7333333,0.02),(1,173.8,0.02),(1,173.8666667,0.02),(1,173.9333333,0.02),(1,174,0.02),(1,174.0666667,73.4856),(1,174.1333333,73.4856),(1,174.2,73.4856),(1,174.2666667,73.2846),(1,174.3333333,73.2846),(1,174.4,73.2846),(1,174.4666667,73.2846),(1,174.5333333,73.8072),(1,174.6,73.8072),(1,174.6666667,73.8072),(1,174.7333333,73.8072),(1,174.8,73.4052),(1,174.8666667,73.4052),(1,174.9333333,73.4052),(1,175,73.4052),(1,175.0666667,74.0484),(1,175.1333333,74.0484),(1,175.2,74.0484),(1,175.2666667,73.7268),(1,175.3333333,73.7268),(1,175.4,73.7268),(1,175.4666667,73.7268),(1,175.5333333,74.2494),(1,175.6,74.2494),(1,175.6666667,74.2494),(1,175.7333333,74.2494),(1,175.8,74.5308),(1,175.8666667,74.5308),(1,175.9333333,74.5308),(1,176,74.5308),(1,176.0666667,73.968),(1,176.1333333,73.968),(1,176.2,73.968),(1,176.2666667,73.968),(1,176.3333333,73.968),(1,176.4,73.968),(1,176.4666667,73.968),(1,176.5333333,73.0836),(1,176.6,73.0836),(1,176.6666667,73.0836),(1,176.7333333,73.0836),(1,176.8,71.4756),(1,176.8666667,71.4756),(1,176.9333333,71.4756),(1,177,71.4756),(1,177.0666667,70.9128),(1,177.1333333,70.9128),(1,177.2,70.9128),(1,177.2666667,70.6716),(1,177.3333333,70.6716),(1,177.4,70.6716),(1,177.4666667,70.6716),(1,177.5333333,70.953),(1,177.6,70.953),(1,177.6666667,70.953),(1,177.7333333,70.953),(1,177.8,71.0736),(1,177.8666667,71.0736),(1,177.9333333,71.0736),(1,178,71.0736),(1,178.0666667,71.6364),(1,178.1333333,71.6364),(1,178.2,71.6364),(1,178.2666667,73.5258),(1,178.3333333,73.5258),(1,178.4,73.5258),(1,178.4666667,73.5258),(1,178.5333333,72.0384),(1,178.6,72.0384),(1,178.6666667,72.0384),(1,178.7333333,72.0384),(1,178.8,72.8022),(1,178.8666667,72.8022),(1,178.9333333,72.8022),(1,179,72.8022),(1,179.0666667,73.0836),(1,179.1333333,73.0836),(1,179.2,73.0836),(1,179.2666667,72.8826),(1,179.3333333,72.8826),(1,179.4,72.8826),(1,179.4666667,72.8826),(1,179.5333333,72.1992),(1,179.6,72.1992),(1,179.6666667,72.1992),(1,179.7333333,72.1992),(1,179.8,0.02),(1,179.8666667,0.02),(1,179.9333333,0.02),(1,180,0.02),(1,180.0666667,0.02),(1,180.1333333,0.02),(1,180.2,0.02),(1,180.2666667,0.02),(1,180.3333333,0.02),(1,180.4,0.02),(1,180.4666667,0.02),(1,180.5333333,0.02),(1,180.6,0.02),(1,180.6666667,0.02),(1,180.7333333,0.02),(1,180.8,0.02),(1,180.8666667,0.02),(1,180.9333333,0.02),(1,181,0.02),(1,181.0666667,0.02),(1,181.1333333,0.02),(1,181.2,0.02),(1,181.2666667,0.02),(1,181.3333333,0.02),(1,181.4,0.02),(1,181.4666667,0.02),(1,181.5333333,0.02),(1,181.6,0.02),(1,181.6666667,0.02),(1,181.7333333,0.02),(1,181.8,0.02),(1,181.8666667,0.02),(1,181.9333333,0.02),(1,182,0.02),(1,182.0666667,0.02),(1,182.1333333,0.02),(1,182.2,0.02),(1,182.2666667,73.2846),(1,182.3333333,73.2846),(1,182.4,73.2846),(1,182.4666667,73.2846),(1,182.5333333,73.365),(1,182.6,73.365),(1,182.6666667,73.365),(1,182.7333333,73.365),(1,182.8,73.3248),(1,182.8666667,73.3248),(1,182.9333333,73.3248),(1,183,73.3248),(1,183.0666667,73.2042),(1,183.1333333,73.2042),(1,183.2,73.2042),(1,183.2666667,73.4052),(1,183.3333333,73.4052),(1,183.4,73.4052),(1,183.4666667,73.4052),(1,183.5333333,73.365),(1,183.6,73.365),(1,183.6666667,73.365),(1,183.7333333,73.365),(1,183.8,73.3248),(1,183.8666667,73.3248),(1,183.9333333,73.3248),(1,184,73.3248),(1,184.0666667,73.4052),(1,184.1333333,73.4052),(1,184.2,73.4052),(1,184.2666667,72.561),(1,184.3333333,72.561),(1,184.4,72.561),(1,184.4666667,72.561),(1,184.5333333,72.1188),(1,184.6,72.1188),(1,184.6666667,72.1188),(1,184.7333333,72.1188),(1,184.8,72.0786),(1,184.8666667,72.0786),(1,184.9333333,72.0786),(1,185,72.0786),(1,185.0666667,72.159),(1,185.1333333,72.159),(1,185.2,72.159),(1,185.2666667,71.2746),(1,185.3333333,71.2746),(1,185.4,71.2746),(1,185.4666667,71.2746),(1,185.5333333,70.4706),(1,185.6,70.4706),(1,185.6666667,70.4706),(1,185.7333333,70.4706),(1,185.8,70.8726),(1,185.8666667,70.8726),(1,185.9333333,70.8726),(1,186,70.8726),(1,186.0666667,70.5912),(1,186.1333333,70.5912),(1,186.2,70.5912),(1,186.2666667,0.02),(1,186.3333333,0.02),(1,186.4,0.02),(1,186.4666667,0.02),(1,186.5333333,0.02),(1,186.6,0.02),(1,186.6666667,0.02),(1,186.7333333,0.02),(1,186.8,0.02),(1,186.8666667,0.02),(1,186.9333333,0.02),(1,187,0.02),(1,187.0666667,0.02),(1,187.1333333,0.02),(1,187.2,0.02),(1,187.2666667,0.02),(1,187.3333333,0.02),(1,187.4,0.02),(1,187.4666667,0.02),(1,187.5333333,0.02),(1,187.6,0.02),(1,187.6666667,0.02),(1,187.7333333,0.02),(1,187.8,0.02),(1,187.8666667,0.02),(1,187.9333333,0.02),(1,188,0.02),(1,188.0666667,0.02),(1,188.1333333,0.02),(1,188.2,0.02),(1,188.2666667,0.02),(1,188.3333333,0.02),(1,188.4,0.02),(1,188.4666667,0.02),(1,188.5333333,0.02),(1,188.6,0.02),(1,188.6666667,0.02),(1,188.7333333,0.02),(1,188.8,0.02),(1,188.8666667,0.02),(1,188.9333333,0.02),(1,189,0.02),(1,189.0666667,0.02),(1,189.1333333,0.02),(1,189.2,0.02),(1,189.2666667,0.02),(1,189.3333333,0.02),(1,189.4,0.02),(1,189.4666667,0.02),(1,189.5333333,4.3818),(1,189.6,4.3818),(1,189.6666667,4.3818),(1,189.7333333,4.3818),(1,189.8,4.3818),(1,189.8666667,4.3818),(1,189.9333333,4.3818),(1,190,4.3818),(1,190.0666667,4.2612),(1,190.1333333,4.2612),(1,190.2,4.2612),(1,190.2666667,4.1004),(1,190.3333333,4.1004),(1,190.4,4.1004),(1,190.4666667,4.1004),(1,190.5333333,4.9446),(1,190.6,4.9446),(1,190.6666667,4.9446),(1,190.7333333,4.9446),(1,190.8,4.3416),(1,190.8666667,4.3416),(1,190.9333333,4.3416),(1,191,4.3416),(1,191.0666667,4.5024),(1,191.1333333,4.5024),(1,191.2,4.5024),(1,191.2666667,4.3014),(1,191.3333333,4.3014),(1,191.4,4.3014),(1,191.4666667,4.3014),(1,191.5333333,4.3818),(1,191.6,4.3818),(1,191.6666667,4.3818),(1,191.7333333,4.3818),(1,191.8,4.5426),(1,191.8666667,4.5426),(1,191.9333333,4.5426),(1,192,4.5426),(1,192.0666667,4.3818),(1,192.1333333,4.3818),(1,192.2,4.3818),(1,192.2666667,4.422),(1,192.3333333,4.422),(1,192.4,4.422),(1,192.4666667,4.422),(1,192.5333333,5.1456),(1,192.6,5.1456),(1,192.6666667,5.1456),(1,192.7333333,5.1456),(1,192.8,4.5828),(1,192.8666667,4.5828),(1,192.9333333,4.5828),(1,193,4.5828),(1,193.0666667,4.2612),(1,193.1333333,4.2612),(1,193.2,4.2612),(1,193.2666667,4.221),(1,193.3333333,4.221),(1,193.4,4.221),(1,193.4666667,4.221),(1,193.5333333,5.5074),(1,193.6,5.5074),(1,193.6666667,5.5074),(1,193.7333333,5.5074),(1,193.8,5.427),(1,193.8666667,5.427),(1,193.9333333,5.427),(1,194,5.427),(1,194.0666667,4.5024),(1,194.1333333,4.5024),(1,194.2,4.5024),(1,194.2666667,25.1652),(1,194.3333333,25.1652),(1,194.4,25.1652),(1,194.4666667,25.1652),(1,194.5333333,69.7872),(1,194.6,69.7872),(1,194.6666667,69.7872),(1,194.7333333,69.7872),(1,194.8,71.0736),(1,194.8666667,71.0736),(1,194.9333333,71.0736),(1,195,71.0736),(1,195.0666667,70.6716),(1,195.1333333,70.6716),(1,195.2,70.6716),(1,195.2666667,71.7168),(1,195.3333333,71.7168),(1,195.4,71.7168),(1,195.4666667,71.7168),(1,195.5333333,71.7972),(1,195.6,71.7972),(1,195.6666667,71.7972),(1,195.7333333,71.7972),(1,195.8,71.9178),(1,195.8666667,71.9178),(1,195.9333333,71.9178),(1,196,71.9178),(1,196.0666667,71.154),(1,196.1333333,71.154),(1,196.2,71.154),(1,196.2666667,0.02),(1,196.3333333,0.02),(1,196.4,0.02),(1,196.4666667,0.02),(1,196.5333333,0.02),(1,196.6,0.02),(1,196.6666667,0.02),(1,196.7333333,0.02),(1,196.8,0.02),(1,196.8666667,0.02),(1,196.9333333,0.02),(1,197,0.02),(1,197.0666667,0.02),(1,197.1333333,0.02),(1,197.2,0.02),(1,197.2666667,0.02),(1,197.3333333,0.02),(1,197.4,0.02),(1,197.4666667,0.02),(1,197.5333333,0.02),(1,197.6,0.02),(1,197.6666667,0.02),(1,197.7333333,0.02),(1,197.8,0.02),(1,197.8666667,0.02),(1,197.9333333,0.02),(1,198,0.02),(1,198.0666667,70.7118),(1,198.1333333,70.7118),(1,198.2,70.7118),(1,198.2666667,70.6314),(1,198.3333333,70.6314),(1,198.4,70.6314),(1,198.4666667,70.6314),(1,198.5333333,70.7922),(1,198.6,70.7922),(1,198.6666667,70.7922),(1,198.7333333,70.7922),(1,198.8,70.6716),(1,198.8666667,70.6716),(1,198.9333333,70.6716),(1,199,70.6716),(1,199.0666667,70.4706),(1,199.1333333,70.4706),(1,199.2,70.4706),(1,199.2666667,70.9932),(1,199.3333333,70.9932),(1,199.4,70.9932),(1,199.4666667,70.9932),(1,199.5333333,71.9982),(1,199.6,71.9982),(1,199.6666667,71.9982),(1,199.7333333,71.9982),(1,199.8,71.9982),(1,199.8666667,71.9982),(1,199.9333333,71.9982),(1,200,71.9982),(1,200.0666667,72.0384),(1,200.1333333,72.0384),(1,200.2,72.0384),(1,200.2666667,71.6766),(1,200.3333333,71.6766),(1,200.4,71.6766),(1,200.4666667,71.6766),(1,200.5333333,71.757),(1,200.6,71.757),(1,200.6666667,71.757),(1,200.7333333,71.757),(1,200.8,71.6364),(1,200.8666667,71.6364),(1,200.9333333,71.6364),(1,201,71.6364),(1,201.0666667,71.7972),(1,201.1333333,71.7972),(1,201.2,71.7972),(1,201.2666667,71.2746),(1,201.3333333,71.2746),(1,201.4,71.2746),(1,201.4666667,71.2746),(1,201.5333333,0.02),(1,201.6,0.02),(1,201.6666667,0.02),(1,201.7333333,0.02),(1,201.8,0.02),(1,201.8666667,0.02),(1,201.9333333,0.02),(1,202,0.02),(1,202.0666667,0.02),(1,202.1333333,0.02),(1,202.2,0.02),(1,202.2666667,0.02),(1,202.3333333,0.02),(1,202.4,0.02),(1,202.4666667,0.02),(1,202.5333333,0.02),(1,202.6,0.02),(1,202.6666667,0.02),(1,202.7333333,0.02),(1,202.8,0.02),(1,202.8666667,0.02),(1,202.9333333,0.02),(1,203,0.02),(1,203.0666667,0.02),(1,203.1333333,0.02),(1,203.2,0.02),(1,203.2666667,0.02),(1,203.3333333,0.02),(1,203.4,0.02),(1,203.4666667,0.02),(1,203.5333333,0.02),(1,203.6,0.02),(1,203.6666667,0.02),(1,203.7333333,0.02),(1,203.8,0.02),(1,203.8666667,0.02),(1,203.9333333,0.02),(1,204,0.02),(1,204.0666667,0.02),(1,204.1333333,0.02),(1,204.2,0.02),(1,204.2666667,0.02),(1,204.3333333,0.02),(1,204.4,0.02),(1,204.4666667,0.02),(1,204.5333333,71.2344),(1,204.6,71.2344),(1,204.6666667,71.2344),(1,204.7333333,71.2344),(1,204.8,71.556),(1,204.8666667,71.556),(1,204.9333333,71.556),(1,205,71.556),(1,205.0666667,71.5158),(1,205.1333333,71.5158),(1,205.2,71.5158),(1,205.2666667,72.2796),(1,205.3333333,72.2796),(1,205.4,72.2796),(1,205.4666667,72.2796),(1,205.5333333,71.0334),(1,205.6,71.0334),(1,205.6666667,71.0334),(1,205.7333333,71.0334),(1,205.8,71.3952),(1,205.8666667,71.3952),(1,205.9333333,71.3952),(1,206,71.3952),(1,206.0666667,71.1942),(1,206.1333333,71.1942),(1,206.2,71.1942),(1,206.2666667,71.0736),(1,206.3333333,71.0736),(1,206.4,71.0736),(1,206.4666667,71.0736),(1,206.5333333,71.8374),(1,206.6,71.8374),(1,206.6666667,71.8374),(1,206.7333333,71.8374),(1,206.8,70.953),(1,206.8666667,70.953),(1,206.9333333,70.953),(1,207,70.953),(1,207.0666667,71.6364),(1,207.1333333,71.6364),(1,207.2,71.6364),(1,207.2666667,71.7168),(1,207.3333333,71.7168),(1,207.4,71.7168),(1,207.4666667,71.7168),(1,207.5333333,71.2746),(1,207.6,71.2746),(1,207.6666667,71.2746),(1,207.7333333,71.2746),(1,207.8,70.551),(1,207.8666667,70.551),(1,207.9333333,70.551),(1,208,70.551),(1,208.0666667,70.5912),(1,208.1333333,70.5912),(1,208.2,70.5912),(1,208.2666667,70.5912),(1,208.3333333,70.5912),(1,208.4,70.5912),(1,208.4666667,70.5912),(1,208.5333333,70.3902),(1,208.6,70.3902),(1,208.6666667,70.3902),(1,208.7333333,70.3902),(1,208.8,70.4706),(1,208.8666667,70.4706),(1,208.9333333,70.4706),(1,209,70.4706),(1,209.0666667,70.4706),(1,209.1333333,70.4706),(1,209.2,70.4706),(1,209.2666667,70.2696),(1,209.3333333,70.2696),(1,209.4,70.2696),(1,209.4666667,70.2696),(1,209.5333333,0.02),(1,209.6,0.02),(1,209.6666667,0.02),(1,209.7333333,0.02),(1,209.8,0.02),(1,209.8666667,0.02),(1,209.9333333,0.02),(1,210,0.02),(1,210.0666667,0.02),(1,210.1333333,0.02),(1,210.2,0.02),(1,210.2666667,0.02),(1,210.3333333,0.02),(1,210.4,0.02),(1,210.4666667,0.02),(1,210.5333333,0.02),(1,210.6,0.02),(1,210.6666667,0.02),(1,210.7333333,0.02),(1,210.8,0.02),(1,210.8666667,0.02),(1,210.9333333,0.02),(1,211,0.02),(1,211.0666667,70.8726),(1,211.1333333,70.8726),(1,211.2,70.8726),(1,211.2666667,71.2344),(1,211.3333333,71.2344),(1,211.4,71.2344),(1,211.4666667,71.2344),(1,211.5333333,70.7922),(1,211.6,70.7922),(1,211.6666667,70.7922),(1,211.7333333,70.7922),(1,211.8,70.4706),(1,211.8666667,70.4706),(1,211.9333333,70.4706),(1,212,70.4706),(1,212.0666667,70.5912),(1,212.1333333,70.5912),(1,212.2,70.5912),(1,212.2666667,70.2696),(1,212.3333333,70.2696),(1,212.4,70.2696),(1,212.4666667,70.2696),(1,212.5333333,70.4706),(1,212.6,70.4706),(1,212.6666667,70.4706),(1,212.7333333,70.4706),(1,212.8,70.7922),(1,212.8666667,70.7922),(1,212.9333333,70.7922),(1,213,70.7922),(1,213.0666667,70.3902),(1,213.1333333,70.3902),(1,213.2,70.3902),(1,213.2666667,71.154),(1,213.3333333,71.154),(1,213.4,71.154),(1,213.4666667,71.154),(1,213.5333333,0.02),(1,213.6,0.02),(1,213.6666667,0.02),(1,213.7333333,0.02),(1,213.8,0.02),(1,213.8666667,0.02),(1,213.9333333,0.02),(1,214,0.02),(1,214.0666667,0.02),(1,214.1333333,0.02),(1,214.2,0.02),(1,214.2666667,0.02),(1,214.3333333,0.02),(1,214.4,0.02),(1,214.4666667,0.02),(1,214.5333333,0.02),(1,214.6,0.02),(1,214.6666667,0.02),(1,214.7333333,0.02),(1,214.8,0.02),(1,214.8666667,0.02),(1,214.9333333,0.02),(1,215,0.02),(1,215.0666667,0.02),(1,215.1333333,0.02),(1,215.2,0.02),(1,215.2666667,0.02),(1,215.3333333,0.02),(1,215.4,0.02),(1,215.4666667,0.02),(1,215.5333333,0.02),(1,215.6,0.02),(1,215.6666667,0.02),(1,215.7333333,0.02),(1,215.8,0.02),(1,215.8666667,0.02),(1,215.9333333,0.02),(1,216,0.02),(1,216.0666667,0.02),(1,216.1333333,0.02),(1,216.2,0.02),(1,216.2666667,0.02),(1,216.3333333,0.02),(1,216.4,0.02),(1,216.4666667,0.02),(1,216.5333333,0.02),(1,216.6,0.02),(1,216.6666667,0.02),(1,216.7333333,0.02),(1,216.8,0.02),(1,216.8666667,0.02),(1,216.9333333,0.02),(1,217,0.02),(1,217.0666667,0.02),(1,217.1333333,0.02),(1,217.2,0.02),(1,217.2666667,0.02),(1,217.3333333,0.02),(1,217.4,0.02),(1,217.4666667,0.02),(1,217.5333333,0.02),(1,217.6,0.02),(1,217.6666667,0.02),(1,217.7333333,0.02),(1,217.8,0.02),(1,217.8666667,0.02),(1,217.9333333,0.02),(1,218,0.02),(1,218.0666667,72.0786),(1,218.1333333,72.0786),(1,218.2,72.0786),(1,218.2666667,71.2746),(1,218.3333333,71.2746),(1,218.4,71.2746),(1,218.4666667,71.2746),(1,218.5333333,71.1942),(1,218.6,71.1942),(1,218.6666667,71.1942),(1,218.7333333,71.1942),(1,218.8,71.0334),(1,218.8666667,71.0334),(1,218.9333333,71.0334),(1,219,71.0334),(1,219.0666667,71.154),(1,219.1333333,71.154),(1,219.2,71.154),(1,219.2666667,71.0736),(1,219.3333333,71.0736),(1,219.4,71.0736),(1,219.4666667,71.0736),(1,219.5333333,71.0334),(1,219.6,71.0334),(1,219.6666667,71.0334),(1,219.7333333,71.0334),(1,219.8,71.1138),(1,219.8666667,71.1138),(1,219.9333333,71.1138),(1,220,71.1138),(1,220.0666667,70.8726),(1,220.1333333,70.8726),(1,220.2,70.8726),(1,220.2666667,71.8374),(1,220.3333333,71.8374),(1,220.4,71.8374),(1,220.4666667,71.8374),(1,220.5333333,72.4806),(1,220.6,72.4806),(1,220.6666667,72.4806),(1,220.7333333,72.4806),(1,220.8,71.0736),(1,220.8666667,71.0736),(1,220.9333333,71.0736),(1,221,71.0736),(1,221.0666667,70.953),(1,221.1333333,70.953),(1,221.2,70.953),(1,221.2666667,71.1942),(1,221.3333333,71.1942),(1,221.4,71.1942),(1,221.4666667,71.1942),(1,221.5333333,71.0736),(1,221.6,71.0736),(1,221.6666667,71.0736),(1,221.7333333,71.0736),(1,221.8,70.953),(1,221.8666667,70.953),(1,221.9333333,70.953),(1,222,70.953),(1,222.0666667,70.8324),(1,222.1333333,70.8324),(1,222.2,70.8324),(1,222.2666667,70.8726),(1,222.3333333,70.8726),(1,222.4,70.8726),(1,222.4666667,70.8726),(1,222.5333333,70.953),(1,222.6,70.953),(1,222.6666667,70.953),(1,222.7333333,70.953),(1,222.8,71.0736),(1,222.8666667,71.0736),(1,222.9333333,71.0736),(1,223,71.0736),(1,223.0666667,71.1942),(1,223.1333333,71.1942),(1,223.2,71.1942),(1,223.2666667,0.02),(1,223.3333333,0.02),(1,223.4,0.02),(1,223.4666667,0.02),(1,223.5333333,0.02),(1,223.6,0.02),(1,223.6666667,0.02),(1,223.7333333,0.02),(1,223.8,0.02),(1,223.8666667,0.02),(1,223.9333333,0.02),(1,224,0.02),(1,224.0666667,0.02),(1,224.1333333,0.02),(1,224.2,0.02),(1,224.2666667,0.02),(1,224.3333333,0.02),(1,224.4,0.02),(1,224.4666667,0.02),(1,224.5333333,0.02),(1,224.6,0.02),(1,224.6666667,0.02),(1,224.7333333,0.02),(1,224.8,0.02),(1,224.8666667,0.02),(1,224.9333333,0.02),(1,225,0.02),(1,225.0666667,0.02),(1,225.1333333,0.02),(1,225.2,0.02),(1,225.2666667,73.2444),(1,225.3333333,73.2444),(1,225.4,73.2444),(1,225.4666667,73.2444),(1,225.5333333,73.2444),(1,225.6,73.2444),(1,225.6666667,73.2444),(1,225.7333333,73.2444),(1,225.8,73.2846),(1,225.8666667,73.2846),(1,225.9333333,73.2846),(1,226,73.2846),(1,226.0666667,73.767),(1,226.1333333,73.767),(1,226.2,73.767),(1,226.2666667,73.4856),(1,226.3333333,73.4856),(1,226.4,73.4856),(1,226.4666667,73.4856),(1,226.5333333,73.4454),(1,226.6,73.4454),(1,226.6666667,73.4454),(1,226.7333333,73.4454),(1,226.8,74.0886),(1,226.8666667,74.0886),(1,226.9333333,74.0886),(1,227,74.0886),(1,227.0666667,73.5258),(1,227.1333333,73.5258),(1,227.2,73.5258),(1,227.2666667,73.4454),(1,227.3333333,73.4454),(1,227.4,73.4454),(1,227.4666667,73.4454),(1,227.5333333,73.2846),(1,227.6,73.2846),(1,227.6666667,73.2846),(1,227.7333333,73.2846),(1,227.8,0.02),(1,227.8666667,0.02),(1,227.9333333,0.02),(1,228,0.02),(1,228.0666667,0.02),(1,228.1333333,0.02),(1,228.2,0.02),(1,228.2666667,0.02),(1,228.3333333,0.02),(1,228.4,0.02),(1,228.4666667,0.02),(1,228.5333333,0.02),(1,228.6,0.02),(1,228.6666667,0.02),(1,228.7333333,0.02),(1,228.8,0.02),(1,228.8666667,0.02),(1,228.9333333,0.02),(1,229,0.02),(1,229.0666667,0.02),(1,229.1333333,0.02),(1,229.2,0.02),(1,229.2666667,0.02),(1,229.3333333,0.02),(1,229.4,0.02),(1,229.4666667,0.02),(1,229.5333333,0.02),(1,229.6,0.02),(1,229.6666667,0.02),(1,229.7333333,0.02),(1,229.8,0.02),(1,229.8666667,0.02),(1,229.9333333,0.02),(1,230,0.02),(1,230.0666667,0.02),(1,230.1333333,0.02),(1,230.2,0.02),(1,230.2666667,0.02),(1,230.3333333,0.02),(1,230.4,0.02),(1,230.4666667,0.02),(1,230.5333333,0.02),(1,230.6,0.02),(1,230.6666667,0.02),(1,230.7333333,0.02),(1,230.8,0.02),(1,230.8666667,0.02),(1,230.9333333,0.02),(1,231,0.02),(1,231.0666667,0.02),(1,231.1333333,0.02),(1,231.2,0.02),(1,231.2666667,0.02),(1,231.3333333,0.02),(1,231.4,0.02),(1,231.4666667,0.02),(1,231.5333333,0.02),(1,231.6,0.02),(1,231.6666667,0.02),(1,231.7333333,0.02),(1,231.8,72.7218),(1,231.8666667,72.7218),(1,231.9333333,72.7218),(1,232,72.7218),(1,232.0666667,73.5258),(1,232.1333333,73.5258),(1,232.2,73.5258),(1,232.2666667,73.0434),(1,232.3333333,73.0434),(1,232.4,73.0434),(1,232.4666667,73.0434),(1,232.5333333,71.2746),(1,232.6,71.2746),(1,232.6666667,71.2746),(1,232.7333333,71.2746),(1,232.8,71.355),(1,232.8666667,71.355),(1,232.9333333,71.355),(1,233,71.355),(1,233.0666667,71.9982),(1,233.1333333,71.9982),(1,233.2,71.9982),(1,233.2666667,71.757),(1,233.3333333,71.757),(1,233.4,71.757),(1,233.4666667,71.757),(1,233.5333333,70.9932),(1,233.6,70.9932),(1,233.6666667,70.9932),(1,233.7333333,70.9932),(1,233.8,71.1138),(1,233.8666667,71.1138),(1,233.9333333,71.1138),(1,234,71.1138),(1,234.0666667,71.1138),(1,234.1333333,71.1138),(1,234.2,71.1138),(1,234.2666667,0.02),(1,234.3333333,0.02),(1,234.4,0.02),(1,234.4666667,0.02),(1,234.5333333,0.02),(1,234.6,0.02),(1,234.6666667,0.02),(1,234.7333333,0.02),(1,234.8,0.02),(1,234.8666667,0.02),(1,234.9333333,0.02),(1,235,0.02),(1,235.0666667,0.02),(1,235.1333333,0.02),(1,235.2,0.02),(1,235.2666667,0.02),(1,235.3333333,0.02),(1,235.4,0.02),(1,235.4666667,0.02),(1,235.5333333,0.02),(1,235.6,0.02),(1,235.6666667,0.02),(1,235.7333333,0.02),(1,235.8,0.02),(1,235.8666667,0.02),(1,235.9333333,0.02),(1,236,0.02),(1,236.0666667,0.02),(1,236.1333333,0.02),(1,236.2,0.02),(1,236.2666667,71.8776),(1,236.3333333,71.8776),(1,236.4,71.8776),(1,236.4666667,71.8776),(1,236.5333333,71.958),(1,236.6,71.958),(1,236.6666667,71.958),(1,236.7333333,71.958),(1,236.8,71.154),(1,236.8666667,71.154),(1,236.9333333,71.154),(1,237,71.154),(1,237.0666667,71.1942),(1,237.1333333,71.1942),(1,237.2,71.1942),(1,237.2666667,71.154),(1,237.3333333,71.154),(1,237.4,71.154),(1,237.4666667,71.154),(1,237.5333333,71.154),(1,237.6,71.154),(1,237.6666667,71.154),(1,237.7333333,71.154),(1,237.8,71.0736),(1,237.8666667,71.0736),(1,237.9333333,71.0736),(1,238,71.0736),(1,238.0666667,72.1992),(1,238.1333333,72.1992),(1,238.2,72.1992),(1,238.2666667,71.4354),(1,238.3333333,71.4354),(1,238.4,71.4354),(1,238.4666667,71.4354),(1,238.5333333,71.0736),(1,238.6,71.0736),(1,238.6666667,71.0736),(1,238.7333333,71.0736),(1,238.8,71.1138),(1,238.8666667,71.1138),(1,238.9333333,71.1138),(1,239,71.1138),(1,239.0666667,70.953),(1,239.1333333,70.953),(1,239.2,70.953),(1,239.2666667,71.154),(1,239.3333333,71.154),(1,239.4,71.154),(1,239.4666667,71.154),(1,239.5333333,71.4354),(1,239.6,71.4354),(1,239.6666667,71.4354),(1,239.7333333,71.4354),(1,239.8,72.0384),(1,239.8666667,72.0384),(1,239.9333333,72.0384),(1,240,72.0384),(1,240.0666667,70.7922),(1,240.1333333,70.7922),(1,240.2,70.7922),(1,240.2666667,96.7212),(1,240.3333333,96.7212),(1,240.4,96.7212),(1,240.4666667,96.7212),(1,240.5333333,72.5208),(1,240.6,72.5208),(1,240.6666667,72.5208),(1,240.7333333,72.5208),(1,240.8,71.0736),(1,240.8666667,71.0736),(1,240.9333333,71.0736),(1,241,71.0736),(1,241.0666667,70.6716),(1,241.1333333,70.6716),(1,241.2,70.6716),(1,241.2666667,70.9128),(1,241.3333333,70.9128),(1,241.4,70.9128),(1,241.4666667,70.9128),(1,241.5333333,71.5962),(1,241.6,71.5962),(1,241.6666667,71.5962),(1,241.7333333,71.5962),(1,241.8,72.0786),(1,241.8666667,72.0786),(1,241.9333333,72.0786),(1,242,72.0786),(1,242.0666667,70.9932),(1,242.1333333,70.9932),(1,242.2,70.9932),(1,242.2666667,70.9128),(1,242.3333333,70.9128),(1,242.4,70.9128),(1,242.4666667,70.9128),(1,242.5333333,70.8324),(1,242.6,70.8324),(1,242.6666667,70.8324),(1,242.7333333,70.8324),(1,242.8,71.556),(1,242.8666667,71.556),(1,242.9333333,71.556),(1,243,71.556),(1,243.0666667,70.7922),(1,243.1333333,70.7922),(1,243.2,70.7922),(1,243.2666667,70.752),(1,243.3333333,70.752),(1,243.4,70.752),(1,243.4666667,70.752),(1,243.5333333,70.5912),(1,243.6,70.5912),(1,243.6666667,70.5912),(1,243.7333333,70.5912),(1,243.8,41.2452),(1,243.8666667,41.2452),(1,243.9333333,41.2452),(1,244,41.2452),(1,244.0666667,4.1004),(1,244.1333333,4.1004),(1,244.2,4.1004),(1,244.2666667,4.8642),(1,244.3333333,4.8642),(1,244.4,4.8642),(1,244.4666667,4.8642),(1,244.5333333,5.3868),(1,244.6,5.3868),(1,244.6666667,5.3868),(1,244.7333333,5.3868),(1,244.8,5.3868),(1,244.8666667,5.3868),(1,244.9333333,5.3868),(1,245,5.3868),(1,245.0666667,5.226),(1,245.1333333,5.226),(1,245.2,5.226),(1,245.2666667,4.3416),(1,245.3333333,4.3416),(1,245.4,4.3416),(1,245.4666667,4.3416),(1,245.5333333,4.2612),(1,245.6,4.2612),(1,245.6666667,4.2612),(1,245.7333333,4.2612),(1,245.8,4.221),(1,245.8666667,4.221),(1,245.9333333,4.221),(1,246,4.221),(1,246.0666667,4.1004),(1,246.1333333,4.1004),(1,246.2,4.1004),(1,246.2666667,4.3416),(1,246.3333333,4.3416),(1,246.4,4.3416),(1,246.4666667,4.3416),(1,246.5333333,25.1652),(1,246.6,25.1652),(1,246.6666667,25.1652),(1,246.7333333,25.1652),(1,246.8,73.164),(1,246.8666667,73.164),(1,246.9333333,73.164),(1,247,73.164),(1,247.0666667,85.827),(1,247.1333333,85.827),(1,247.2,85.827),(1,247.2666667,90.0882),(1,247.3333333,90.0882),(1,247.4,90.0882),(1,247.4666667,90.0882),(1,247.5333333,89.043),(1,247.6,89.043),(1,247.6666667,89.043),(1,247.7333333,89.043),(1,247.8,88.842),(1,247.8666667,88.842),(1,247.9333333,88.842),(1,248,88.842),(1,248.0666667,88.9626),(1,248.1333333,88.9626),(1,248.2,88.9626),(1,248.2666667,87.5556),(1,248.3333333,87.5556),(1,248.4,87.5556),(1,248.4666667,87.5556),(1,248.5333333,88.1586),(1,248.6,88.1586),(1,248.6666667,88.1586),(1,248.7333333,88.1586),(1,248.8,88.1184),(1,248.8666667,88.1184),(1,248.9333333,88.1184),(1,249,88.1184),(1,249.0666667,87.837),(1,249.1333333,87.837),(1,249.2,87.837),(1,249.2666667,87.7164),(1,249.3333333,87.7164),(1,249.4,87.7164),(1,249.4666667,87.7164),(1,249.5333333,87.9174),(1,249.6,87.9174),(1,249.6666667,87.9174),(1,249.7333333,87.9174),(1,249.8,88.3998),(1,249.8666667,88.3998),(1,249.9333333,88.3998),(1,250,88.3998),(1,250.0666667,88.8018),(1,250.1333333,88.8018),(1,250.2,88.8018),(1,250.2666667,88.3194),(1,250.3333333,88.3194),(1,250.4,88.3194),(1,250.4666667,88.3194),(1,250.5333333,87.636),(1,250.6,87.636),(1,250.6666667,87.636),(1,250.7333333,87.636),(1,250.8,87.9978),(1,250.8666667,87.9978),(1,250.9333333,87.9978),(1,251,87.9978),(1,251.0666667,87.9576),(1,251.1333333,87.9576),(1,251.2,87.9576),(1,251.2666667,88.1586),(1,251.3333333,88.1586),(1,251.4,88.1586),(1,251.4666667,88.1586),(1,251.5333333,89.9676),(1,251.6,89.9676),(1,251.6666667,89.9676),(1,251.7333333,89.9676),(1,251.8,87.9174),(1,251.8666667,87.9174),(1,251.9333333,87.9174),(1,252,87.9174),(1,252.0666667,87.5556),(1,252.1333333,87.5556),(1,252.2,87.5556),(1,252.2666667,88.5606),(1,252.3333333,88.5606),(1,252.4,88.5606),(1,252.4666667,88.5606),(1,252.5333333,88.0782),(1,252.6,88.0782),(1,252.6666667,88.0782),(1,252.7333333,88.0782),(1,252.8,0.02),(1,252.8666667,0.02),(1,252.9333333,0.02),(1,253,0.02),(1,253.0666667,0.02),(1,253.1333333,0.02),(1,253.2,0.02),(1,253.2666667,0.02),(1,253.3333333,0.02),(1,253.4,0.02),(1,253.4666667,0.02),(1,253.5333333,0.02),(1,253.6,0.02),(1,253.6666667,0.02),(1,253.7333333,0.02),(1,253.8,0.02),(1,253.8666667,0.02),(1,253.9333333,0.02),(1,254,0.02),(1,254.0666667,0.02),(1,254.1333333,0.02),(1,254.2,0.02),(1,254.2666667,0.02),(1,254.3333333,0.02),(1,254.4,0.02),(1,254.4666667,0.02),(1,254.5333333,0.02),(1,254.6,0.02),(1,254.6666667,0.02),(1,254.7333333,0.02),(1,254.8,0.02),(1,254.8666667,0.02),(1,254.9333333,0.02),(1,255,0.02),(1,255.0666667,0.02),(1,255.1333333,0.02),(1,255.2,0.02),(1,255.2666667,0.02),(1,255.3333333,0.02),(1,255.4,0.02),(1,255.4666667,0.02),(1,255.5333333,0.02),(1,255.6,0.02),(1,255.6666667,0.02),(1,255.7333333,0.02),(1,255.8,0.02),(1,255.8666667,0.02),(1,255.9333333,0.02),(1,256,0.02),(1,256.0666667,0.02),(1,256.1333333,0.02),(1,256.2,0.02),(1,256.2666667,0.02),(1,256.3333333,0.02),(1,256.4,0.02),(1,256.4666667,0.02),(1,256.5333333,88.7214),(1,256.6,88.7214),(1,256.6666667,88.7214),(1,256.7333333,88.7214),(1,256.8,88.9224),(1,256.8666667,88.9224),(1,256.9333333,88.9224),(1,257,88.9224),(1,257.0666667,87.636),(1,257.1333333,87.636),(1,257.2,87.636),(1,257.2666667,87.435),(1,257.3333333,87.435),(1,257.4,87.435),(1,257.4666667,87.435),(1,257.5333333,87.7164),(1,257.6,87.7164),(1,257.6666667,87.7164),(1,257.7333333,87.7164),(1,257.8,87.7968),(1,257.8666667,87.7968),(1,257.9333333,87.7968),(1,258,87.7968),(1,258.0666667,87.0732),(1,258.1333333,87.0732),(1,258.2,87.0732),(1,258.2666667,87.5154),(1,258.3333333,87.5154),(1,258.4,87.5154),(1,258.4666667,87.5154),(1,258.5333333,87.3144),(1,258.6,87.3144),(1,258.6666667,87.3144),(1,258.7333333,87.3144),(1,258.8,87.7566),(1,258.8666667,87.7566),(1,258.9333333,87.7566),(1,259,87.7566),(1,259.0666667,88.5606),(1,259.1333333,88.5606),(1,259.2,88.5606),(1,259.2666667,87.3144),(1,259.3333333,87.3144),(1,259.4,87.3144),(1,259.4666667,87.3144),(1,259.5333333,87.2742),(1,259.6,87.2742),(1,259.6666667,87.2742),(1,259.7333333,87.2742),(1,259.8,0.02),(1,259.8666667,0.02),(1,259.9333333,0.02),(1,260,0.02),(1,260.0666667,0.02),(1,260.1333333,0.02),(1,260.2,0.02),(1,260.2666667,0.02),(1,260.3333333,0.02),(1,260.4,0.02),(1,260.4666667,0.02),(1,260.5333333,0.02),(1,260.6,0.02),(1,260.6666667,0.02),(1,260.7333333,0.02),(1,260.8,0.02),(1,260.8666667,0.02),(1,260.9333333,0.02),(1,261,0.02),(1,261.0666667,0.02),(1,261.1333333,0.02),(1,261.2,0.02),(1,261.2666667,0.02),(1,261.3333333,0.02),(1,261.4,0.02),(1,261.4666667,0.02),(1,261.5333333,0.02),(1,261.6,0.02),(1,261.6666667,0.02),(1,261.7333333,0.02),(1,261.8,0.02),(1,261.8666667,0.02),(1,261.9333333,0.02),(1,262,0.02),(1,262.0666667,0.02),(1,262.1333333,0.02),(1,262.2,0.02),(1,262.2666667,0.02),(1,262.3333333,0.02),(1,262.4,0.02),(1,262.4666667,0.02),(1,262.5333333,0.02),(1,262.6,0.02),(1,262.6666667,0.02),(1,262.7333333,0.02),(1,262.8,0.02),(1,262.8666667,0.02),(1,262.9333333,0.02),(1,263,0.02),(1,263.0666667,4.221),(1,263.1333333,4.221),(1,263.2,4.221),(1,263.2666667,4.5024),(1,263.3333333,4.5024),(1,263.4,4.5024),(1,263.4666667,4.5024),(1,263.5333333,7.236),(1,263.6,7.236),(1,263.6666667,7.236),(1,263.7333333,7.236),(1,263.8,11.8188),(1,263.8666667,11.8188),(1,263.9333333,11.8188),(1,264,11.8188),(1,264.0666667,70.0686),(1,264.1333333,70.0686),(1,264.2,70.0686),(1,264.2666667,70.4706),(1,264.3333333,70.4706),(1,264.4,70.4706),(1,264.4666667,70.4706),(1,264.5333333,0.02),(1,264.6,0.02),(1,264.6666667,0.02),(1,264.7333333,0.02),(1,264.8,0.02),(1,264.8666667,0.02),(1,264.9333333,0.02),(1,265,0.02),(1,265.0666667,0.02),(1,265.1333333,0.02),(1,265.2,0.02),(1,265.2666667,0.02),(1,265.3333333,0.02),(1,265.4,0.02),(1,265.4666667,0.02),(1,265.5333333,0.02),(1,265.6,0.02),(1,265.6666667,0.02),(1,265.7333333,0.02),(1,265.8,0.02),(1,265.8666667,0.02),(1,265.9333333,0.02),(1,266,0.02),(1,266.0666667,0.02),(1,266.1333333,0.02),(1,266.2,0.02),(1,266.2666667,0.02),(1,266.3333333,0.02),(1,266.4,0.02),(1,266.4666667,0.02),(1,266.5333333,0.02),(1,266.6,0.02),(1,266.6666667,0.02),(1,266.7333333,0.02),(1,266.8,0.02),(1,266.8666667,0.02),(1,266.9333333,0.02),(1,267,0.02),(1,267.0666667,0.02),(1,267.1333333,0.02),(1,267.2,0.02),(1,267.2666667,0.02),(1,267.3333333,0.02),(1,267.4,0.02),(1,267.4666667,0.02),(1,267.5333333,0.02),(1,267.6,0.02),(1,267.6666667,0.02),(1,267.7333333,0.02),(1,267.8,70.0284),(1,267.8666667,70.0284),(1,267.9333333,70.0284),(1,268,70.0284),(1,268.0666667,70.0686),(1,268.1333333,70.0686),(1,268.2,70.0686),(1,268.2666667,70.1892),(1,268.3333333,70.1892),(1,268.4,70.1892),(1,268.4666667,70.1892),(1,268.5333333,69.9078),(1,268.6,69.9078),(1,268.6666667,69.9078),(1,268.7333333,69.9078),(1,268.8,70.1892),(1,268.8666667,70.1892),(1,268.9333333,70.1892),(1,269,70.1892),(1,269.0666667,69.948),(1,269.1333333,69.948),(1,269.2,69.948),(1,269.2666667,71.1942),(1,269.3333333,71.1942),(1,269.4,71.1942),(1,269.4666667,71.1942),(1,269.5333333,70.4304),(1,269.6,70.4304),(1,269.6666667,70.4304),(1,269.7333333,70.4304),(1,269.8,70.149),(1,269.8666667,70.149),(1,269.9333333,70.149),(1,270,70.149),(1,270.0666667,70.2696),(1,270.1333333,70.2696),(1,270.2,70.2696),(1,270.2666667,39.1146),(1,270.3333333,39.1146),(1,270.4,39.1146),(1,270.4666667,39.1146),(1,270.5333333,6.1506),(1,270.6,6.1506),(1,270.6666667,6.1506),(1,270.7333333,6.1506),(1,270.8,5.1456),(1,270.8666667,5.1456),(1,270.9333333,5.1456),(1,271,5.1456),(1,271.0666667,6.3114),(1,271.1333333,6.3114),(1,271.2,6.3114),(1,271.2666667,6.1908),(1,271.3333333,6.1908),(1,271.4,6.1908),(1,271.4666667,6.1908),(1,271.5333333,6.1506),(1,271.6,6.1506),(1,271.6666667,6.1506),(1,271.7333333,6.1506),(1,271.8,5.3064),(1,271.8666667,5.3064),(1,271.9333333,5.3064),(1,272,5.3064),(1,272.0666667,0.02),(1,272.1333333,0.02),(1,272.2,0.02),(1,272.2666667,0.02),(1,272.3333333,0.02),(1,272.4,0.02),(1,272.4666667,0.02),(1,272.5333333,0.02),(1,272.6,0.02),(1,272.6666667,0.02),(1,272.7333333,0.02),(1,272.8,0.02),(1,272.8666667,0.02),(1,272.9333333,0.02),(1,273,0.02),(1,273.0666667,0.02),(1,273.1333333,0.02),(1,273.2,0.02),(1,273.2666667,0.02),(1,273.3333333,0.02),(1,273.4,0.02),(1,273.4666667,0.02),(1,273.5333333,0.02),(1,273.6,0.02),(1,273.6666667,0.02),(1,273.7333333,0.02),(1,273.8,0.02),(1,273.8666667,0.02),(1,273.9333333,0.02),(1,274,0.02),(1,274.0666667,0.02),(1,274.1333333,0.02),(1,274.2,0.02),(1,274.2666667,0.02),(1,274.3333333,0.02),(1,274.4,0.02),(1,274.4666667,0.02),(1,274.5333333,0.02),(1,274.6,0.02),(1,274.6666667,0.02),(1,274.7333333,0.02),(1,274.8,71.3952),(1,274.8666667,71.3952),(1,274.9333333,71.3952),(1,275,71.3952),(1,275.0666667,71.2746),(1,275.1333333,71.2746),(1,275.2,71.2746),(1,275.2666667,71.958),(1,275.3333333,71.958),(1,275.4,71.958),(1,275.4666667,71.958),(1,275.5333333,71.1138),(1,275.6,71.1138),(1,275.6666667,71.1138),(1,275.7333333,71.1138),(1,275.8,71.757),(1,275.8666667,71.757),(1,275.9333333,71.757),(1,276,71.757),(1,276.0666667,70.752),(1,276.1333333,70.752),(1,276.2,70.752),(1,276.2666667,70.8324),(1,276.3333333,70.8324),(1,276.4,70.8324),(1,276.4666667,70.8324),(1,276.5333333,71.8374),(1,276.6,71.8374),(1,276.6666667,71.8374),(1,276.7333333,71.8374),(1,276.8,71.2746),(1,276.8666667,71.2746),(1,276.9333333,71.2746),(1,277,71.2746),(1,277.0666667,71.8374),(1,277.1333333,71.8374),(1,277.2,71.8374),(1,277.2666667,0.02),(1,277.3333333,0.02),(1,277.4,0.02),(1,277.4666667,0.02),(1,277.5333333,0.02),(1,277.6,0.02),(1,277.6666667,0.02),(1,277.7333333,0.02),(1,277.8,0.02),(1,277.8666667,0.02),(1,277.9333333,0.02),(1,278,0.02),(1,278.0666667,0.02),(1,278.1333333,0.02),(1,278.2,0.02),(1,278.2666667,0.02),(1,278.3333333,0.02),(1,278.4,0.02),(1,278.4666667,0.02),(1,278.5333333,71.757),(1,278.6,71.757),(1,278.6666667,71.757),(1,278.7333333,71.757),(1,278.8,70.9128),(1,278.8666667,70.9128),(1,278.9333333,70.9128),(1,279,70.9128),(1,279.0666667,71.2746),(1,279.1333333,71.2746),(1,279.2,71.2746),(1,279.2666667,70.9932),(1,279.3333333,70.9932),(1,279.4,70.9932),(1,279.4666667,70.9932),(1,279.5333333,71.0736),(1,279.6,71.0736),(1,279.6666667,71.0736),(1,279.7333333,71.0736),(1,279.8,70.8726),(1,279.8666667,70.8726),(1,279.9333333,70.8726),(1,280,70.8726),(1,280.0666667,71.6364),(1,280.1333333,71.6364),(1,280.2,71.6364),(1,280.2666667,71.1942),(1,280.3333333,71.1942),(1,280.4,71.1942),(1,280.4666667,71.1942),(1,280.5333333,71.3952),(1,280.6,71.3952),(1,280.6666667,71.3952),(1,280.7333333,71.3952),(1,280.8,70.953),(1,280.8666667,70.953),(1,280.9333333,70.953),(1,281,70.953),(1,281.0666667,70.9128),(1,281.1333333,70.9128),(1,281.2,70.9128),(1,281.2666667,0.02),(1,281.3333333,0.02),(1,281.4,0.02),(1,281.4666667,0.02),(1,281.5333333,0.02),(1,281.6,0.02),(1,281.6666667,0.02),(1,281.7333333,0.02),(1,281.8,70.7922),(1,281.8666667,70.7922),(1,281.9333333,70.7922),(1,282,70.7922),(1,282.0666667,71.5158),(1,282.1333333,71.5158),(1,282.2,71.5158),(1,282.2666667,71.1942),(1,282.3333333,71.1942),(1,282.4,71.1942),(1,282.4666667,71.1942),(1,282.5333333,70.953),(1,282.6,70.953),(1,282.6666667,70.953),(1,282.7333333,70.953),(1,282.8,70.9128),(1,282.8666667,70.9128),(1,282.9333333,70.9128),(1,283,70.9128),(1,283.0666667,70.8324),(1,283.1333333,70.8324),(1,283.2,70.8324),(1,283.2666667,70.8726),(1,283.3333333,70.8726),(1,283.4,70.8726),(1,283.4666667,70.8726),(1,283.5333333,70.7118),(1,283.6,70.7118),(1,283.6666667,70.7118),(1,283.7333333,70.7118),(1,283.8,0.02),(1,283.8666667,0.02),(1,283.9333333,0.02),(1,284,0.02),(1,284.0666667,0.02),(1,284.1333333,0.02),(1,284.2,0.02),(1,284.2666667,0.02),(1,284.3333333,0.02),(1,284.4,0.02),(1,284.4666667,0.02),(1,284.5333333,0.02),(1,284.6,0.02),(1,284.6666667,0.02),(1,284.7333333,0.02),(1,284.8,0.02),(1,284.8666667,0.02),(1,284.9333333,0.02),(1,285,0.02),(1,285.0666667,0.02),(1,285.1333333,0.02),(1,285.2,0.02),(1,285.2666667,0.02),(1,285.3333333,0.02),(1,285.4,0.02),(1,285.4666667,0.02),(1,285.5333333,0.02),(1,285.6,0.02),(1,285.6666667,0.02),(1,285.7333333,0.02),(1,285.8,70.7922),(1,285.8666667,70.7922),(1,285.9333333,70.7922),(1,286,70.7922),(1,286.0666667,70.7118),(1,286.1333333,70.7118),(1,286.2,70.7118),(1,286.2666667,70.7118),(1,286.3333333,70.7118),(1,286.4,70.7118),(1,286.4666667,70.7118),(1,286.5333333,70.6314),(1,286.6,70.6314),(1,286.6666667,70.6314),(1,286.7333333,70.6314),(1,286.8,70.752),(1,286.8666667,70.752),(1,286.9333333,70.752),(1,287,70.752),(1,287.0666667,71.8776),(1,287.1333333,71.8776),(1,287.2,71.8776),(1,287.2666667,71.1138),(1,287.3333333,71.1138),(1,287.4,71.1138),(1,287.4666667,71.1138),(1,287.5333333,70.9128),(1,287.6,70.9128),(1,287.6666667,70.9128),(1,287.7333333,70.9128),(1,287.8,70.4304),(1,287.8666667,70.4304),(1,287.9333333,70.4304),(1,288,70.4304),(1,288.0666667,0.02),(1,288.1333333,0.02),(1,288.2,0.02),(1,288.2666667,0.02),(1,288.3333333,0.02),(1,288.4,0.02),(1,288.4666667,0.02),(1,288.5333333,0.02),(1,288.6,0.02),(1,288.6666667,0.02),(1,288.7333333,0.02),(1,288.8,0.02),(1,288.8666667,0.02),(1,288.9333333,0.02),(1,289,0.02),(1,289.0666667,73.2846),(1,289.1333333,73.2846),(1,289.2,73.2846),(1,289.2666667,73.3248),(1,289.3333333,73.3248),(1,289.4,73.3248),(1,289.4666667,73.3248),(1,289.5333333,73.9278),(1,289.6,73.9278),(1,289.6666667,73.9278),(1,289.7333333,73.9278),(1,289.8,32.6022),(1,289.8666667,32.6022),(1,289.9333333,32.6022),(1,290,32.6022),(1,290.0666667,6.6732),(1,290.1333333,6.6732),(1,290.2,6.6732),(1,290.2666667,6.7134),(1,290.3333333,6.7134),(1,290.4,6.7134),(1,290.4666667,6.7134),(1,290.5333333,6.7134),(1,290.6,6.7134),(1,290.6666667,6.7134),(1,290.7333333,6.7134),(1,290.8,7.1154),(1,290.8666667,7.1154),(1,290.9333333,7.1154),(1,291,7.1154),(1,291.0666667,6.432),(1,291.1333333,6.432),(1,291.2,6.432),(1,291.2666667,6.5526),(1,291.3333333,6.5526),(1,291.4,6.5526),(1,291.4666667,6.5526),(1,291.5333333,6.1908),(1,291.6,6.1908),(1,291.6666667,6.1908),(1,291.7333333,6.1908),(1,291.8,6.3516),(1,291.8666667,6.3516),(1,291.9333333,6.3516),(1,292,6.3516),(1,292.0666667,6.231),(1,292.1333333,6.231),(1,292.2,6.231),(1,292.2666667,6.4722),(1,292.3333333,6.4722),(1,292.4,6.4722),(1,292.4666667,6.4722),(1,292.5333333,7.5978),(1,292.6,7.5978),(1,292.6666667,7.5978),(1,292.7333333,7.5978),(1,292.8,7.839),(1,292.8666667,7.839),(1,292.9333333,7.839),(1,293,7.839),(1,293.0666667,7.3968),(1,293.1333333,7.3968),(1,293.2,7.3968),(1,293.2666667,7.7184),(1,293.3333333,7.7184),(1,293.4,7.7184),(1,293.4666667,7.7184),(1,293.5333333,7.1154),(1,293.6,7.1154),(1,293.6666667,7.1154),(1,293.7333333,7.1154),(1,293.8,6.231),(1,293.8666667,6.231),(1,293.9333333,6.231),(1,294,6.231),(1,294.0666667,6.3516),(1,294.1333333,6.3516),(1,294.2,6.3516),(1,294.2666667,6.0702),(1,294.3333333,6.0702),(1,294.4,6.0702),(1,294.4666667,6.0702),(1,294.5333333,6.4722),(1,294.6,6.4722),(1,294.6666667,6.4722),(1,294.7333333,6.4722),(1,294.8,33.768),(1,294.8666667,33.768),(1,294.9333333,33.768),(1,295,33.768),(1,295.0666667,72.4404),(1,295.1333333,72.4404),(1,295.2,72.4404),(1,295.2666667,73.164),(1,295.3333333,73.164),(1,295.4,73.164),(1,295.4666667,73.164),(1,295.5333333,73.6062),(1,295.6,73.6062),(1,295.6666667,73.6062),(1,295.7333333,73.6062),(1,295.8,72.9228),(1,295.8666667,72.9228),(1,295.9333333,72.9228),(1,296,72.9228),(1,296.0666667,73.2042),(1,296.1333333,73.2042),(1,296.2,73.2042),(1,296.2666667,73.164),(1,296.3333333,73.164),(1,296.4,73.164),(1,296.4666667,73.164),(1,296.5333333,73.2042),(1,296.6,73.2042),(1,296.6666667,73.2042),(1,296.7333333,73.2042),(1,296.8,0.02),(1,296.8666667,0.02),(1,296.9333333,0.02),(1,297,0.02),(1,297.0666667,0.02),(1,297.1333333,0.02),(1,297.2,0.02),(1,297.2666667,0.02),(1,297.3333333,0.02),(1,297.4,0.02),(1,297.4666667,0.02),(1,297.5333333,0.02),(1,297.6,0.02),(1,297.6666667,0.02),(1,297.7333333,0.02),(1,297.8,0.02),(1,297.8666667,0.02),(1,297.9333333,0.02),(1,298,0.02),(1,298.0666667,0.02),(1,298.1333333,0.02),(1,298.2,0.02),(1,298.2666667,0.02),(1,298.3333333,0.02),(1,298.4,0.02),(1,298.4666667,0.02),(1,298.5333333,73.566),(1,298.6,73.566),(1,298.6666667,73.566),(1,298.7333333,73.566),(1,298.8,73.4454),(1,298.8666667,73.4454),(1,298.9333333,73.4454),(1,299,73.4454),(1,299.0666667,73.4454),(1,299.1333333,73.4454),(1,299.2,73.4454),(1,299.2666667,74.0886),(1,299.3333333,74.0886),(1,299.4,74.0886),(1,299.4666667,74.0886),(1,299.5333333,73.6062),(1,299.6,73.6062),(1,299.6666667,73.6062),(1,299.7333333,73.6062),(1,299.8,73.1238),(1,299.8666667,73.1238),(1,299.9333333,73.1238),(1,300,73.1238),(1,300.0666667,73.1238),(1,300.1333333,73.1238),(1,300.2,73.1238),(1,300.2666667,74.1288),(1,300.3333333,74.1288),(1,300.4,74.1288),(1,300.4666667,74.1288),(1,300.5333333,73.6464),(1,300.6,73.6464),(1,300.6666667,73.6464),(1,300.7333333,73.6464),(1,300.8,73.968),(1,300.8666667,73.968),(1,300.9333333,73.968),(1,301,73.968),(1,301.0666667,72.8826),(1,301.1333333,72.8826),(1,301.2,72.8826),(1,301.2666667,73.0836),(1,301.3333333,73.0836),(1,301.4,73.0836),(1,301.4666667,73.0836),(1,301.5333333,72.8826),(1,301.6,72.8826),(1,301.6666667,72.8826),(1,301.7333333,72.8826),(1,301.8,73.0434),(1,301.8666667,73.0434),(1,301.9333333,73.0434),(1,302,73.0434),(1,302.0666667,0.02),(1,302.1333333,0.02),(1,302.2,0.02),(1,302.2666667,0.02),(1,302.3333333,0.02),(1,302.4,0.02),(1,302.4666667,0.02),(1,302.5333333,0.02),(1,302.6,0.02),(1,302.6666667,0.02),(1,302.7333333,0.02),(1,302.8,0.02),(1,302.8666667,0.02),(1,302.9333333,0.02),(1,303,0.02),(1,303.0666667,0.02),(1,303.1333333,0.02),(1,303.2,0.02),(1,303.2666667,0.02),(1,303.3333333,0.02),(1,303.4,0.02),(1,303.4666667,0.02),(1,303.5333333,0.02),(1,303.6,0.02),(1,303.6666667,0.02),(1,303.7333333,0.02),(1,303.8,0.02),(1,303.8666667,0.02),(1,303.9333333,0.02),(1,304,0.02),(1,304.0666667,0.02),(1,304.1333333,0.02),(1,304.2,0.02),(1,304.2666667,0.02),(1,304.3333333,0.02),(1,304.4,0.02),(1,304.4666667,0.02),(1,304.5333333,0.02),(1,304.6,0.02),(1,304.6666667,0.02),(1,304.7333333,0.02),(1,304.8,0.02),(1,304.8666667,0.02),(1,304.9333333,0.02),(1,305,0.02),(1,305.0666667,0.02),(1,305.1333333,0.02),(1,305.2,0.02),(1,305.2666667,0.02),(1,305.3333333,0.02),(1,305.4,0.02),(1,305.4666667,0.02),(1,305.5333333,0.02),(1,305.6,0.02),(1,305.6666667,0.02),(1,305.7333333,0.02),(1,305.8,72.8826),(1,305.8666667,72.8826),(1,305.9333333,72.8826),(1,306,72.8826),(1,306.0666667,72.6414),(1,306.1333333,72.6414),(1,306.2,72.6414),(1,306.2666667,72.8424),(1,306.3333333,72.8424),(1,306.4,72.8424),(1,306.4666667,72.8424),(1,306.5333333,72.762),(1,306.6,72.762),(1,306.6666667,72.762),(1,306.7333333,72.762),(1,306.8,72.8826),(1,306.8666667,72.8826),(1,306.9333333,72.8826),(1,307,72.8826),(1,307.0666667,72.8022),(1,307.1333333,72.8022),(1,307.2,72.8022),(1,307.2666667,72.8022),(1,307.3333333,72.8022),(1,307.4,72.8022),(1,307.4666667,72.8022),(1,307.5333333,72.8022),(1,307.6,72.8022),(1,307.6666667,72.8022),(1,307.7333333,72.8022),(1,307.8,72.4806),(1,307.8666667,72.4806),(1,307.9333333,72.4806),(1,308,72.4806),(1,308.0666667,72.0786),(1,308.1333333,72.0786),(1,308.2,72.0786),(1,308.2666667,73.0032),(1,308.3333333,73.0032),(1,308.4,73.0032),(1,308.4666667,73.0032),(1,308.5333333,72.6816),(1,308.6,72.6816),(1,308.6666667,72.6816),(1,308.7333333,72.6816),(1,308.8,72.963),(1,308.8666667,72.963),(1,308.9333333,72.963),(1,309,72.963),(1,309.0666667,72.5208),(1,309.1333333,72.5208),(1,309.2,72.5208),(1,309.2666667,73.0836),(1,309.3333333,73.0836),(1,309.4,73.0836),(1,309.4666667,73.0836),(1,309.5333333,73.0434),(1,309.6,73.0434),(1,309.6666667,73.0434),(1,309.7333333,73.0434),(1,309.8,73.6062),(1,309.8666667,73.6062),(1,309.9333333,73.6062),(1,310,73.6062),(1,310.0666667,0.02),(1,310.1333333,0.02),(1,310.2,0.02),(1,310.2666667,0.02),(1,310.3333333,0.02),(1,310.4,0.02),(1,310.4666667,0.02),(1,310.5333333,0.02),(1,310.6,0.02),(1,310.6666667,0.02),(1,310.7333333,0.02),(1,310.8,0.02),(1,310.8666667,0.02),(1,310.9333333,0.02),(1,311,0.02),(1,311.0666667,0.02),(1,311.1333333,0.02),(1,311.2,0.02),(1,311.2666667,0.02),(1,311.3333333,0.02),(1,311.4,0.02),(1,311.4666667,0.02),(1,311.5333333,0.02),(1,311.6,0.02),(1,311.6666667,0.02),(1,311.7333333,0.02),(1,311.8,73.7268),(1,311.8666667,73.7268),(1,311.9333333,73.7268),(1,312,73.7268),(1,312.0666667,70.551),(1,312.1333333,70.551),(1,312.2,70.551),(1,312.2666667,70.8726),(1,312.3333333,70.8726),(1,312.4,70.8726),(1,312.4666667,70.8726),(1,312.5333333,71.8776),(1,312.6,71.8776),(1,312.6666667,71.8776),(1,312.7333333,71.8776),(1,312.8,71.8374),(1,312.8666667,71.8374),(1,312.9333333,71.8374),(1,313,71.8374),(1,313.0666667,0.02),(1,313.1333333,0.02),(1,313.2,0.02),(1,313.2666667,0.02),(1,313.3333333,0.02),(1,313.4,0.02),(1,313.4666667,0.02),(1,313.5333333,0.02),(1,313.6,0.02),(1,313.6666667,0.02),(1,313.7333333,0.02),(1,313.8,0.02),(1,313.8666667,0.02),(1,313.9333333,0.02),(1,314,0.02),(1,314.0666667,0.02),(1,314.1333333,0.02),(1,314.2,0.02),(1,314.2666667,0.02),(1,314.3333333,0.02),(1,314.4,0.02),(1,314.4666667,0.02),(1,314.5333333,0.02),(1,314.6,0.02),(1,314.6666667,0.02),(1,314.7333333,0.02),(1,314.8,0.02),(1,314.8666667,0.02),(1,314.9333333,0.02),(1,315,0.02),(1,315.0666667,0.02),(1,315.1333333,0.02),(1,315.2,0.02),(1,315.2666667,0.02),(1,315.3333333,0.02),(1,315.4,0.02),(1,315.4666667,0.02),(1,315.5333333,0.02),(1,315.6,0.02),(1,315.6666667,0.02),(1,315.7333333,0.02),(1,315.8,0.02),(1,315.8666667,0.02),(1,315.9333333,0.02),(1,316,0.02),(1,316.0666667,4.5426),(1,316.1333333,4.5426),(1,316.2,4.5426),(1,316.2666667,4.9446),(1,316.3333333,4.9446),(1,316.4,4.9446),(1,316.4666667,4.9446),(1,316.5333333,4.7034),(1,316.6,4.7034),(1,316.6666667,4.7034),(1,316.7333333,4.7034),(1,316.8,5.829),(1,316.8666667,5.829),(1,316.9333333,5.829),(1,317,5.829),(1,317.0666667,6.0702),(1,317.1333333,6.0702),(1,317.2,6.0702),(1,317.2666667,4.7034),(1,317.3333333,4.7034),(1,317.4,4.7034),(1,317.4666667,4.7034),(1,317.5333333,4.7034),(1,317.6,4.7034),(1,317.6666667,4.7034),(1,317.7333333,4.7034),(1,317.8,4.7436),(1,317.8666667,4.7436),(1,317.9333333,4.7436),(1,318,4.7436),(1,318.0666667,4.8642),(1,318.1333333,4.8642),(1,318.2,4.8642),(1,318.2666667,5.2662),(1,318.3333333,5.2662),(1,318.4,5.2662),(1,318.4666667,5.2662),(1,318.5333333,4.5828),(1,318.6,4.5828),(1,318.6666667,4.5828),(1,318.7333333,4.5828),(1,318.8,5.628),(1,318.8666667,5.628),(1,318.9333333,5.628),(1,319,5.628),(1,319.0666667,39.1548),(1,319.1333333,39.1548),(1,319.2,39.1548),(1,319.2666667,70.4304),(1,319.3333333,70.4304),(1,319.4,70.4304),(1,319.4666667,70.4304),(1,319.5333333,70.7118),(1,319.6,70.7118),(1,319.6666667,70.7118),(1,319.7333333,70.7118),(1,319.8,71.4354),(1,319.8666667,71.4354),(1,319.9333333,71.4354),(1,320,71.4354),(1,320.0666667,71.8374),(1,320.1333333,71.8374),(1,320.2,71.8374),(1,320.2666667,71.7168),(1,320.3333333,71.7168),(1,320.4,71.7168),(1,320.4666667,71.7168),(1,320.5333333,71.0334),(1,320.6,71.0334),(1,320.6666667,71.0334),(1,320.7333333,71.0334),(1,320.8,0.02),(1,320.8666667,0.02),(1,320.9333333,0.02),(1,321,0.02),(1,321.0666667,0.02),(1,321.1333333,0.02),(1,321.2,0.02),(1,321.2666667,0.02),(1,321.3333333,0.02),(1,321.4,0.02),(1,321.4666667,0.02),(1,321.5333333,0.02),(1,321.6,0.02),(1,321.6666667,0.02),(1,321.7333333,0.02),(1,321.8,0.02),(1,321.8666667,0.02),(1,321.9333333,0.02),(1,322,0.02),(1,322.0666667,0.02),(1,322.1333333,0.02),(1,322.2,0.02),(1,322.2666667,0.02),(1,322.3333333,0.02),(1,322.4,0.02),(1,322.4666667,0.02),(1,322.5333333,0.02),(1,322.6,0.02),(1,322.6666667,0.02),(1,322.7333333,0.02),(1,322.8,0.02),(1,322.8666667,0.02),(1,322.9333333,0.02),(1,323,0.02),(1,323.0666667,71.2344),(1,323.1333333,71.2344),(1,323.2,71.2344),(1,323.2666667,70.1088),(1,323.3333333,70.1088),(1,323.4,70.1088),(1,323.4666667,70.1088),(1,323.5333333,70.2294),(1,323.6,70.2294),(1,323.6666667,70.2294),(1,323.7333333,70.2294),(1,323.8,70.4304),(1,323.8666667,70.4304),(1,323.9333333,70.4304),(1,324,70.4304),(1,324.0666667,70.35),(1,324.1333333,70.35),(1,324.2,70.35),(1,324.2666667,71.6766),(1,324.3333333,71.6766),(1,324.4,71.6766),(1,324.4666667,71.6766),(1,324.5333333,70.35),(1,324.6,70.35),(1,324.6666667,70.35),(1,324.7333333,70.35),(1,324.8,70.2696),(1,324.8666667,70.2696),(1,324.9333333,70.2696),(1,325,70.2696),(1,325.0666667,70.2294),(1,325.1333333,70.2294),(1,325.2,70.2294),(1,325.2666667,70.4706),(1,325.3333333,70.4706),(1,325.4,70.4706),(1,325.4666667,70.4706),(1,325.5333333,0.02),(1,325.6,0.02),(1,325.6666667,0.02),(1,325.7333333,0.02),(1,325.8,0.02),(1,325.8666667,0.02),(1,325.9333333,0.02),(1,326,0.02),(1,326.0666667,0.02),(1,326.1333333,0.02),(1,326.2,0.02),(1,326.2666667,0.02),(1,326.3333333,0.02),(1,326.4,0.02),(1,326.4666667,0.02),(1,326.5333333,0.02),(1,326.6,0.02),(1,326.6666667,0.02),(1,326.7333333,0.02),(1,326.8,0.02),(1,326.8666667,0.02),(1,326.9333333,0.02),(1,327,0.02),(1,327.0666667,0.02),(1,327.1333333,0.02),(1,327.2,0.02),(1,327.2666667,0.02),(1,327.3333333,0.02),(1,327.4,0.02),(1,327.4666667,0.02),(1,327.5333333,0.02),(1,327.6,0.02),(1,327.6666667,0.02),(1,327.7333333,0.02),(1,327.8,0.02),(1,327.8666667,0.02),(1,327.9333333,0.02),(1,328,0.02),(1,328.0666667,0.02),(1,328.1333333,0.02),(1,328.2,0.02),(1,328.2666667,0.02),(1,328.3333333,0.02),(1,328.4,0.02),(1,328.4666667,0.02),(1,328.5333333,70.0686),(1,328.6,70.0686),(1,328.6666667,70.0686),(1,328.7333333,70.0686),(1,328.8,70.1892),(1,328.8666667,70.1892),(1,328.9333333,70.1892),(1,329,70.1892),(1,329.0666667,70.0686),(1,329.1333333,70.0686),(1,329.2,70.0686),(1,329.2666667,70.0284),(1,329.3333333,70.0284),(1,329.4,70.0284),(1,329.4666667,70.0284),(1,329.5333333,69.9078),(1,329.6,69.9078),(1,329.6666667,69.9078),(1,329.7333333,69.9078),(1,329.8,70.149),(1,329.8666667,70.149),(1,329.9333333,70.149),(1,330,70.149),(1,330.0666667,70.0284),(1,330.1333333,70.0284),(1,330.2,70.0284),(1,330.2666667,70.3902),(1,330.3333333,70.3902),(1,330.4,70.3902),(1,330.4666667,70.3902),(1,330.5333333,70.2294),(1,330.6,70.2294),(1,330.6666667,70.2294),(1,330.7333333,70.2294),(1,330.8,69.9882),(1,330.8666667,69.9882),(1,330.9333333,69.9882),(1,331,69.9882),(1,331.0666667,70.2294),(1,331.1333333,70.2294),(1,331.2,70.2294),(1,331.2666667,71.0736),(1,331.3333333,71.0736),(1,331.4,71.0736),(1,331.4666667,71.0736),(1,331.5333333,71.1942),(1,331.6,71.1942),(1,331.6666667,71.1942),(1,331.7333333,71.1942),(1,331.8,0.02),(1,331.8666667,0.02),(1,331.9333333,0.02),(1,332,0.02),(1,332.0666667,0.02),(1,332.1333333,0.02),(1,332.2,0.02),(1,332.2666667,0.02),(1,332.3333333,0.02),(1,332.4,0.02),(1,332.4666667,0.02),(1,332.5333333,0.02),(1,332.6,0.02),(1,332.6666667,0.02),(1,332.7333333,0.02),(1,332.8,0.02),(1,332.8666667,0.02),(1,332.9333333,0.02),(1,333,0.02),(1,333.0666667,71.3148),(1,333.1333333,71.3148),(1,333.2,71.3148),(1,333.2666667,70.8324),(1,333.3333333,70.8324),(1,333.4,70.8324),(1,333.4666667,70.8324),(1,333.5333333,71.2344),(1,333.6,71.2344),(1,333.6666667,71.2344),(1,333.7333333,71.2344),(1,333.8,71.4756),(1,333.8666667,71.4756),(1,333.9333333,71.4756),(1,334,71.4756),(1,334.0666667,70.9932),(1,334.1333333,70.9932),(1,334.2,70.9932),(1,334.2666667,0.02),(1,334.3333333,0.02),(1,334.4,0.02),(1,334.4666667,0.02),(1,334.5333333,0.02),(1,334.6,0.02),(1,334.6666667,0.02),(1,334.7333333,0.02),(1,334.8,71.2344),(1,334.8666667,71.2344),(1,334.9333333,71.2344),(1,335,71.2344),(1,335.0666667,71.154),(1,335.1333333,71.154),(1,335.2,71.154),(1,335.2666667,71.5158),(1,335.3333333,71.5158),(1,335.4,71.5158),(1,335.4666667,71.5158),(1,335.5333333,70.9128),(1,335.6,70.9128),(1,335.6666667,70.9128),(1,335.7333333,70.9128),(1,335.8,71.0334),(1,335.8666667,71.0334),(1,335.9333333,71.0334),(1,336,71.0334);
UNLOCK TABLES;
