-- Dumping data for table `user`
LOCK TABLES `user` WRITE;
INSERT INTO `user`
(`id`, `username`, `password`, `email`, `role`, `activation_code`, `rememberme`, `reset`, `registered`, `last_seen`, `tfa_code`, `ip`)
VALUES
(3, 'user1', 'usera', 'microgrid@nps.edu', 'Member', 'activated', '', '', '2023-02-22 19:30:00', '2023-02-22 19:30:00', '', '');
UNLOCK TABLES;


-- Dumping data for table `component`
LOCK TABLES `component` WRITE;
INSERT INTO `component`
(`id`, `name`, `componentTypeId`, `description`)
VALUES
(10,'pv1',1,'paper PV'),
(20,'dg1',3,'paper DG'),
(30,'b1',4,'paper B'),
(40,'wt1',2,'for comparing run times');
UNLOCK TABLES;


-- Dumping data for table `component_spec_data`
LOCK TABLES `component_spec_data` WRITE;
INSERT INTO `component_spec_data`
(`componentId`, `componentSpecMetaId`, `value`)
VALUES
(10,1,50),
(10,2,1.0),
(10,3,0.1),
(10,4,0.1),
(40,5,0.98),
(40,6,0.22),
(40,7,100),
(40,8,1.0),
(40,9,0.1),
(40,10,0.1),
(20,11,1.0),
(20,12,0.6),
(20,13,150.0),
(20,14,200.0),
(20,15,0.0),
(20,16,1.0),
(20,17,0.1),
(20,18,0.1),
(30,19,0.95),
(30,20,150.0),
(30,21,0.95),
(30,22,150.0),
(30,23,300.0),
(30,24,0.99),
(30,25,0.2),
(30,26,1.0),
(30,27,0.1),
(30,28,0.1);
UNLOCK TABLES;


-- Dumping data for table `component_user`
LOCK TABLES `component_user` WRITE;
INSERT INTO `component_user`
(`userId`, `componentId`, `permissionId`)
VALUES
(3,10,2),
(3,20,2),
(3,30,2);
UNLOCK TABLES;


-- Dumping data for table `grid`
LOCK TABLES `grid` WRITE;
INSERT INTO `grid`
(`id`,`name`,`description`,`isSizingTemplate`)
VALUES
(100,'Publication experiment grid','',0),
(250,'Sizing','',1),
(251,'Sizing All Sources','',1);
UNLOCK TABLES;


-- Dumping data for table `grid_component`
LOCK TABLES `grid_component` WRITE;
INSERT INTO `grid_component`
(`gridId`, `componentId`) 
VALUES 
(100,10),
(100,20),
(100,30),
(250,10),
(250,20),
(250,30),
(251,10),
(251,20),
(251,30),
(251,40);
UNLOCK TABLES;


-- Dumping data for table `grid_user`
LOCK TABLES `grid_user` WRITE;
INSERT INTO `grid_user`
(`gridId`, `userId`, `permissionId`)
VALUES
(100,3,2),
(250,3,2),
(251,3,2);
UNLOCK TABLES;


-- Dumping data for table `disturbance`
LOCK TABLES `disturbance` WRITE;
INSERT INTO `disturbance`
(`id`, `name`, `description`)
VALUES
(1000,'Municipal outage','data from part of old hurricane.json file');
UNLOCK TABLES;


-- Dumping data for table `disturbance_data`
LOCK TABLES `disturbance_data` WRITE;
INSERT INTO `disturbance_data`
(`disturbanceId`, `componentTypeId`, `value`)
VALUES
(1000,2,0.0),
(1000,1,0.0),
(1000,3,0.0),
(1000,4,0.0);
UNLOCK TABLES;


-- Dumping data for table `disturbance_user`
LOCK TABLES `disturbance_user` WRITE;
INSERT INTO `disturbance_user`
(`disturbanceId`, `userId`, `permissionId`)
VALUES
(1000,3,2);
UNLOCK TABLES;


-- Dumping data for table `repair`
LOCK TABLES `repair` WRITE;
INSERT INTO `repair`
(`id`, `name`, `description`)
VALUES
(10000,'Medium','data from part of old medium.json file');
UNLOCK TABLES;


-- Dumping data for table `repair_data`
LOCK TABLES `repair_data` WRITE;
INSERT INTO `repair_data`
(`repairId`, `componentTypeId`, `value`)
VALUES
(10000,2,96.0),
(10000,1,120.0),
(10000,3,114.0),
(10000,4,6.0);
UNLOCK TABLES;


-- Dumping data for table `repair_user`
LOCK TABLES `repair_user` WRITE;
INSERT INTO `repair_user`
(`repairId`, `userId`, `permissionId`)
VALUES
(10000,3,2);
UNLOCK TABLES;


-- Dumping data for table `powerload`
LOCK TABLES `powerload` WRITE;
INSERT INTO `powerload`
(`id`, `name`, `description`)
VALUES
(2,'Publication experiment powerload','');
UNLOCK TABLES;


-- Dumping data for table `powerload_user`
LOCK TABLES `powerload_user` WRITE;
INSERT INTO `powerload_user`
(`powerloadId`, `userId`, `permissionId`)
VALUES
(2,3,2);
UNLOCK TABLES;


-- Dumping data for table `powerload_data`
LOCK TABLES `powerload_data` WRITE;
INSERT INTO `powerload_data`
(`powerloadId`, `time`, `value`)
VALUES
(2,0.066666667,5.628),(2,0.133333333,5.628),(2,0.2,5.628),(2,0.266666667,49.2852),(2,0.333333333,49.2852),(2,0.4,49.2852),(2,0.466666667,49.2852),(2,0.533333333,77.7066),(2,0.6,77.7066),(2,0.666666667,77.7066),(2,0.733333333,77.7066),(2,0.8,77.6664),(2,0.866666667,77.6664),(2,0.933333333,77.6664),(2,1,77.6664),(2,1.066666667,77.9478),(2,1.133333333,77.9478),(2,1.2,77.9478),(2,1.266666667,78.9528),(2,1.333333333,78.9528),(2,1.4,78.9528),(2,1.466666667,78.9528),(2,1.533333333,79.2744),(2,1.6,79.2744),(2,1.666666667,79.2744),(2,1.733333333,79.2744),(2,1.8,78.993),(2,1.866666667,78.993),(2,1.933333333,78.993),(2,2,78.993),(2,2.066666667,79.1538),(2,2.133333333,79.1538),(2,2.2,79.1538),(2,2.266666667,79.4754),(2,2.333333333,79.4754),(2,2.4,79.4754),(2,2.466666667,79.4754),(2,2.533333333,78.993),(2,2.6,78.993),(2,2.666666667,78.993),(2,2.733333333,78.993),(2,2.8,79.3548),(2,2.866666667,79.3548),(2,2.933333333,79.3548),(2,3,79.3548),(2,3.066666667,78.993),(2,3.133333333,78.993),(2,3.2,78.993),(2,3.266666667,77.9076),(2,3.333333333,77.9076),(2,3.4,77.9076),(2,3.466666667,77.9076),(2,3.533333333,77.8272),(2,3.6,77.8272),(2,3.666666667,77.8272),(2,3.733333333,77.8272),(2,3.8,77.9478),(2,3.866666667,77.9478),(2,3.933333333,77.9478),(2,4,77.9478),(2,4.066666667,77.9076),(2,4.133333333,77.9076),(2,4.2,77.9076),(2,4.266666667,77.9076),(2,4.333333333,77.9076),(2,4.4,77.9076),(2,4.466666667,77.9076),(2,4.533333333,0.02),(2,4.6,0.02),(2,4.666666667,0.02),(2,4.733333333,0.02),(2,4.8,0.02),(2,4.866666667,0.02),(2,4.933333333,0.02),(2,5,0.02),(2,5.066666667,0.02),(2,5.133333333,0.02),(2,5.2,0.02),(2,5.266666667,0.02),(2,5.333333333,0.02),(2,5.4,0.02),(2,5.466666667,0.02),(2,5.533333333,0.02),(2,5.6,0.02),(2,5.666666667,0.02),(2,5.733333333,0.02),(2,5.8,0.02),(2,5.866666667,0.02),(2,5.933333333,0.02),(2,6,0.02),(2,6.066666667,77.8674),(2,6.133333333,77.8674),(2,6.2,77.8674),(2,6.266666667,78.9528),(2,6.333333333,78.9528),(2,6.4,78.9528),(2,6.466666667,78.9528),(2,6.533333333,77.9076),(2,6.6,77.9076),(2,6.666666667,77.9076),(2,6.733333333,77.9076),(2,6.8,77.6664),(2,6.866666667,77.6664),(2,6.933333333,77.6664),(2,7,77.6664),(2,7.066666667,77.787),(2,7.133333333,77.787),(2,7.2,77.787),(2,7.266666667,78.0684),(2,7.333333333,78.0684),(2,7.4,78.0684),(2,7.466666667,78.0684),(2,7.533333333,80.5608),(2,7.6,80.5608),(2,7.666666667,80.5608),(2,7.733333333,80.5608),(2,7.8,88.44),(2,7.866666667,88.44),(2,7.933333333,88.44),(2,8,88.44),(2,8.066666667,78.1488),(2,8.133333333,78.1488),(2,8.2,78.1488),(2,8.266666667,77.8272),(2,8.333333333,77.8272),(2,8.4,77.8272),(2,8.466666667,77.8272),(2,8.533333333,77.8674),(2,8.6,77.8674),(2,8.666666667,77.8674),(2,8.733333333,77.8674),(2,8.8,77.9478),(2,8.866666667,77.9478),(2,8.933333333,77.9478),(2,9,77.9478),(2,9.066666667,77.9478),(2,9.133333333,77.9478),(2,9.2,77.9478),(2,9.266666667,77.9076),(2,9.333333333,77.9076),(2,9.4,77.9076),(2,9.466666667,77.9076),(2,9.533333333,78.3498),(2,9.6,78.3498),(2,9.666666667,78.3498),(2,9.733333333,78.3498),(2,9.8,0.02),(2,9.866666667,0.02),(2,9.933333333,0.02),(2,10,0.02),(2,10.06666667,0.02),(2,10.13333333,0.02),(2,10.2,0.02),(2,10.26666667,0.02),(2,10.33333333,0.02),(2,10.4,0.02),(2,10.46666667,0.02),(2,10.53333333,0.02),(2,10.6,0.02),(2,10.66666667,0.02),(2,10.73333333,0.02),(2,10.8,0.02),(2,10.86666667,0.02),(2,10.93333333,0.02),(2,11,0.02),(2,11.06666667,0.02),(2,11.13333333,0.02),(2,11.2,0.02),(2,11.26666667,0.02),(2,11.33333333,0.02),(2,11.4,0.02),(2,11.46666667,0.02),(2,11.53333333,0.02),(2,11.6,0.02),(2,11.66666667,0.02),(2,11.73333333,0.02),(2,11.8,0.02),(2,11.86666667,0.02),(2,11.93333333,0.02),(2,12,0.02),(2,12.06666667,0.02),(2,12.13333333,0.02),(2,12.2,0.02),(2,12.26666667,0.02),(2,12.33333333,0.02),(2,12.4,0.02),(2,12.46666667,0.02),(2,12.53333333,0.02),(2,12.6,0.02),(2,12.66666667,0.02),(2,12.73333333,0.02),(2,12.8,71.9982),(2,12.86666667,71.9982),(2,12.93333333,71.9982),(2,13,71.9982),(2,13.06666667,74.772),(2,13.13333333,74.772),(2,13.2,74.772),(2,13.26666667,107.8164),(2,13.33333333,107.8164),(2,13.4,107.8164),(2,13.46666667,107.8164),(2,13.53333333,99.696),(2,13.6,99.696),(2,13.66666667,99.696),(2,13.73333333,99.696),(2,13.8,70.953),(2,13.86666667,70.953),(2,13.93333333,70.953),(2,14,70.953),(2,14.06666667,70.7922),(2,14.13333333,70.7922),(2,14.2,70.7922),(2,14.26666667,70.953),(2,14.33333333,70.953),(2,14.4,70.953),(2,14.46666667,70.953),(2,14.53333333,71.757),(2,14.6,71.757),(2,14.66666667,71.757),(2,14.73333333,71.757),(2,14.8,70.4706),(2,14.86666667,70.4706),(2,14.93333333,70.4706),(2,15,70.4706),(2,15.06666667,71.757),(2,15.13333333,71.757),(2,15.2,71.757),(2,15.26666667,71.1942),(2,15.33333333,71.1942),(2,15.4,71.1942),(2,15.46666667,71.1942),(2,15.53333333,70.9932),(2,15.6,70.9932),(2,15.66666667,70.9932),(2,15.73333333,70.9932),(2,15.8,70.9128),(2,15.86666667,70.9128),(2,15.93333333,70.9128),(2,16,70.9128),(2,16.06666667,71.0736),(2,16.13333333,71.0736),(2,16.2,71.0736),(2,16.26666667,71.154),(2,16.33333333,71.154),(2,16.4,71.154),(2,16.46666667,71.154),(2,16.53333333,71.1138),(2,16.6,71.1138),(2,16.66666667,71.1138),(2,16.73333333,71.1138),(2,16.8,26.1702),(2,16.86666667,26.1702),(2,16.93333333,26.1702),(2,17,26.1702),(2,17.06666667,0.02),(2,17.13333333,0.02),(2,17.2,0.02),(2,17.26666667,0.02),(2,17.33333333,0.02),(2,17.4,0.02),(2,17.46666667,0.02),(2,17.53333333,0.02),(2,17.6,0.02),(2,17.66666667,0.02),(2,17.73333333,0.02),(2,17.8,0.02),(2,17.86666667,0.02),(2,17.93333333,0.02),(2,18,0.02),(2,18.06666667,0.02),(2,18.13333333,0.02),(2,18.2,0.02),(2,18.26666667,0.02),(2,18.33333333,0.02),(2,18.4,0.02),(2,18.46666667,0.02),(2,18.53333333,0.02),(2,18.6,0.02),(2,18.66666667,0.02),(2,18.73333333,0.02),(2,18.8,0.02),(2,18.86666667,0.02),(2,18.93333333,0.02),(2,19,0.02),(2,19.06666667,4.6632),(2,19.13333333,4.6632),(2,19.2,4.6632),(2,19.26666667,4.3416),(2,19.33333333,4.3416),(2,19.4,4.3416),(2,19.46666667,4.3416),(2,19.53333333,4.0602),(2,19.6,4.0602),(2,19.66666667,4.0602),(2,19.73333333,4.0602),(2,19.8,4.3014),(2,19.86666667,4.3014),(2,19.93333333,4.3014),(2,20,4.3014),(2,20.06666667,4.1004),(2,20.13333333,4.1004),(2,20.2,4.1004),(2,20.26666667,4.1004),(2,20.33333333,4.1004),(2,20.4,4.1004),(2,20.46666667,4.1004),(2,20.53333333,4.0602),(2,20.6,4.0602),(2,20.66666667,4.0602),(2,20.73333333,4.0602),(2,20.8,4.02),(2,20.86666667,4.02),(2,20.93333333,4.02),(2,21,4.02),(2,21.06666667,4.9446),(2,21.13333333,4.9446),(2,21.2,4.9446),(2,21.26666667,5.1858),(2,21.33333333,5.1858),(2,21.4,5.1858),(2,21.46666667,5.1858),(2,21.53333333,4.1406),(2,21.6,4.1406),(2,21.66666667,4.1406),(2,21.73333333,4.1406),(2,21.8,3.9798),(2,21.86666667,3.9798),(2,21.93333333,3.9798),(2,22,3.9798),(2,22.06666667,0.02),(2,22.13333333,0.02),(2,22.2,0.02),(2,22.26666667,0.02),(2,22.33333333,0.02),(2,22.4,0.02),(2,22.46666667,0.02),(2,22.53333333,0.02),(2,22.6,0.02),(2,22.66666667,0.02),(2,22.73333333,0.02),(2,22.8,0.02),(2,22.86666667,0.02),(2,22.93333333,0.02),(2,23,0.02),(2,23.06666667,0.02),(2,23.13333333,0.02),(2,23.2,0.02),(2,23.26666667,0.02),(2,23.33333333,0.02),(2,23.4,0.02),(2,23.46666667,0.02),(2,23.53333333,0.02),(2,23.6,0.02),(2,23.66666667,0.02),(2,23.73333333,0.02),(2,23.8,0.02),(2,23.86666667,0.02),(2,23.93333333,0.02),(2,24,0.02),(2,24.06666667,70.9128),(2,24.13333333,70.9128),(2,24.2,70.9128),(2,24.26666667,70.6314),(2,24.33333333,70.6314),(2,24.4,70.6314),(2,24.46666667,70.6314),(2,24.53333333,70.6314),(2,24.6,70.6314),(2,24.66666667,70.6314),(2,24.73333333,70.6314),(2,24.8,0.02),(2,24.86666667,0.02),(2,24.93333333,0.02),(2,25,0.02),(2,25.06666667,0.02),(2,25.13333333,0.02),(2,25.2,0.02),(2,25.26666667,0.02),(2,25.33333333,0.02),(2,25.4,0.02),(2,25.46666667,0.02),(2,25.53333333,0.02),(2,25.6,0.02),(2,25.66666667,0.02),(2,25.73333333,0.02),(2,25.8,0.02),(2,25.86666667,0.02),(2,25.93333333,0.02),(2,26,0.02),(2,26.06666667,0.02),(2,26.13333333,0.02),(2,26.2,0.02),(2,26.26666667,0.02),(2,26.33333333,0.02),(2,26.4,0.02),(2,26.46666667,0.02),(2,26.53333333,0.02),(2,26.6,0.02),(2,26.66666667,0.02),(2,26.73333333,0.02),(2,26.8,0.02),(2,26.86666667,0.02),(2,26.93333333,0.02),(2,27,0.02),(2,27.06666667,0.02),(2,27.13333333,0.02),(2,27.2,0.02),(2,27.26666667,0.02),(2,27.33333333,0.02),(2,27.4,0.02),(2,27.46666667,0.02),(2,27.53333333,0.02),(2,27.6,0.02),(2,27.66666667,0.02),(2,27.73333333,0.02),(2,27.8,0.02),(2,27.86666667,0.02),(2,27.93333333,0.02),(2,28,0.02),(2,28.06666667,70.6314),(2,28.13333333,70.6314),(2,28.2,70.6314),(2,28.26666667,70.2294),(2,28.33333333,70.2294),(2,28.4,70.2294),(2,28.46666667,70.2294),(2,28.53333333,70.4304),(2,28.6,70.4304),(2,28.66666667,70.4304),(2,28.73333333,70.4304),(2,28.8,70.551),(2,28.86666667,70.551),(2,28.93333333,70.551),(2,29,70.551),(2,29.06666667,70.5108),(2,29.13333333,70.5108),(2,29.2,70.5108),(2,29.26666667,70.7118),(2,29.33333333,70.7118),(2,29.4,70.7118),(2,29.46666667,70.7118),(2,29.53333333,70.7118),(2,29.6,70.7118),(2,29.66666667,70.7118),(2,29.73333333,70.7118),(2,29.8,70.8726),(2,29.86666667,70.8726),(2,29.93333333,70.8726),(2,30,70.8726),(2,30.06666667,70.3098),(2,30.13333333,70.3098),(2,30.2,70.3098),(2,30.26666667,70.4706),(2,30.33333333,70.4706),(2,30.4,70.4706),(2,30.46666667,70.4706),(2,30.53333333,70.3902),(2,30.6,70.3902),(2,30.66666667,70.3902),(2,30.73333333,70.3902),(2,30.8,71.1138),(2,30.86666667,71.1138),(2,30.93333333,71.1138),(2,31,71.1138),(2,31.06666667,71.3148),(2,31.13333333,71.3148),(2,31.2,71.3148),(2,31.26666667,71.7168),(2,31.33333333,71.7168),(2,31.4,71.7168),(2,31.46666667,71.7168),(2,31.53333333,71.6766),(2,31.6,71.6766),(2,31.66666667,71.6766),(2,31.73333333,71.6766),(2,31.8,71.1138),(2,31.86666667,71.1138),(2,31.93333333,71.1138),(2,32,71.1138),(2,32.06666667,71.0736),(2,32.13333333,71.0736),(2,32.2,71.0736),(2,32.26666667,70.953),(2,32.33333333,70.953),(2,32.4,70.953),(2,32.46666667,70.953),(2,32.53333333,70.6314),(2,32.6,70.6314),(2,32.66666667,70.6314),(2,32.73333333,70.6314),(2,32.8,0.02),(2,32.86666667,0.02),(2,32.93333333,0.02),(2,33,0.02),(2,33.06666667,0.02),(2,33.13333333,0.02),(2,33.2,0.02),(2,33.26666667,0.02),(2,33.33333333,0.02),(2,33.4,0.02),(2,33.46666667,0.02),(2,33.53333333,0.02),(2,33.6,0.02),(2,33.66666667,0.02),(2,33.73333333,0.02),(2,33.8,0.02),(2,33.86666667,0.02),(2,33.93333333,0.02),(2,34,0.02),(2,34.06666667,0.02),(2,34.13333333,0.02),(2,34.2,0.02),(2,34.26666667,0.02),(2,34.33333333,0.02),(2,34.4,0.02),(2,34.46666667,0.02),(2,34.53333333,0.02),(2,34.6,0.02),(2,34.66666667,0.02),(2,34.73333333,0.02),(2,34.8,71.5158),(2,34.86666667,71.5158),(2,34.93333333,71.5158),(2,35,71.5158),(2,35.06666667,71.3148),(2,35.13333333,71.3148),(2,35.2,71.3148),(2,35.26666667,70.752),(2,35.33333333,70.752),(2,35.4,70.752),(2,35.46666667,70.752),(2,35.53333333,70.8324),(2,35.6,70.8324),(2,35.66666667,70.8324),(2,35.73333333,70.8324),(2,35.8,71.0736),(2,35.86666667,71.0736),(2,35.93333333,71.0736),(2,36,71.0736),(2,36.06666667,70.8324),(2,36.13333333,70.8324),(2,36.2,70.8324),(2,36.26666667,72.159),(2,36.33333333,72.159),(2,36.4,72.159),(2,36.46666667,72.159),(2,36.53333333,71.7168),(2,36.6,71.7168),(2,36.66666667,71.7168),(2,36.73333333,71.7168),(2,36.8,70.9128),(2,36.86666667,70.9128),(2,36.93333333,70.9128),(2,37,70.9128),(2,37.06666667,71.7972),(2,37.13333333,71.7972),(2,37.2,71.7972),(2,37.26666667,71.757),(2,37.33333333,71.757),(2,37.4,71.757),(2,37.46666667,71.757),(2,37.53333333,70.9128),(2,37.6,70.9128),(2,37.66666667,70.9128),(2,37.73333333,70.9128),(2,37.8,0.02),(2,37.86666667,0.02),(2,37.93333333,0.02),(2,38,0.02),(2,38.06666667,0.02),(2,38.13333333,0.02),(2,38.2,0.02),(2,38.26666667,0.02),(2,38.33333333,0.02),(2,38.4,0.02),(2,38.46666667,0.02),(2,38.53333333,0.02),(2,38.6,0.02),(2,38.66666667,0.02),(2,38.73333333,0.02),(2,38.8,0.02),(2,38.86666667,0.02),(2,38.93333333,0.02),(2,39,0.02),(2,39.06666667,0.02),(2,39.13333333,0.02),(2,39.2,0.02),(2,39.26666667,0.02),(2,39.33333333,0.02),(2,39.4,0.02),(2,39.46666667,0.02),(2,39.53333333,0.02),(2,39.6,0.02),(2,39.66666667,0.02),(2,39.73333333,0.02),(2,39.8,0.02),(2,39.86666667,0.02),(2,39.93333333,0.02),(2,40,0.02),(2,40.06666667,0.02),(2,40.13333333,0.02),(2,40.2,0.02),(2,40.26666667,0.02),(2,40.33333333,0.02),(2,40.4,0.02),(2,40.46666667,0.02),(2,40.53333333,0.02),(2,40.6,0.02),(2,40.66666667,0.02),(2,40.73333333,0.02),(2,40.8,0.02),(2,40.86666667,0.02),(2,40.93333333,0.02),(2,41,0.02),(2,41.06666667,0.02),(2,41.13333333,0.02),(2,41.2,0.02),(2,41.26666667,0.02),(2,41.33333333,0.02),(2,41.4,0.02),(2,41.46666667,0.02),(2,41.53333333,0.02),(2,41.6,0.02),(2,41.66666667,0.02),(2,41.73333333,0.02),(2,41.8,0.02),(2,41.86666667,0.02),(2,41.93333333,0.02),(2,42,0.02),(2,42.06666667,70.5108),(2,42.13333333,70.5108),(2,42.2,70.5108),(2,42.26666667,70.7922),(2,42.33333333,70.7922),(2,42.4,70.7922),(2,42.46666667,70.7922),(2,42.53333333,70.551),(2,42.6,70.551),(2,42.66666667,70.551),(2,42.73333333,70.551),(2,42.8,70.6314),(2,42.86666667,70.6314),(2,42.93333333,70.6314),(2,43,70.6314),(2,43.06666667,70.752),(2,43.13333333,70.752),(2,43.2,70.752),(2,43.26666667,71.0736),(2,43.33333333,71.0736),(2,43.4,71.0736),(2,43.46666667,71.0736),(2,43.53333333,70.6716),(2,43.6,70.6716),(2,43.66666667,70.6716),(2,43.73333333,70.6716),(2,43.8,70.3098),(2,43.86666667,70.3098),(2,43.93333333,70.3098),(2,44,70.3098),(2,44.06666667,70.6314),(2,44.13333333,70.6314),(2,44.2,70.6314),(2,44.26666667,70.551),(2,44.33333333,70.551),(2,44.4,70.551),(2,44.46666667,70.551),(2,44.53333333,70.4706),(2,44.6,70.4706),(2,44.66666667,70.4706),(2,44.73333333,70.4706),(2,44.8,70.35),(2,44.86666667,70.35),(2,44.93333333,70.35),(2,45,70.35),(2,45.06666667,70.4706),(2,45.13333333,70.4706),(2,45.2,70.4706),(2,45.26666667,70.6716),(2,45.33333333,70.6716),(2,45.4,70.6716),(2,45.46666667,70.6716),(2,45.53333333,70.5912),(2,45.6,70.5912),(2,45.66666667,70.5912),(2,45.73333333,70.5912),(2,45.8,71.1942),(2,45.86666667,71.1942),(2,45.93333333,71.1942),(2,46,71.1942),(2,46.06666667,70.5912),(2,46.13333333,70.5912),(2,46.2,70.5912),(2,46.26666667,0.02),(2,46.33333333,0.02),(2,46.4,0.02),(2,46.46666667,0.02),(2,46.53333333,0.02),(2,46.6,0.02),(2,46.66666667,0.02),(2,46.73333333,0.02),(2,46.8,0.02),(2,46.86666667,0.02),(2,46.93333333,0.02),(2,47,0.02),(2,47.06666667,0.02),(2,47.13333333,0.02),(2,47.2,0.02),(2,47.26666667,0.02),(2,47.33333333,0.02),(2,47.4,0.02),(2,47.46666667,0.02),(2,47.53333333,0.02),(2,47.6,0.02),(2,47.66666667,0.02),(2,47.73333333,0.02),(2,47.8,0.02),(2,47.86666667,0.02),(2,47.93333333,0.02),(2,48,0.02),(2,48.06666667,0.02),(2,48.13333333,0.02),(2,48.2,0.02),(2,48.26666667,0.02),(2,48.33333333,0.02),(2,48.4,0.02),(2,48.46666667,0.02),(2,48.53333333,0.02),(2,48.6,0.02),(2,48.66666667,0.02),(2,48.73333333,0.02),(2,48.8,0.02),(2,48.86666667,0.02),(2,48.93333333,0.02),(2,49,0.02),(2,49.06666667,0.02),(2,49.13333333,0.02),(2,49.2,0.02),(2,49.26666667,0.02),(2,49.33333333,0.02),(2,49.4,0.02),(2,49.46666667,0.02),(2,49.53333333,70.4706),(2,49.6,70.4706),(2,49.66666667,70.4706),(2,49.73333333,70.4706),(2,49.8,70.551),(2,49.86666667,70.551),(2,49.93333333,70.551),(2,50,70.551),(2,50.06666667,70.4304),(2,50.13333333,70.4304),(2,50.2,70.4304),(2,50.26666667,70.7118),(2,50.33333333,70.7118),(2,50.4,70.7118),(2,50.46666667,70.7118),(2,50.53333333,71.5962),(2,50.6,71.5962),(2,50.66666667,71.5962),(2,50.73333333,71.5962),(2,50.8,72.1992),(2,50.86666667,72.1992),(2,50.93333333,72.1992),(2,51,72.1992),(2,51.06666667,71.8776),(2,51.13333333,71.8776),(2,51.2,71.8776),(2,51.26666667,71.3952),(2,51.33333333,71.3952),(2,51.4,71.3952),(2,51.46666667,71.3952),(2,51.53333333,70.3902),(2,51.6,70.3902),(2,51.66666667,70.3902),(2,51.73333333,70.3902),(2,51.8,70.5108),(2,51.86666667,70.5108),(2,51.93333333,70.5108),(2,52,70.5108),(2,52.06666667,70.5108),(2,52.13333333,70.5108),(2,52.2,70.5108),(2,52.26666667,70.8324),(2,52.33333333,70.8324),(2,52.4,70.8324),(2,52.46666667,70.8324),(2,52.53333333,70.752),(2,52.6,70.752),(2,52.66666667,70.752),(2,52.73333333,70.752),(2,52.8,70.752),(2,52.86666667,70.752),(2,52.93333333,70.752),(2,53,70.752),(2,53.06666667,70.9128),(2,53.13333333,70.9128),(2,53.2,70.9128),(2,53.26666667,70.9932),(2,53.33333333,70.9932),(2,53.4,70.9932),(2,53.46666667,70.9932),(2,53.53333333,70.7922),(2,53.6,70.7922),(2,53.66666667,70.7922),(2,53.73333333,70.7922),(2,53.8,70.6716),(2,53.86666667,70.6716),(2,53.93333333,70.6716),(2,54,70.6716),(2,54.06666667,70.8324),(2,54.13333333,70.8324),(2,54.2,70.8324),(2,54.26666667,71.3952),(2,54.33333333,71.3952),(2,54.4,71.3952),(2,54.46666667,71.3952),(2,54.53333333,72.0384),(2,54.6,72.0384),(2,54.66666667,72.0384),(2,54.73333333,72.0384),(2,54.8,72.1992),(2,54.86666667,72.1992),(2,54.93333333,72.1992),(2,55,72.1992),(2,55.06666667,72.1992),(2,55.13333333,72.1992),(2,55.2,72.1992),(2,55.26666667,71.6364),(2,55.33333333,71.6364),(2,55.4,71.6364),(2,55.46666667,71.6364),(2,55.53333333,0.02),(2,55.6,0.02),(2,55.66666667,0.02),(2,55.73333333,0.02),(2,55.8,0.02),(2,55.86666667,0.02),(2,55.93333333,0.02),(2,56,0.02),(2,56.06666667,0.02),(2,56.13333333,0.02),(2,56.2,0.02),(2,56.26666667,0.02),(2,56.33333333,0.02),(2,56.4,0.02),(2,56.46666667,0.02),(2,56.53333333,0.02),(2,56.6,0.02),(2,56.66666667,0.02),(2,56.73333333,0.02),(2,56.8,0.02),(2,56.86666667,0.02),(2,56.93333333,0.02),(2,57,0.02),(2,57.06666667,0.02),(2,57.13333333,0.02),(2,57.2,0.02),(2,57.26666667,0.02),(2,57.33333333,0.02),(2,57.4,0.02),(2,57.46666667,0.02),(2,57.53333333,70.953),(2,57.6,70.953),(2,57.66666667,70.953),(2,57.73333333,70.953),(2,57.8,70.9932),(2,57.86666667,70.9932),(2,57.93333333,70.9932),(2,58,70.9932),(2,58.06666667,70.752),(2,58.13333333,70.752),(2,58.2,70.752),(2,58.26666667,71.355),(2,58.33333333,71.355),(2,58.4,71.355),(2,58.46666667,71.355),(2,58.53333333,70.6314),(2,58.6,70.6314),(2,58.66666667,70.6314),(2,58.73333333,70.6314),(2,58.8,70.9128),(2,58.86666667,70.9128),(2,58.93333333,70.9128),(2,59,70.9128),(2,59.06666667,70.8726),(2,59.13333333,70.8726),(2,59.2,70.8726),(2,59.26666667,70.551),(2,59.33333333,70.551),(2,59.4,70.551),(2,59.46666667,70.551),(2,59.53333333,70.8324),(2,59.6,70.8324),(2,59.66666667,70.8324),(2,59.73333333,70.8324),(2,59.8,71.8776),(2,59.86666667,71.8776),(2,59.93333333,71.8776),(2,60,71.8776),(2,60.06666667,71.8776),(2,60.13333333,71.8776),(2,60.2,71.8776),(2,60.26666667,0.02),(2,60.33333333,0.02),(2,60.4,0.02),(2,60.46666667,0.02),(2,60.53333333,0.02),(2,60.6,0.02),(2,60.66666667,0.02),(2,60.73333333,0.02),(2,60.8,0.02),(2,60.86666667,0.02),(2,60.93333333,0.02),(2,61,0.02),(2,61.06666667,0.02),(2,61.13333333,0.02),(2,61.2,0.02),(2,61.26666667,0.02),(2,61.33333333,0.02),(2,61.4,0.02),(2,61.46666667,0.02),(2,61.53333333,0.02),(2,61.6,0.02),(2,61.66666667,0.02),(2,61.73333333,0.02),(2,61.8,0.02),(2,61.86666667,0.02),(2,61.93333333,0.02),(2,62,0.02),(2,62.06666667,0.02),(2,62.13333333,0.02),(2,62.2,0.02),(2,62.26666667,0.02),(2,62.33333333,0.02),(2,62.4,0.02),(2,62.46666667,0.02),(2,62.53333333,0.02),(2,62.6,0.02),(2,62.66666667,0.02),(2,62.73333333,0.02),(2,62.8,0.02),(2,62.86666667,0.02),(2,62.93333333,0.02),(2,63,0.02),(2,63.06666667,0.02),(2,63.13333333,0.02),(2,63.2,0.02),(2,63.26666667,0.02),(2,63.33333333,0.02),(2,63.4,0.02),(2,63.46666667,0.02),(2,63.53333333,0.02),(2,63.6,0.02),(2,63.66666667,0.02),(2,63.73333333,0.02),(2,63.8,4.5024),(2,63.86666667,4.5024),(2,63.93333333,4.5024),(2,64,4.5024),(2,64.06666667,4.6632),(2,64.13333333,4.6632),(2,64.2,4.6632),(2,64.26666667,4.422),(2,64.33333333,4.422),(2,64.4,4.422),(2,64.46666667,4.422),(2,64.53333333,4.4622),(2,64.6,4.4622),(2,64.66666667,4.4622),(2,64.73333333,4.4622),(2,64.8,4.2612),(2,64.86666667,4.2612),(2,64.93333333,4.2612),(2,65,4.2612),(2,65.06666667,5.3064),(2,65.13333333,5.3064),(2,65.2,5.3064),(2,65.26666667,4.5024),(2,65.33333333,4.5024),(2,65.4,4.5024),(2,65.46666667,4.5024),(2,65.53333333,4.3416),(2,65.6,4.3416),(2,65.66666667,4.3416),(2,65.73333333,4.3416),(2,65.8,4.3014),(2,65.86666667,4.3014),(2,65.93333333,4.3014),(2,66,4.3014),(2,66.06666667,4.2612),(2,66.13333333,4.2612),(2,66.2,4.2612),(2,66.26666667,5.0652),(2,66.33333333,5.0652),(2,66.4,5.0652),(2,66.46666667,5.0652),(2,66.53333333,5.427),(2,66.6,5.427),(2,66.66666667,5.427),(2,66.73333333,5.427),(2,66.8,4.9848),(2,66.86666667,4.9848),(2,66.93333333,4.9848),(2,67,4.9848),(2,67.06666667,6.834),(2,67.13333333,6.834),(2,67.2,6.834),(2,67.26666667,52.0992),(2,67.33333333,52.0992),(2,67.4,52.0992),(2,67.46666667,52.0992),(2,67.53333333,0.02),(2,67.6,0.02),(2,67.66666667,0.02),(2,67.73333333,0.02),(2,67.8,0.02),(2,67.86666667,0.02),(2,67.93333333,0.02),(2,68,0.02),(2,68.06666667,0.02),(2,68.13333333,0.02),(2,68.2,0.02),(2,68.26666667,0.02),(2,68.33333333,0.02),(2,68.4,0.02),(2,68.46666667,0.02),(2,68.53333333,0.02),(2,68.6,0.02),(2,68.66666667,0.02),(2,68.73333333,0.02),(2,68.8,0.02),(2,68.86666667,0.02),(2,68.93333333,0.02),(2,69,0.02),(2,69.06666667,0.02),(2,69.13333333,0.02),(2,69.2,0.02),(2,69.26666667,0.02),(2,69.33333333,0.02),(2,69.4,0.02),(2,69.46666667,0.02),(2,69.53333333,71.0334),(2,69.6,71.0334),(2,69.66666667,71.0334),(2,69.73333333,71.0334),(2,69.8,70.9932),(2,69.86666667,70.9932),(2,69.93333333,70.9932),(2,70,70.9932),(2,70.06666667,70.551),(2,70.13333333,70.551),(2,70.2,70.551),(2,70.26666667,70.6716),(2,70.33333333,70.6716),(2,70.4,70.6716),(2,70.46666667,70.6716),(2,70.53333333,70.6314),(2,70.6,70.6314),(2,70.66666667,70.6314),(2,70.73333333,70.6314),(2,70.8,70.7922),(2,70.86666667,70.7922),(2,70.93333333,70.7922),(2,71,70.7922),(2,71.06666667,70.953),(2,71.13333333,70.953),(2,71.2,70.953),(2,71.26666667,70.5912),(2,71.33333333,70.5912),(2,71.4,70.5912),(2,71.46666667,70.5912),(2,71.53333333,70.8726),(2,71.6,70.8726),(2,71.66666667,70.8726),(2,71.73333333,70.8726),(2,71.8,70.4304),(2,71.86666667,70.4304),(2,71.93333333,70.4304),(2,72,70.4304),(2,72.06666667,72.1188),(2,72.13333333,72.1188),(2,72.2,72.1188),(2,72.26666667,71.1138),(2,72.33333333,71.1138),(2,72.4,71.1138),(2,72.46666667,71.1138),(2,72.53333333,71.3148),(2,72.6,71.3148),(2,72.66666667,71.3148),(2,72.73333333,71.3148),(2,72.8,71.1942),(2,72.86666667,71.1942),(2,72.93333333,71.1942),(2,73,71.1942),(2,73.06666667,71.355),(2,73.13333333,71.355),(2,73.2,71.355),(2,73.26666667,71.154),(2,73.33333333,71.154),(2,73.4,71.154),(2,73.46666667,71.154),(2,73.53333333,71.3148),(2,73.6,71.3148),(2,73.66666667,71.3148),(2,73.73333333,71.3148),(2,73.8,71.1942),(2,73.86666667,71.1942),(2,73.93333333,71.1942),(2,74,71.1942),(2,74.06666667,71.2344),(2,74.13333333,71.2344),(2,74.2,71.2344),(2,74.26666667,71.6766),(2,74.33333333,71.6766),(2,74.4,71.6766),(2,74.46666667,71.6766),(2,74.53333333,71.0736),(2,74.6,71.0736),(2,74.66666667,71.0736),(2,74.73333333,71.0736),(2,74.8,71.3952),(2,74.86666667,71.3952),(2,74.93333333,71.3952),(2,75,71.3952),(2,75.06666667,71.2746),(2,75.13333333,71.2746),(2,75.2,71.2746),(2,75.26666667,71.355),(2,75.33333333,71.355),(2,75.4,71.355),(2,75.46666667,71.355),(2,75.53333333,70.9932),(2,75.6,70.9932),(2,75.66666667,70.9932),(2,75.73333333,70.9932),(2,75.8,72.3198),(2,75.86666667,72.3198),(2,75.93333333,72.3198),(2,76,72.3198),(2,76.06666667,72.36),(2,76.13333333,72.36),(2,76.2,72.36),(2,76.26666667,72.561),(2,76.33333333,72.561),(2,76.4,72.561),(2,76.46666667,72.561),(2,76.53333333,72.3198),(2,76.6,72.3198),(2,76.66666667,72.3198),(2,76.73333333,72.3198),(2,76.8,72.1992),(2,76.86666667,72.1992),(2,76.93333333,72.1992),(2,77,72.1992),(2,77.06666667,72.3198),(2,77.13333333,72.3198),(2,77.2,72.3198),(2,77.26666667,72.561),(2,77.33333333,72.561),(2,77.4,72.561),(2,77.46666667,72.561),(2,77.53333333,72.2394),(2,77.6,72.2394),(2,77.66666667,72.2394),(2,77.73333333,72.2394),(2,77.8,71.8374),(2,77.86666667,71.8374),(2,77.93333333,71.8374),(2,78,71.8374),(2,78.06666667,71.1942),(2,78.13333333,71.1942),(2,78.2,71.1942),(2,78.26666667,71.0736),(2,78.33333333,71.0736),(2,78.4,71.0736),(2,78.46666667,71.0736),(2,78.53333333,71.0334),(2,78.6,71.0334),(2,78.66666667,71.0334),(2,78.73333333,71.0334),(2,78.8,70.9932),(2,78.86666667,70.9932),(2,78.93333333,70.9932),(2,79,70.9932),(2,79.06666667,71.5158),(2,79.13333333,71.5158),(2,79.2,71.5158),(2,79.26666667,71.1942),(2,79.33333333,71.1942),(2,79.4,71.1942),(2,79.46666667,71.1942),(2,79.53333333,74.571),(2,79.6,74.571),(2,79.66666667,74.571),(2,79.73333333,74.571),(2,79.8,75.0534),(2,79.86666667,75.0534),(2,79.93333333,75.0534),(2,80,75.0534),(2,80.06666667,74.4906),(2,80.13333333,74.4906),(2,80.2,74.4906),(2,80.26666667,74.4504),(2,80.33333333,74.4504),(2,80.4,74.4504),(2,80.46666667,74.4504),(2,80.53333333,75.9378),(2,80.6,75.9378),(2,80.66666667,75.9378),(2,80.73333333,75.9378),(2,80.8,89.3244),(2,80.86666667,89.3244),(2,80.93333333,89.3244),(2,81,89.3244),(2,81.06666667,36.8634),(2,81.13333333,36.8634),(2,81.2,36.8634),(2,81.26666667,0.02),(2,81.33333333,0.02),(2,81.4,0.02),(2,81.46666667,0.02),(2,81.53333333,0.02),(2,81.6,0.02),(2,81.66666667,0.02),(2,81.73333333,0.02),(2,81.8,0.02),(2,81.86666667,0.02),(2,81.93333333,0.02),(2,82,0.02),(2,82.06666667,0.02),(2,82.13333333,0.02),(2,82.2,0.02),(2,82.26666667,0.02),(2,82.33333333,0.02),(2,82.4,0.02),(2,82.46666667,0.02),(2,82.53333333,0.02),(2,82.6,0.02),(2,82.66666667,0.02),(2,82.73333333,0.02),(2,82.8,0.02),(2,82.86666667,0.02),(2,82.93333333,0.02),(2,83,0.02),(2,83.06666667,0.02),(2,83.13333333,0.02),(2,83.2,0.02),(2,83.26666667,0.02),(2,83.33333333,0.02),(2,83.4,0.02),(2,83.46666667,0.02),(2,83.53333333,0.02),(2,83.6,0.02),(2,83.66666667,0.02),(2,83.73333333,0.02),(2,83.8,0.02),(2,83.86666667,0.02),(2,83.93333333,0.02),(2,84,0.02),(2,84.06666667,0.02),(2,84.13333333,0.02),(2,84.2,0.02),(2,84.26666667,0.02),(2,84.33333333,0.02),(2,84.4,0.02),(2,84.46666667,0.02),(2,84.53333333,0.02),(2,84.6,0.02),(2,84.66666667,0.02),(2,84.73333333,0.02),(2,84.8,0.02),(2,84.86666667,0.02),(2,84.93333333,0.02),(2,85,0.02),(2,85.06666667,0.02),(2,85.13333333,0.02),(2,85.2,0.02),(2,85.26666667,7.5978),(2,85.33333333,7.5978),(2,85.4,7.5978),(2,85.46666667,7.5978),(2,85.53333333,7.3164),(2,85.6,7.3164),(2,85.66666667,7.3164),(2,85.73333333,7.3164),(2,85.8,11.859),(2,85.86666667,11.859),(2,85.93333333,11.859),(2,86,11.859),(2,86.06666667,60.5814),(2,86.13333333,60.5814),(2,86.2,60.5814),(2,86.26666667,74.6112),(2,86.33333333,74.6112),(2,86.4,74.6112),(2,86.46666667,74.6112),(2,86.53333333,73.8876),(2,86.6,73.8876),(2,86.66666667,73.8876),(2,86.73333333,73.8876),(2,86.8,74.2092),(2,86.86666667,74.2092),(2,86.93333333,74.2092),(2,87,74.2092),(2,87.06666667,75.174),(2,87.13333333,75.174),(2,87.2,75.174),(2,87.26666667,74.169),(2,87.33333333,74.169),(2,87.4,74.169),(2,87.46666667,74.169),(2,87.53333333,73.8072),(2,87.6,73.8072),(2,87.66666667,73.8072),(2,87.73333333,73.8072),(2,87.8,73.6866),(2,87.86666667,73.6866),(2,87.93333333,73.6866),(2,88,73.6866),(2,88.06666667,74.6916),(2,88.13333333,74.6916),(2,88.2,74.6916),(2,88.26666667,74.571),(2,88.33333333,74.571),(2,88.4,74.571),(2,88.46666667,74.571),(2,88.53333333,74.1288),(2,88.6,74.1288),(2,88.66666667,74.1288),(2,88.73333333,74.1288),(2,88.8,73.5258),(2,88.86666667,73.5258),(2,88.93333333,73.5258),(2,89,73.5258),(2,89.06666667,0.02),(2,89.13333333,0.02),(2,89.2,0.02),(2,89.26666667,0.02),(2,89.33333333,0.02),(2,89.4,0.02),(2,89.46666667,0.02),(2,89.53333333,0.02),(2,89.6,0.02),(2,89.66666667,0.02),(2,89.73333333,0.02),(2,89.8,0.02),(2,89.86666667,0.02),(2,89.93333333,0.02),(2,90,0.02),(2,90.06666667,0.02),(2,90.13333333,0.02),(2,90.2,0.02),(2,90.26666667,0.02),(2,90.33333333,0.02),(2,90.4,0.02),(2,90.46666667,0.02),(2,90.53333333,0.02),(2,90.6,0.02),(2,90.66666667,0.02),(2,90.73333333,0.02),(2,90.8,0.02),(2,90.86666667,0.02),(2,90.93333333,0.02),(2,91,0.02),(2,91.06666667,0.02),(2,91.13333333,0.02),(2,91.2,0.02),(2,91.26666667,73.2042),(2,91.33333333,73.2042),(2,91.4,73.2042),(2,91.46666667,73.2042),(2,91.53333333,72.963),(2,91.6,72.963),(2,91.66666667,72.963),(2,91.73333333,72.963),(2,91.8,73.164),(2,91.86666667,73.164),(2,91.93333333,73.164),(2,92,73.164),(2,92.06666667,72.8826),(2,92.13333333,72.8826),(2,92.2,72.8826),(2,92.26666667,73.8876),(2,92.33333333,73.8876),(2,92.4,73.8876),(2,92.46666667,73.8876),(2,92.53333333,73.8876),(2,92.6,73.8876),(2,92.66666667,73.8876),(2,92.73333333,73.8876),(2,92.8,74.5308),(2,92.86666667,74.5308),(2,92.93333333,74.5308),(2,93,74.5308),(2,93.06666667,73.968),(2,93.13333333,73.968),(2,93.2,73.968),(2,93.26666667,73.5258),(2,93.33333333,73.5258),(2,93.4,73.5258),(2,93.46666667,73.5258),(2,93.53333333,73.365),(2,93.6,73.365),(2,93.66666667,73.365),(2,93.73333333,73.365),(2,93.8,73.3248),(2,93.86666667,73.3248),(2,93.93333333,73.3248),(2,94,73.3248),(2,94.06666667,73.365),(2,94.13333333,73.365),(2,94.2,73.365),(2,94.26666667,0.02),(2,94.33333333,0.02),(2,94.4,0.02),(2,94.46666667,0.02),(2,94.53333333,0.02),(2,94.6,0.02),(2,94.66666667,0.02),(2,94.73333333,0.02),(2,94.8,0.02),(2,94.86666667,0.02),(2,94.93333333,0.02),(2,95,0.02),(2,95.06666667,0.02),(2,95.13333333,0.02),(2,95.2,0.02),(2,95.26666667,0.02),(2,95.33333333,0.02),(2,95.4,0.02),(2,95.46666667,0.02),(2,95.53333333,0.02),(2,95.6,0.02),(2,95.66666667,0.02),(2,95.73333333,0.02),(2,95.8,0.02),(2,95.86666667,0.02),(2,95.93333333,0.02),(2,96,0.02),(2,96.06666667,0.02),(2,96.13333333,0.02),(2,96.2,0.02),(2,96.26666667,0.02),(2,96.33333333,0.02),(2,96.4,0.02),(2,96.46666667,0.02),(2,96.53333333,0.02),(2,96.6,0.02),(2,96.66666667,0.02),(2,96.73333333,0.02),(2,96.8,0.02),(2,96.86666667,0.02),(2,96.93333333,0.02),(2,97,0.02),(2,97.06666667,70.3902),(2,97.13333333,70.3902),(2,97.2,70.3902),(2,97.26666667,70.6314),(2,97.33333333,70.6314),(2,97.4,70.6314),(2,97.46666667,70.6314),(2,97.53333333,70.6314),(2,97.6,70.6314),(2,97.66666667,70.6314),(2,97.73333333,70.6314),(2,97.8,71.1942),(2,97.86666667,71.1942),(2,97.93333333,71.1942),(2,98,71.1942),(2,98.06666667,71.6766),(2,98.13333333,71.6766),(2,98.2,71.6766),(2,98.26666667,71.7972),(2,98.33333333,71.7972),(2,98.4,71.7972),(2,98.46666667,71.7972),(2,98.53333333,71.9178),(2,98.6,71.9178),(2,98.66666667,71.9178),(2,98.73333333,71.9178),(2,98.8,71.6766),(2,98.86666667,71.6766),(2,98.93333333,71.6766),(2,99,71.6766),(2,99.06666667,71.958),(2,99.13333333,71.958),(2,99.2,71.958),(2,99.26666667,71.5962),(2,99.33333333,71.5962),(2,99.4,71.5962),(2,99.46666667,71.5962),(2,99.53333333,71.7972),(2,99.6,71.7972),(2,99.66666667,71.7972),(2,99.73333333,71.7972),(2,99.8,70.8324),(2,99.86666667,70.8324),(2,99.93333333,70.8324),(2,100,70.8324),(2,100.0666667,70.6314),(2,100.1333333,70.6314),(2,100.2,70.6314),(2,100.2666667,70.3902),(2,100.3333333,70.3902),(2,100.4,70.3902),(2,100.4666667,70.3902),(2,100.5333333,70.6716),(2,100.6,70.6716),(2,100.6666667,70.6716),(2,100.7333333,70.6716),(2,100.8,71.1138),(2,100.8666667,71.1138),(2,100.9333333,71.1138),(2,101,71.1138),(2,101.0666667,0.02),(2,101.1333333,0.02),(2,101.2,0.02),(2,101.2666667,0.02),(2,101.3333333,0.02),(2,101.4,0.02),(2,101.4666667,0.02),(2,101.5333333,0.02),(2,101.6,0.02),(2,101.6666667,0.02),(2,101.7333333,0.02),(2,101.8,0.02),(2,101.8666667,0.02),(2,101.9333333,0.02),(2,102,0.02),(2,102.0666667,0.02),(2,102.1333333,0.02),(2,102.2,0.02),(2,102.2666667,0.02),(2,102.3333333,0.02),(2,102.4,0.02),(2,102.4666667,0.02),(2,102.5333333,0.02),(2,102.6,0.02),(2,102.6666667,0.02),(2,102.7333333,0.02),(2,102.8,0.02),(2,102.8666667,0.02),(2,102.9333333,0.02),(2,103,0.02),(2,103.0666667,0.02),(2,103.1333333,0.02),(2,103.2,0.02),(2,103.2666667,0.02),(2,103.3333333,0.02),(2,103.4,0.02),(2,103.4666667,0.02),(2,103.5333333,0.02),(2,103.6,0.02),(2,103.6666667,0.02),(2,103.7333333,0.02),(2,103.8,0.02),(2,103.8666667,0.02),(2,103.9333333,0.02),(2,104,0.02),(2,104.0666667,71.4756),(2,104.1333333,71.4756),(2,104.2,71.4756),(2,104.2666667,0.02),(2,104.3333333,0.02),(2,104.4,0.02),(2,104.4666667,0.02),(2,104.5333333,0.02),(2,104.6,0.02),(2,104.6666667,0.02),(2,104.7333333,0.02),(2,104.8,73.767),(2,104.8666667,73.767),(2,104.9333333,73.767),(2,105,73.767),(2,105.0666667,72.1992),(2,105.1333333,72.1992),(2,105.2,72.1992),(2,105.2666667,71.6766),(2,105.3333333,71.6766),(2,105.4,71.6766),(2,105.4666667,71.6766),(2,105.5333333,71.8776),(2,105.6,71.8776),(2,105.6666667,71.8776),(2,105.7333333,71.8776),(2,105.8,71.9982),(2,105.8666667,71.9982),(2,105.9333333,71.9982),(2,106,71.9982),(2,106.0666667,71.9178),(2,106.1333333,71.9178),(2,106.2,71.9178),(2,106.2666667,71.4756),(2,106.3333333,71.4756),(2,106.4,71.4756),(2,106.4666667,71.4756),(2,106.5333333,70.6716),(2,106.6,70.6716),(2,106.6666667,70.6716),(2,106.7333333,70.6716),(2,106.8,70.953),(2,106.8666667,70.953),(2,106.9333333,70.953),(2,107,70.953),(2,107.0666667,72.4002),(2,107.1333333,72.4002),(2,107.2,72.4002),(2,107.2666667,74.4906),(2,107.3333333,74.4906),(2,107.4,74.4906),(2,107.4666667,74.4906),(2,107.5333333,0.02),(2,107.6,0.02),(2,107.6666667,0.02),(2,107.7333333,0.02),(2,107.8,0.02),(2,107.8666667,0.02),(2,107.9333333,0.02),(2,108,0.02),(2,108.0666667,0.02),(2,108.1333333,0.02),(2,108.2,0.02),(2,108.2666667,0.02),(2,108.3333333,0.02),(2,108.4,0.02),(2,108.4666667,0.02),(2,108.5333333,0.02),(2,108.6,0.02),(2,108.6666667,0.02),(2,108.7333333,0.02),(2,108.8,0.02),(2,108.8666667,0.02),(2,108.9333333,0.02),(2,109,0.02),(2,109.0666667,0.02),(2,109.1333333,0.02),(2,109.2,0.02),(2,109.2666667,0.02),(2,109.3333333,0.02),(2,109.4,0.02),(2,109.4666667,0.02),(2,109.5333333,0.02),(2,109.6,0.02),(2,109.6666667,0.02),(2,109.7333333,0.02),(2,109.8,0.02),(2,109.8666667,0.02),(2,109.9333333,0.02),(2,110,0.02),(2,110.0666667,0.02),(2,110.1333333,0.02),(2,110.2,0.02),(2,110.2666667,0.02),(2,110.3333333,0.02),(2,110.4,0.02),(2,110.4666667,0.02),(2,110.5333333,0.02),(2,110.6,0.02),(2,110.6666667,0.02),(2,110.7333333,0.02),(2,110.8,0.02),(2,110.8666667,0.02),(2,110.9333333,0.02),(2,111,0.02),(2,111.0666667,0.02),(2,111.1333333,0.02),(2,111.2,0.02),(2,111.2666667,71.958),(2,111.3333333,71.958),(2,111.4,71.958),(2,111.4666667,71.958),(2,111.5333333,70.9128),(2,111.6,70.9128),(2,111.6666667,70.9128),(2,111.7333333,70.9128),(2,111.8,70.3902),(2,111.8666667,70.3902),(2,111.9333333,70.3902),(2,112,70.3902),(2,112.0666667,70.5912),(2,112.1333333,70.5912),(2,112.2,70.5912),(2,112.2666667,70.7118),(2,112.3333333,70.7118),(2,112.4,70.7118),(2,112.4666667,70.7118),(2,112.5333333,70.2294),(2,112.6,70.2294),(2,112.6666667,70.2294),(2,112.7333333,70.2294),(2,112.8,70.6314),(2,112.8666667,70.6314),(2,112.9333333,70.6314),(2,113,70.6314),(2,113.0666667,70.3098),(2,113.1333333,70.3098),(2,113.2,70.3098),(2,113.2666667,70.752),(2,113.3333333,70.752),(2,113.4,70.752),(2,113.4666667,70.752),(2,113.5333333,70.3902),(2,113.6,70.3902),(2,113.6666667,70.3902),(2,113.7333333,70.3902),(2,113.8,70.3902),(2,113.8666667,70.3902),(2,113.9333333,70.3902),(2,114,70.3902),(2,114.0666667,70.35),(2,114.1333333,70.35),(2,114.2,70.35),(2,114.2666667,0.02),(2,114.3333333,0.02),(2,114.4,0.02),(2,114.4666667,0.02),(2,114.5333333,0.02),(2,114.6,0.02),(2,114.6666667,0.02),(2,114.7333333,0.02),(2,114.8,0.02),(2,114.8666667,0.02),(2,114.9333333,0.02),(2,115,0.02),(2,115.0666667,0.02),(2,115.1333333,0.02),(2,115.2,0.02),(2,115.2666667,0.02),(2,115.3333333,0.02),(2,115.4,0.02),(2,115.4666667,0.02),(2,115.5333333,0.02),(2,115.6,0.02),(2,115.6666667,0.02),(2,115.7333333,0.02),(2,115.8,0.02),(2,115.8666667,0.02),(2,115.9333333,0.02),(2,116,0.02),(2,116.0666667,0.02),(2,116.1333333,0.02),(2,116.2,0.02),(2,116.2666667,0.02),(2,116.3333333,0.02),(2,116.4,0.02),(2,116.4666667,0.02),(2,116.5333333,0.02),(2,116.6,0.02),(2,116.6666667,0.02),(2,116.7333333,0.02),(2,116.8,0.02),(2,116.8666667,0.02),(2,116.9333333,0.02),(2,117,0.02),(2,117.0666667,0.02),(2,117.1333333,0.02),(2,117.2,0.02),(2,117.2666667,0.02),(2,117.3333333,0.02),(2,117.4,0.02),(2,117.4666667,0.02),(2,117.5333333,70.5912),(2,117.6,70.5912),(2,117.6666667,70.5912),(2,117.7333333,70.5912),(2,117.8,69.948),(2,117.8666667,69.948),(2,117.9333333,69.948),(2,118,69.948),(2,118.0666667,71.3148),(2,118.1333333,71.3148),(2,118.2,71.3148),(2,118.2666667,71.2746),(2,118.3333333,71.2746),(2,118.4,71.2746),(2,118.4666667,71.2746),(2,118.5333333,70.5912),(2,118.6,70.5912),(2,118.6666667,70.5912),(2,118.7333333,70.5912),(2,118.8,70.35),(2,118.8666667,70.35),(2,118.9333333,70.35),(2,119,70.35),(2,119.0666667,70.5108),(2,119.1333333,70.5108),(2,119.2,70.5108),(2,119.2666667,70.3098),(2,119.3333333,70.3098),(2,119.4,70.3098),(2,119.4666667,70.3098),(2,119.5333333,70.35),(2,119.6,70.35),(2,119.6666667,70.35),(2,119.7333333,70.35),(2,119.8,70.3098),(2,119.8666667,70.3098),(2,119.9333333,70.3098),(2,120,70.3098),(2,120.0666667,0.02),(2,120.1333333,0.02),(2,120.2,0.02),(2,120.2666667,0.02),(2,120.3333333,0.02),(2,120.4,0.02),(2,120.4666667,0.02),(2,120.5333333,0.02),(2,120.6,0.02),(2,120.6666667,0.02),(2,120.7333333,0.02),(2,120.8,0.02),(2,120.8666667,0.02),(2,120.9333333,0.02),(2,121,0.02),(2,121.0666667,0.02),(2,121.1333333,0.02),(2,121.2,0.02),(2,121.2666667,67.6566),(2,121.3333333,67.6566),(2,121.4,67.6566),(2,121.4666667,67.6566),(2,121.5333333,71.0334),(2,121.6,71.0334),(2,121.6666667,71.0334),(2,121.7333333,71.0334),(2,121.8,71.757),(2,121.8666667,71.757),(2,121.9333333,71.757),(2,122,71.757),(2,122.0666667,71.3952),(2,122.1333333,71.3952),(2,122.2,71.3952),(2,122.2666667,71.3952),(2,122.3333333,71.3952),(2,122.4,71.3952),(2,122.4666667,71.3952),(2,122.5333333,72.6012),(2,122.6,72.6012),(2,122.6666667,72.6012),(2,122.7333333,72.6012),(2,122.8,71.5962),(2,122.8666667,71.5962),(2,122.9333333,71.5962),(2,123,71.5962),(2,123.0666667,71.1942),(2,123.1333333,71.1942),(2,123.2,71.1942),(2,123.2666667,71.0736),(2,123.3333333,71.0736),(2,123.4,71.0736),(2,123.4666667,71.0736),(2,123.5333333,70.9932),(2,123.6,70.9932),(2,123.6666667,70.9932),(2,123.7333333,70.9932),(2,123.8,70.9932),(2,123.8666667,70.9932),(2,123.9333333,70.9932),(2,124,70.9932),(2,124.0666667,70.953),(2,124.1333333,70.953),(2,124.2,70.953),(2,124.2666667,71.1942),(2,124.3333333,71.1942),(2,124.4,71.1942),(2,124.4666667,71.1942),(2,124.5333333,70.8324),(2,124.6,70.8324),(2,124.6666667,70.8324),(2,124.7333333,70.8324),(2,124.8,70.9932),(2,124.8666667,70.9932),(2,124.9333333,70.9932),(2,125,70.9932),(2,125.0666667,70.9932),(2,125.1333333,70.9932),(2,125.2,70.9932),(2,125.2666667,70.9932),(2,125.3333333,70.9932),(2,125.4,70.9932),(2,125.4666667,70.9932),(2,125.5333333,71.8776),(2,125.6,71.8776),(2,125.6666667,71.8776),(2,125.7333333,71.8776),(2,125.8,72.2394),(2,125.8666667,72.2394),(2,125.9333333,72.2394),(2,126,72.2394),(2,126.0666667,71.9982),(2,126.1333333,71.9982),(2,126.2,71.9982),(2,126.2666667,70.7922),(2,126.3333333,70.7922),(2,126.4,70.7922),(2,126.4666667,70.7922),(2,126.5333333,70.9932),(2,126.6,70.9932),(2,126.6666667,70.9932),(2,126.7333333,70.9932),(2,126.8,0.02),(2,126.8666667,0.02),(2,126.9333333,0.02),(2,127,0.02),(2,127.0666667,0.02),(2,127.1333333,0.02),(2,127.2,0.02),(2,127.2666667,0.02),(2,127.3333333,0.02),(2,127.4,0.02),(2,127.4666667,0.02),(2,127.5333333,0.02),(2,127.6,0.02),(2,127.6666667,0.02),(2,127.7333333,0.02),(2,127.8,0.02),(2,127.8666667,0.02),(2,127.9333333,0.02),(2,128,0.02),(2,128.0666667,0.02),(2,128.1333333,0.02),(2,128.2,0.02),(2,128.2666667,0.02),(2,128.3333333,0.02),(2,128.4,0.02),(2,128.4666667,0.02),(2,128.5333333,0.02),(2,128.6,0.02),(2,128.6666667,0.02),(2,128.7333333,0.02),(2,128.8,71.154),(2,128.8666667,71.154),(2,128.9333333,71.154),(2,129,71.154),(2,129.0666667,71.0736),(2,129.1333333,71.0736),(2,129.2,71.0736),(2,129.2666667,75.174),(2,129.3333333,75.174),(2,129.4,75.174),(2,129.4666667,75.174),(2,129.5333333,108.8214),(2,129.6,108.8214),(2,129.6666667,108.8214),(2,129.7333333,108.8214),(2,129.8,115.2132),(2,129.8666667,115.2132),(2,129.9333333,115.2132),(2,130,115.2132),(2,130.0666667,115.0926),(2,130.1333333,115.0926),(2,130.2,115.0926),(2,130.2666667,115.0926),(2,130.3333333,115.0926),(2,130.4,115.0926),(2,130.4666667,115.0926),(2,130.5333333,115.0122),(2,130.6,115.0122),(2,130.6666667,115.0122),(2,130.7333333,115.0122),(2,130.8,115.6956),(2,130.8666667,115.6956),(2,130.9333333,115.6956),(2,131,115.6956),(2,131.0666667,116.0976),(2,131.1333333,116.0976),(2,131.2,116.0976),(2,131.2666667,116.0976),(2,131.3333333,116.0976),(2,131.4,116.0976),(2,131.4666667,116.0976),(2,131.5333333,115.6956),(2,131.6,115.6956),(2,131.6666667,115.6956),(2,131.7333333,115.6956),(2,131.8,0.02),(2,131.8666667,0.02),(2,131.9333333,0.02),(2,132,0.02),(2,132.0666667,0.02),(2,132.1333333,0.02),(2,132.2,0.02),(2,132.2666667,0.02),(2,132.3333333,0.02),(2,132.4,0.02),(2,132.4666667,0.02),(2,132.5333333,0.02),(2,132.6,0.02),(2,132.6666667,0.02),(2,132.7333333,0.02),(2,132.8,0.02),(2,132.8666667,0.02),(2,132.9333333,0.02),(2,133,0.02),(2,133.0666667,0.02),(2,133.1333333,0.02),(2,133.2,0.02),(2,133.2666667,0.02),(2,133.3333333,0.02),(2,133.4,0.02),(2,133.4666667,0.02),(2,133.5333333,0.02),(2,133.6,0.02),(2,133.6666667,0.02),(2,133.7333333,0.02),(2,133.8,0.02),(2,133.8666667,0.02),(2,133.9333333,0.02),(2,134,0.02),(2,134.0666667,0.02),(2,134.1333333,0.02),(2,134.2,0.02),(2,134.2666667,0.02),(2,134.3333333,0.02),(2,134.4,0.02),(2,134.4666667,0.02),(2,134.5333333,0.02),(2,134.6,0.02),(2,134.6666667,0.02),(2,134.7333333,0.02),(2,134.8,0.02),(2,134.8666667,0.02),(2,134.9333333,0.02),(2,135,0.02),(2,135.0666667,0.02),(2,135.1333333,0.02),(2,135.2,0.02),(2,135.2666667,0.02),(2,135.3333333,0.02),(2,135.4,0.02),(2,135.4666667,0.02),(2,135.5333333,0.02),(2,135.6,0.02),(2,135.6666667,0.02),(2,135.7333333,0.02),(2,135.8,115.5348),(2,135.8666667,115.5348),(2,135.9333333,115.5348),(2,136,115.5348),(2,136.0666667,114.9318),(2,136.1333333,114.9318),(2,136.2,114.9318),(2,136.2666667,116.0574),(2,136.3333333,116.0574),(2,136.4,116.0574),(2,136.4666667,116.0574),(2,136.5333333,115.2534),(2,136.6,115.2534),(2,136.6666667,115.2534),(2,136.7333333,115.2534),(2,136.8,115.2534),(2,136.8666667,115.2534),(2,136.9333333,115.2534),(2,137,115.2534),(2,137.0666667,115.173),(2,137.1333333,115.173),(2,137.2,115.173),(2,137.2666667,115.3338),(2,137.3333333,115.3338),(2,137.4,115.3338),(2,137.4666667,115.3338),(2,137.5333333,115.0524),(2,137.6,115.0524),(2,137.6666667,115.0524),(2,137.7333333,115.0524),(2,137.8,115.0122),(2,137.8666667,115.0122),(2,137.9333333,115.0122),(2,138,115.0122),(2,138.0666667,115.0524),(2,138.1333333,115.0524),(2,138.2,115.0524),(2,138.2666667,115.4142),(2,138.3333333,115.4142),(2,138.4,115.4142),(2,138.4666667,115.4142),(2,138.5333333,115.0926),(2,138.6,115.0926),(2,138.6666667,115.0926),(2,138.7333333,115.0926),(2,138.8,115.173),(2,138.8666667,115.173),(2,138.9333333,115.173),(2,139,115.173),(2,139.0666667,115.2534),(2,139.1333333,115.2534),(2,139.2,115.2534),(2,139.2666667,115.2936),(2,139.3333333,115.2936),(2,139.4,115.2936),(2,139.4666667,115.2936),(2,139.5333333,116.3388),(2,139.6,116.3388),(2,139.6666667,116.3388),(2,139.7333333,116.3388),(2,139.8,115.776),(2,139.8666667,115.776),(2,139.9333333,115.776),(2,140,115.776),(2,140.0666667,115.2936),(2,140.1333333,115.2936),(2,140.2,115.2936),(2,140.2666667,0.02),(2,140.3333333,0.02),(2,140.4,0.02),(2,140.4666667,0.02),(2,140.5333333,0.02),(2,140.6,0.02),(2,140.6666667,0.02),(2,140.7333333,0.02),(2,140.8,0.02),(2,140.8666667,0.02),(2,140.9333333,0.02),(2,141,0.02),(2,141.0666667,0.02),(2,141.1333333,0.02),(2,141.2,0.02),(2,141.2666667,0.02),(2,141.3333333,0.02),(2,141.4,0.02),(2,141.4666667,0.02),(2,141.5333333,0.02),(2,141.6,0.02),(2,141.6666667,0.02),(2,141.7333333,0.02),(2,141.8,0.02),(2,141.8666667,0.02),(2,141.9333333,0.02),(2,142,0.02),(2,142.0666667,0.02),(2,142.1333333,0.02),(2,142.2,0.02),(2,142.2666667,0.02),(2,142.3333333,0.02),(2,142.4,0.02),(2,142.4666667,0.02),(2,142.5333333,4.422),(2,142.6,4.422),(2,142.6666667,4.422),(2,142.7333333,4.422),(2,142.8,4.0602),(2,142.8666667,4.0602),(2,142.9333333,4.0602),(2,143,4.0602),(2,143.0666667,4.221),(2,143.1333333,4.221),(2,143.2,4.221),(2,143.2666667,5.0652),(2,143.3333333,5.0652),(2,143.4,5.0652),(2,143.4666667,5.0652),(2,143.5333333,4.5426),(2,143.6,4.5426),(2,143.6666667,4.5426),(2,143.7333333,4.5426),(2,143.8,4.824),(2,143.8666667,4.824),(2,143.9333333,4.824),(2,144,4.824),(2,144.0666667,4.1004),(2,144.1333333,4.1004),(2,144.2,4.1004),(2,144.2666667,9.0048),(2,144.3333333,9.0048),(2,144.4,9.0048),(2,144.4666667,9.0048),(2,144.5333333,75.2142),(2,144.6,75.2142),(2,144.6666667,75.2142),(2,144.7333333,75.2142),(2,144.8,114.2082),(2,144.8666667,114.2082),(2,144.9333333,114.2082),(2,145,114.2082),(2,145.0666667,115.173),(2,145.1333333,115.173),(2,145.2,115.173),(2,145.2666667,115.1328),(2,145.3333333,115.1328),(2,145.4,115.1328),(2,145.4666667,115.1328),(2,145.5333333,114.972),(2,145.6,114.972),(2,145.6666667,114.972),(2,145.7333333,114.972),(2,145.8,115.2132),(2,145.8666667,115.2132),(2,145.9333333,115.2132),(2,146,115.2132),(2,146.0666667,114.8112),(2,146.1333333,114.8112),(2,146.2,114.8112),(2,146.2666667,115.0524),(2,146.3333333,115.0524),(2,146.4,115.0524),(2,146.4666667,115.0524),(2,146.5333333,115.1328),(2,146.6,115.1328),(2,146.6666667,115.1328),(2,146.7333333,115.1328),(2,146.8,114.972),(2,146.8666667,114.972),(2,146.9333333,114.972),(2,147,114.972),(2,147.0666667,115.0926),(2,147.1333333,115.0926),(2,147.2,115.0926),(2,147.2666667,116.2986),(2,147.3333333,116.2986),(2,147.4,116.2986),(2,147.4666667,116.2986),(2,147.5333333,85.023),(2,147.6,85.023),(2,147.6666667,85.023),(2,147.7333333,85.023),(2,147.8,4.422),(2,147.8666667,4.422),(2,147.9333333,4.422),(2,148,4.422),(2,148.0666667,4.02),(2,148.1333333,4.02),(2,148.2,4.02),(2,148.2666667,4.1808),(2,148.3333333,4.1808),(2,148.4,4.1808),(2,148.4666667,4.1808),(2,148.5333333,4.221),(2,148.6,4.221),(2,148.6666667,4.221),(2,148.7333333,4.221),(2,148.8,3.9798),(2,148.8666667,3.9798),(2,148.9333333,3.9798),(2,149,3.9798),(2,149.0666667,4.1406),(2,149.1333333,4.1406),(2,149.2,4.1406),(2,149.2666667,4.3014),(2,149.3333333,4.3014),(2,149.4,4.3014),(2,149.4666667,4.3014),(2,149.5333333,4.1808),(2,149.6,4.1808),(2,149.6666667,4.1808),(2,149.7333333,4.1808),(2,149.8,4.3416),(2,149.8666667,4.3416),(2,149.9333333,4.3416),(2,150,4.3416),(2,150.0666667,4.1004),(2,150.1333333,4.1004),(2,150.2,4.1004),(2,150.2666667,4.3014),(2,150.3333333,4.3014),(2,150.4,4.3014),(2,150.4666667,4.3014),(2,150.5333333,4.3416),(2,150.6,4.3416),(2,150.6666667,4.3416),(2,150.7333333,4.3416),(2,150.8,4.2612),(2,150.8666667,4.2612),(2,150.9333333,4.2612),(2,151,4.2612),(2,151.0666667,21.2658),(2,151.1333333,21.2658),(2,151.2,21.2658),(2,151.2666667,58.491),(2,151.3333333,58.491),(2,151.4,58.491),(2,151.4666667,58.491),(2,151.5333333,72.0384),(2,151.6,72.0384),(2,151.6666667,72.0384),(2,151.7333333,72.0384),(2,151.8,71.7972),(2,151.8666667,71.7972),(2,151.9333333,71.7972),(2,152,71.7972),(2,152.0666667,71.556),(2,152.1333333,71.556),(2,152.2,71.556),(2,152.2666667,71.5158),(2,152.3333333,71.5158),(2,152.4,71.5158),(2,152.4666667,71.5158),(2,152.5333333,72.7218),(2,152.6,72.7218),(2,152.6666667,72.7218),(2,152.7333333,72.7218),(2,152.8,68.9028),(2,152.8666667,68.9028),(2,152.9333333,68.9028),(2,153,68.9028),(2,153.0666667,0.02),(2,153.1333333,0.02),(2,153.2,0.02),(2,153.2666667,0.02),(2,153.3333333,0.02),(2,153.4,0.02),(2,153.4666667,0.02),(2,153.5333333,0.02),(2,153.6,0.02),(2,153.6666667,0.02),(2,153.7333333,0.02),(2,153.8,0.02),(2,153.8666667,0.02),(2,153.9333333,0.02),(2,154,0.02),(2,154.0666667,0.02),(2,154.1333333,0.02),(2,154.2,0.02),(2,154.2666667,0.02),(2,154.3333333,0.02),(2,154.4,0.02),(2,154.4666667,0.02),(2,154.5333333,0.02),(2,154.6,0.02),(2,154.6666667,0.02),(2,154.7333333,0.02),(2,154.8,0.02),(2,154.8666667,0.02),(2,154.9333333,0.02),(2,155,0.02),(2,155.0666667,0.02),(2,155.1333333,0.02),(2,155.2,0.02),(2,155.2666667,0.02),(2,155.3333333,0.02),(2,155.4,0.02),(2,155.4666667,0.02),(2,155.5333333,0.02),(2,155.6,0.02),(2,155.6666667,0.02),(2,155.7333333,0.02),(2,155.8,71.3952),(2,155.8666667,71.3952),(2,155.9333333,71.3952),(2,156,71.3952),(2,156.0666667,72.4404),(2,156.1333333,72.4404),(2,156.2,72.4404),(2,156.2666667,73.365),(2,156.3333333,73.365),(2,156.4,73.365),(2,156.4666667,73.365),(2,156.5333333,72.561),(2,156.6,72.561),(2,156.6666667,72.561),(2,156.7333333,72.561),(2,156.8,73.2042),(2,156.8666667,73.2042),(2,156.9333333,73.2042),(2,157,73.2042),(2,157.0666667,72.7218),(2,157.1333333,72.7218),(2,157.2,72.7218),(2,157.2666667,72.6012),(2,157.3333333,72.6012),(2,157.4,72.6012),(2,157.4666667,72.6012),(2,157.5333333,72.4806),(2,157.6,72.4806),(2,157.6666667,72.4806),(2,157.7333333,72.4806),(2,157.8,72.36),(2,157.8666667,72.36),(2,157.9333333,72.36),(2,158,72.36),(2,158.0666667,72.4404),(2,158.1333333,72.4404),(2,158.2,72.4404),(2,158.2666667,71.5962),(2,158.3333333,71.5962),(2,158.4,71.5962),(2,158.4666667,71.5962),(2,158.5333333,70.1088),(2,158.6,70.1088),(2,158.6666667,70.1088),(2,158.7333333,70.1088),(2,158.8,69.9882),(2,158.8666667,69.9882),(2,158.9333333,69.9882),(2,159,69.9882),(2,159.0666667,70.4304),(2,159.1333333,70.4304),(2,159.2,70.4304),(2,159.2666667,71.556),(2,159.3333333,71.556),(2,159.4,71.556),(2,159.4666667,71.556),(2,159.5333333,70.8324),(2,159.6,70.8324),(2,159.6666667,70.8324),(2,159.7333333,70.8324),(2,159.8,70.2696),(2,159.8666667,70.2696),(2,159.9333333,70.2696),(2,160,70.2696),(2,160.0666667,0.02),(2,160.1333333,0.02),(2,160.2,0.02),(2,160.2666667,0.02),(2,160.3333333,0.02),(2,160.4,0.02),(2,160.4666667,0.02),(2,160.5333333,0.02),(2,160.6,0.02),(2,160.6666667,0.02),(2,160.7333333,0.02),(2,160.8,0.02),(2,160.8666667,0.02),(2,160.9333333,0.02),(2,161,0.02),(2,161.0666667,0.02),(2,161.1333333,0.02),(2,161.2,0.02),(2,161.2666667,0.02),(2,161.3333333,0.02),(2,161.4,0.02),(2,161.4666667,0.02),(2,161.5333333,0.02),(2,161.6,0.02),(2,161.6666667,0.02),(2,161.7333333,0.02),(2,161.8,0.02),(2,161.8666667,0.02),(2,161.9333333,0.02),(2,162,0.02),(2,162.0666667,0.02),(2,162.1333333,0.02),(2,162.2,0.02),(2,162.2666667,0.02),(2,162.3333333,0.02),(2,162.4,0.02),(2,162.4666667,0.02),(2,162.5333333,0.02),(2,162.6,0.02),(2,162.6666667,0.02),(2,162.7333333,0.02),(2,162.8,0.02),(2,162.8666667,0.02),(2,162.9333333,0.02),(2,163,0.02),(2,163.0666667,69.6264),(2,163.1333333,69.6264),(2,163.2,69.6264),(2,163.2666667,25.8486),(2,163.3333333,25.8486),(2,163.4,25.8486),(2,163.4666667,25.8486),(2,163.5333333,4.2612),(2,163.6,4.2612),(2,163.6666667,4.2612),(2,163.7333333,4.2612),(2,163.8,5.5878),(2,163.8666667,5.5878),(2,163.9333333,5.5878),(2,164,5.5878),(2,164.0666667,4.7838),(2,164.1333333,4.7838),(2,164.2,4.7838),(2,164.2666667,4.6632),(2,164.3333333,4.6632),(2,164.4,4.6632),(2,164.4666667,4.6632),(2,164.5333333,4.0602),(2,164.6,4.0602),(2,164.6666667,4.0602),(2,164.7333333,4.0602),(2,164.8,3.9798),(2,164.8666667,3.9798),(2,164.9333333,3.9798),(2,165,3.9798),(2,165.0666667,4.0602),(2,165.1333333,4.0602),(2,165.2,4.0602),(2,165.2666667,4.5024),(2,165.3333333,4.5024),(2,165.4,4.5024),(2,165.4666667,4.5024),(2,165.5333333,4.623),(2,165.6,4.623),(2,165.6666667,4.623),(2,165.7333333,4.623),(2,165.8,4.623),(2,165.8666667,4.623),(2,165.9333333,4.623),(2,166,4.623),(2,166.0666667,4.1406),(2,166.1333333,4.1406),(2,166.2,4.1406),(2,166.2666667,4.0602),(2,166.3333333,4.0602),(2,166.4,4.0602),(2,166.4666667,4.0602),(2,166.5333333,3.9396),(2,166.6,3.9396),(2,166.6666667,3.9396),(2,166.7333333,3.9396),(2,166.8,4.7034),(2,166.8666667,4.7034),(2,166.9333333,4.7034),(2,167,4.7034),(2,167.0666667,0.02),(2,167.1333333,0.02),(2,167.2,0.02),(2,167.2666667,0.02),(2,167.3333333,0.02),(2,167.4,0.02),(2,167.4666667,0.02),(2,167.5333333,0.02),(2,167.6,0.02),(2,167.6666667,0.02),(2,167.7333333,0.02),(2,167.8,0.02),(2,167.8666667,0.02),(2,167.9333333,0.02),(2,168,0.02),(2,168.0666667,73.4454),(2,168.1333333,73.4454),(2,168.2,73.4454),(2,168.2666667,73.0434),(2,168.3333333,73.0434),(2,168.4,73.0434),(2,168.4666667,73.0434),(2,168.5333333,72.8826),(2,168.6,72.8826),(2,168.6666667,72.8826),(2,168.7333333,72.8826),(2,168.8,73.0836),(2,168.8666667,73.0836),(2,168.9333333,73.0836),(2,169,73.0836),(2,169.0666667,73.164),(2,169.1333333,73.164),(2,169.2,73.164),(2,169.2666667,74.0082),(2,169.3333333,74.0082),(2,169.4,74.0082),(2,169.4666667,74.0082),(2,169.5333333,73.1238),(2,169.6,73.1238),(2,169.6666667,73.1238),(2,169.7333333,73.1238),(2,169.8,73.164),(2,169.8666667,73.164),(2,169.9333333,73.164),(2,170,73.164),(2,170.0666667,72.5208),(2,170.1333333,72.5208),(2,170.2,72.5208),(2,170.2666667,73.566),(2,170.3333333,73.566),(2,170.4,73.566),(2,170.4666667,73.566),(2,170.5333333,72.6414),(2,170.6,72.6414),(2,170.6666667,72.6414),(2,170.7333333,72.6414),(2,170.8,73.2444),(2,170.8666667,73.2444),(2,170.9333333,73.2444),(2,171,73.2444),(2,171.0666667,72.6012),(2,171.1333333,72.6012),(2,171.2,72.6012),(2,171.2666667,73.5258),(2,171.3333333,73.5258),(2,171.4,73.5258),(2,171.4666667,73.5258),(2,171.5333333,72.7218),(2,171.6,72.7218),(2,171.6666667,72.7218),(2,171.7333333,72.7218),(2,171.8,0.02),(2,171.8666667,0.02),(2,171.9333333,0.02),(2,172,0.02),(2,172.0666667,0.02),(2,172.1333333,0.02),(2,172.2,0.02),(2,172.2666667,0.02),(2,172.3333333,0.02),(2,172.4,0.02),(2,172.4666667,0.02),(2,172.5333333,0.02),(2,172.6,0.02),(2,172.6666667,0.02),(2,172.7333333,0.02),(2,172.8,0.02),(2,172.8666667,0.02),(2,172.9333333,0.02),(2,173,0.02),(2,173.0666667,0.02),(2,173.1333333,0.02),(2,173.2,0.02),(2,173.2666667,0.02),(2,173.3333333,0.02),(2,173.4,0.02),(2,173.4666667,0.02),(2,173.5333333,0.02),(2,173.6,0.02),(2,173.6666667,0.02),(2,173.7333333,0.02),(2,173.8,0.02),(2,173.8666667,0.02),(2,173.9333333,0.02),(2,174,0.02),(2,174.0666667,73.4856),(2,174.1333333,73.4856),(2,174.2,73.4856),(2,174.2666667,73.2846),(2,174.3333333,73.2846),(2,174.4,73.2846),(2,174.4666667,73.2846),(2,174.5333333,73.8072),(2,174.6,73.8072),(2,174.6666667,73.8072),(2,174.7333333,73.8072),(2,174.8,73.4052),(2,174.8666667,73.4052),(2,174.9333333,73.4052),(2,175,73.4052),(2,175.0666667,74.0484),(2,175.1333333,74.0484),(2,175.2,74.0484),(2,175.2666667,73.7268),(2,175.3333333,73.7268),(2,175.4,73.7268),(2,175.4666667,73.7268),(2,175.5333333,74.2494),(2,175.6,74.2494),(2,175.6666667,74.2494),(2,175.7333333,74.2494),(2,175.8,74.5308),(2,175.8666667,74.5308),(2,175.9333333,74.5308),(2,176,74.5308),(2,176.0666667,73.968),(2,176.1333333,73.968),(2,176.2,73.968),(2,176.2666667,73.968),(2,176.3333333,73.968),(2,176.4,73.968),(2,176.4666667,73.968),(2,176.5333333,73.0836),(2,176.6,73.0836),(2,176.6666667,73.0836),(2,176.7333333,73.0836),(2,176.8,71.4756),(2,176.8666667,71.4756),(2,176.9333333,71.4756),(2,177,71.4756),(2,177.0666667,70.9128),(2,177.1333333,70.9128),(2,177.2,70.9128),(2,177.2666667,70.6716),(2,177.3333333,70.6716),(2,177.4,70.6716),(2,177.4666667,70.6716),(2,177.5333333,70.953),(2,177.6,70.953),(2,177.6666667,70.953),(2,177.7333333,70.953),(2,177.8,71.0736),(2,177.8666667,71.0736),(2,177.9333333,71.0736),(2,178,71.0736),(2,178.0666667,71.6364),(2,178.1333333,71.6364),(2,178.2,71.6364),(2,178.2666667,73.5258),(2,178.3333333,73.5258),(2,178.4,73.5258),(2,178.4666667,73.5258),(2,178.5333333,72.0384),(2,178.6,72.0384),(2,178.6666667,72.0384),(2,178.7333333,72.0384),(2,178.8,72.8022),(2,178.8666667,72.8022),(2,178.9333333,72.8022),(2,179,72.8022),(2,179.0666667,73.0836),(2,179.1333333,73.0836),(2,179.2,73.0836),(2,179.2666667,72.8826),(2,179.3333333,72.8826),(2,179.4,72.8826),(2,179.4666667,72.8826),(2,179.5333333,72.1992),(2,179.6,72.1992),(2,179.6666667,72.1992),(2,179.7333333,72.1992),(2,179.8,0.02),(2,179.8666667,0.02),(2,179.9333333,0.02),(2,180,0.02),(2,180.0666667,0.02),(2,180.1333333,0.02),(2,180.2,0.02),(2,180.2666667,0.02),(2,180.3333333,0.02),(2,180.4,0.02),(2,180.4666667,0.02),(2,180.5333333,0.02),(2,180.6,0.02),(2,180.6666667,0.02),(2,180.7333333,0.02),(2,180.8,0.02),(2,180.8666667,0.02),(2,180.9333333,0.02),(2,181,0.02),(2,181.0666667,0.02),(2,181.1333333,0.02),(2,181.2,0.02),(2,181.2666667,0.02),(2,181.3333333,0.02),(2,181.4,0.02),(2,181.4666667,0.02),(2,181.5333333,0.02),(2,181.6,0.02),(2,181.6666667,0.02),(2,181.7333333,0.02),(2,181.8,0.02),(2,181.8666667,0.02),(2,181.9333333,0.02),(2,182,0.02),(2,182.0666667,0.02),(2,182.1333333,0.02),(2,182.2,0.02),(2,182.2666667,73.2846),(2,182.3333333,73.2846),(2,182.4,73.2846),(2,182.4666667,73.2846),(2,182.5333333,73.365),(2,182.6,73.365),(2,182.6666667,73.365),(2,182.7333333,73.365),(2,182.8,73.3248),(2,182.8666667,73.3248),(2,182.9333333,73.3248),(2,183,73.3248),(2,183.0666667,73.2042),(2,183.1333333,73.2042),(2,183.2,73.2042),(2,183.2666667,73.4052),(2,183.3333333,73.4052),(2,183.4,73.4052),(2,183.4666667,73.4052),(2,183.5333333,73.365),(2,183.6,73.365),(2,183.6666667,73.365),(2,183.7333333,73.365),(2,183.8,73.3248),(2,183.8666667,73.3248),(2,183.9333333,73.3248),(2,184,73.3248),(2,184.0666667,73.4052),(2,184.1333333,73.4052),(2,184.2,73.4052),(2,184.2666667,72.561),(2,184.3333333,72.561),(2,184.4,72.561),(2,184.4666667,72.561),(2,184.5333333,72.1188),(2,184.6,72.1188),(2,184.6666667,72.1188),(2,184.7333333,72.1188),(2,184.8,72.0786),(2,184.8666667,72.0786),(2,184.9333333,72.0786),(2,185,72.0786),(2,185.0666667,72.159),(2,185.1333333,72.159),(2,185.2,72.159),(2,185.2666667,71.2746),(2,185.3333333,71.2746),(2,185.4,71.2746),(2,185.4666667,71.2746),(2,185.5333333,70.4706),(2,185.6,70.4706),(2,185.6666667,70.4706),(2,185.7333333,70.4706),(2,185.8,70.8726),(2,185.8666667,70.8726),(2,185.9333333,70.8726),(2,186,70.8726),(2,186.0666667,70.5912),(2,186.1333333,70.5912),(2,186.2,70.5912),(2,186.2666667,0.02),(2,186.3333333,0.02),(2,186.4,0.02),(2,186.4666667,0.02),(2,186.5333333,0.02),(2,186.6,0.02),(2,186.6666667,0.02),(2,186.7333333,0.02),(2,186.8,0.02),(2,186.8666667,0.02),(2,186.9333333,0.02),(2,187,0.02),(2,187.0666667,0.02),(2,187.1333333,0.02),(2,187.2,0.02),(2,187.2666667,0.02),(2,187.3333333,0.02),(2,187.4,0.02),(2,187.4666667,0.02),(2,187.5333333,0.02),(2,187.6,0.02),(2,187.6666667,0.02),(2,187.7333333,0.02),(2,187.8,0.02),(2,187.8666667,0.02),(2,187.9333333,0.02),(2,188,0.02),(2,188.0666667,0.02),(2,188.1333333,0.02),(2,188.2,0.02),(2,188.2666667,0.02),(2,188.3333333,0.02),(2,188.4,0.02),(2,188.4666667,0.02),(2,188.5333333,0.02),(2,188.6,0.02),(2,188.6666667,0.02),(2,188.7333333,0.02),(2,188.8,0.02),(2,188.8666667,0.02),(2,188.9333333,0.02),(2,189,0.02),(2,189.0666667,0.02),(2,189.1333333,0.02),(2,189.2,0.02),(2,189.2666667,0.02),(2,189.3333333,0.02),(2,189.4,0.02),(2,189.4666667,0.02),(2,189.5333333,4.3818),(2,189.6,4.3818),(2,189.6666667,4.3818),(2,189.7333333,4.3818),(2,189.8,4.3818),(2,189.8666667,4.3818),(2,189.9333333,4.3818),(2,190,4.3818),(2,190.0666667,4.2612),(2,190.1333333,4.2612),(2,190.2,4.2612),(2,190.2666667,4.1004),(2,190.3333333,4.1004),(2,190.4,4.1004),(2,190.4666667,4.1004),(2,190.5333333,4.9446),(2,190.6,4.9446),(2,190.6666667,4.9446),(2,190.7333333,4.9446),(2,190.8,4.3416),(2,190.8666667,4.3416),(2,190.9333333,4.3416),(2,191,4.3416),(2,191.0666667,4.5024),(2,191.1333333,4.5024),(2,191.2,4.5024),(2,191.2666667,4.3014),(2,191.3333333,4.3014),(2,191.4,4.3014),(2,191.4666667,4.3014),(2,191.5333333,4.3818),(2,191.6,4.3818),(2,191.6666667,4.3818),(2,191.7333333,4.3818),(2,191.8,4.5426),(2,191.8666667,4.5426),(2,191.9333333,4.5426),(2,192,4.5426),(2,192.0666667,4.3818),(2,192.1333333,4.3818),(2,192.2,4.3818),(2,192.2666667,4.422),(2,192.3333333,4.422),(2,192.4,4.422),(2,192.4666667,4.422),(2,192.5333333,5.1456),(2,192.6,5.1456),(2,192.6666667,5.1456),(2,192.7333333,5.1456),(2,192.8,4.5828),(2,192.8666667,4.5828),(2,192.9333333,4.5828),(2,193,4.5828),(2,193.0666667,4.2612),(2,193.1333333,4.2612),(2,193.2,4.2612),(2,193.2666667,4.221),(2,193.3333333,4.221),(2,193.4,4.221),(2,193.4666667,4.221),(2,193.5333333,5.5074),(2,193.6,5.5074),(2,193.6666667,5.5074),(2,193.7333333,5.5074),(2,193.8,5.427),(2,193.8666667,5.427),(2,193.9333333,5.427),(2,194,5.427),(2,194.0666667,4.5024),(2,194.1333333,4.5024),(2,194.2,4.5024),(2,194.2666667,25.1652),(2,194.3333333,25.1652),(2,194.4,25.1652),(2,194.4666667,25.1652),(2,194.5333333,69.7872),(2,194.6,69.7872),(2,194.6666667,69.7872),(2,194.7333333,69.7872),(2,194.8,71.0736),(2,194.8666667,71.0736),(2,194.9333333,71.0736),(2,195,71.0736),(2,195.0666667,70.6716),(2,195.1333333,70.6716),(2,195.2,70.6716),(2,195.2666667,71.7168),(2,195.3333333,71.7168),(2,195.4,71.7168),(2,195.4666667,71.7168),(2,195.5333333,71.7972),(2,195.6,71.7972),(2,195.6666667,71.7972),(2,195.7333333,71.7972),(2,195.8,71.9178),(2,195.8666667,71.9178),(2,195.9333333,71.9178),(2,196,71.9178),(2,196.0666667,71.154),(2,196.1333333,71.154),(2,196.2,71.154),(2,196.2666667,0.02),(2,196.3333333,0.02),(2,196.4,0.02),(2,196.4666667,0.02),(2,196.5333333,0.02),(2,196.6,0.02),(2,196.6666667,0.02),(2,196.7333333,0.02),(2,196.8,0.02),(2,196.8666667,0.02),(2,196.9333333,0.02),(2,197,0.02),(2,197.0666667,0.02),(2,197.1333333,0.02),(2,197.2,0.02),(2,197.2666667,0.02),(2,197.3333333,0.02),(2,197.4,0.02),(2,197.4666667,0.02),(2,197.5333333,0.02),(2,197.6,0.02),(2,197.6666667,0.02),(2,197.7333333,0.02),(2,197.8,0.02),(2,197.8666667,0.02),(2,197.9333333,0.02),(2,198,0.02),(2,198.0666667,70.7118),(2,198.1333333,70.7118),(2,198.2,70.7118),(2,198.2666667,70.6314),(2,198.3333333,70.6314),(2,198.4,70.6314),(2,198.4666667,70.6314),(2,198.5333333,70.7922),(2,198.6,70.7922),(2,198.6666667,70.7922),(2,198.7333333,70.7922),(2,198.8,70.6716),(2,198.8666667,70.6716),(2,198.9333333,70.6716),(2,199,70.6716),(2,199.0666667,70.4706),(2,199.1333333,70.4706),(2,199.2,70.4706),(2,199.2666667,70.9932),(2,199.3333333,70.9932),(2,199.4,70.9932),(2,199.4666667,70.9932),(2,199.5333333,71.9982),(2,199.6,71.9982),(2,199.6666667,71.9982),(2,199.7333333,71.9982),(2,199.8,71.9982),(2,199.8666667,71.9982),(2,199.9333333,71.9982),(2,200,71.9982),(2,200.0666667,72.0384),(2,200.1333333,72.0384),(2,200.2,72.0384),(2,200.2666667,71.6766),(2,200.3333333,71.6766),(2,200.4,71.6766),(2,200.4666667,71.6766),(2,200.5333333,71.757),(2,200.6,71.757),(2,200.6666667,71.757),(2,200.7333333,71.757),(2,200.8,71.6364),(2,200.8666667,71.6364),(2,200.9333333,71.6364),(2,201,71.6364),(2,201.0666667,71.7972),(2,201.1333333,71.7972),(2,201.2,71.7972),(2,201.2666667,71.2746),(2,201.3333333,71.2746),(2,201.4,71.2746),(2,201.4666667,71.2746),(2,201.5333333,0.02),(2,201.6,0.02),(2,201.6666667,0.02),(2,201.7333333,0.02),(2,201.8,0.02),(2,201.8666667,0.02),(2,201.9333333,0.02),(2,202,0.02),(2,202.0666667,0.02),(2,202.1333333,0.02),(2,202.2,0.02),(2,202.2666667,0.02),(2,202.3333333,0.02),(2,202.4,0.02),(2,202.4666667,0.02),(2,202.5333333,0.02),(2,202.6,0.02),(2,202.6666667,0.02),(2,202.7333333,0.02),(2,202.8,0.02),(2,202.8666667,0.02),(2,202.9333333,0.02),(2,203,0.02),(2,203.0666667,0.02),(2,203.1333333,0.02),(2,203.2,0.02),(2,203.2666667,0.02),(2,203.3333333,0.02),(2,203.4,0.02),(2,203.4666667,0.02),(2,203.5333333,0.02),(2,203.6,0.02),(2,203.6666667,0.02),(2,203.7333333,0.02),(2,203.8,0.02),(2,203.8666667,0.02),(2,203.9333333,0.02),(2,204,0.02),(2,204.0666667,0.02),(2,204.1333333,0.02),(2,204.2,0.02),(2,204.2666667,0.02),(2,204.3333333,0.02),(2,204.4,0.02),(2,204.4666667,0.02),(2,204.5333333,71.2344),(2,204.6,71.2344),(2,204.6666667,71.2344),(2,204.7333333,71.2344),(2,204.8,71.556),(2,204.8666667,71.556),(2,204.9333333,71.556),(2,205,71.556),(2,205.0666667,71.5158),(2,205.1333333,71.5158),(2,205.2,71.5158),(2,205.2666667,72.2796),(2,205.3333333,72.2796),(2,205.4,72.2796),(2,205.4666667,72.2796),(2,205.5333333,71.0334),(2,205.6,71.0334),(2,205.6666667,71.0334),(2,205.7333333,71.0334),(2,205.8,71.3952),(2,205.8666667,71.3952),(2,205.9333333,71.3952),(2,206,71.3952),(2,206.0666667,71.1942),(2,206.1333333,71.1942),(2,206.2,71.1942),(2,206.2666667,71.0736),(2,206.3333333,71.0736),(2,206.4,71.0736),(2,206.4666667,71.0736),(2,206.5333333,71.8374),(2,206.6,71.8374),(2,206.6666667,71.8374),(2,206.7333333,71.8374),(2,206.8,70.953),(2,206.8666667,70.953),(2,206.9333333,70.953),(2,207,70.953),(2,207.0666667,71.6364),(2,207.1333333,71.6364),(2,207.2,71.6364),(2,207.2666667,71.7168),(2,207.3333333,71.7168),(2,207.4,71.7168),(2,207.4666667,71.7168),(2,207.5333333,71.2746),(2,207.6,71.2746),(2,207.6666667,71.2746),(2,207.7333333,71.2746),(2,207.8,70.551),(2,207.8666667,70.551),(2,207.9333333,70.551),(2,208,70.551),(2,208.0666667,70.5912),(2,208.1333333,70.5912),(2,208.2,70.5912),(2,208.2666667,70.5912),(2,208.3333333,70.5912),(2,208.4,70.5912),(2,208.4666667,70.5912),(2,208.5333333,70.3902),(2,208.6,70.3902),(2,208.6666667,70.3902),(2,208.7333333,70.3902),(2,208.8,70.4706),(2,208.8666667,70.4706),(2,208.9333333,70.4706),(2,209,70.4706),(2,209.0666667,70.4706),(2,209.1333333,70.4706),(2,209.2,70.4706),(2,209.2666667,70.2696),(2,209.3333333,70.2696),(2,209.4,70.2696),(2,209.4666667,70.2696),(2,209.5333333,0.02),(2,209.6,0.02),(2,209.6666667,0.02),(2,209.7333333,0.02),(2,209.8,0.02),(2,209.8666667,0.02),(2,209.9333333,0.02),(2,210,0.02),(2,210.0666667,0.02),(2,210.1333333,0.02),(2,210.2,0.02),(2,210.2666667,0.02),(2,210.3333333,0.02),(2,210.4,0.02),(2,210.4666667,0.02),(2,210.5333333,0.02),(2,210.6,0.02),(2,210.6666667,0.02),(2,210.7333333,0.02),(2,210.8,0.02),(2,210.8666667,0.02),(2,210.9333333,0.02),(2,211,0.02),(2,211.0666667,70.8726),(2,211.1333333,70.8726),(2,211.2,70.8726),(2,211.2666667,71.2344),(2,211.3333333,71.2344),(2,211.4,71.2344),(2,211.4666667,71.2344),(2,211.5333333,70.7922),(2,211.6,70.7922),(2,211.6666667,70.7922),(2,211.7333333,70.7922),(2,211.8,70.4706),(2,211.8666667,70.4706),(2,211.9333333,70.4706),(2,212,70.4706),(2,212.0666667,70.5912),(2,212.1333333,70.5912),(2,212.2,70.5912),(2,212.2666667,70.2696),(2,212.3333333,70.2696),(2,212.4,70.2696),(2,212.4666667,70.2696),(2,212.5333333,70.4706),(2,212.6,70.4706),(2,212.6666667,70.4706),(2,212.7333333,70.4706),(2,212.8,70.7922),(2,212.8666667,70.7922),(2,212.9333333,70.7922),(2,213,70.7922),(2,213.0666667,70.3902),(2,213.1333333,70.3902),(2,213.2,70.3902),(2,213.2666667,71.154),(2,213.3333333,71.154),(2,213.4,71.154),(2,213.4666667,71.154),(2,213.5333333,0.02),(2,213.6,0.02),(2,213.6666667,0.02),(2,213.7333333,0.02),(2,213.8,0.02),(2,213.8666667,0.02),(2,213.9333333,0.02),(2,214,0.02),(2,214.0666667,0.02),(2,214.1333333,0.02),(2,214.2,0.02),(2,214.2666667,0.02),(2,214.3333333,0.02),(2,214.4,0.02),(2,214.4666667,0.02),(2,214.5333333,0.02),(2,214.6,0.02),(2,214.6666667,0.02),(2,214.7333333,0.02),(2,214.8,0.02),(2,214.8666667,0.02),(2,214.9333333,0.02),(2,215,0.02),(2,215.0666667,0.02),(2,215.1333333,0.02),(2,215.2,0.02),(2,215.2666667,0.02),(2,215.3333333,0.02),(2,215.4,0.02),(2,215.4666667,0.02),(2,215.5333333,0.02),(2,215.6,0.02),(2,215.6666667,0.02),(2,215.7333333,0.02),(2,215.8,0.02),(2,215.8666667,0.02),(2,215.9333333,0.02),(2,216,0.02),(2,216.0666667,0.02),(2,216.1333333,0.02),(2,216.2,0.02),(2,216.2666667,0.02),(2,216.3333333,0.02),(2,216.4,0.02),(2,216.4666667,0.02),(2,216.5333333,0.02),(2,216.6,0.02),(2,216.6666667,0.02),(2,216.7333333,0.02),(2,216.8,0.02),(2,216.8666667,0.02),(2,216.9333333,0.02),(2,217,0.02),(2,217.0666667,0.02),(2,217.1333333,0.02),(2,217.2,0.02),(2,217.2666667,0.02),(2,217.3333333,0.02),(2,217.4,0.02),(2,217.4666667,0.02),(2,217.5333333,0.02),(2,217.6,0.02),(2,217.6666667,0.02),(2,217.7333333,0.02),(2,217.8,0.02),(2,217.8666667,0.02),(2,217.9333333,0.02),(2,218,0.02),(2,218.0666667,72.0786),(2,218.1333333,72.0786),(2,218.2,72.0786),(2,218.2666667,71.2746),(2,218.3333333,71.2746),(2,218.4,71.2746),(2,218.4666667,71.2746),(2,218.5333333,71.1942),(2,218.6,71.1942),(2,218.6666667,71.1942),(2,218.7333333,71.1942),(2,218.8,71.0334),(2,218.8666667,71.0334),(2,218.9333333,71.0334),(2,219,71.0334),(2,219.0666667,71.154),(2,219.1333333,71.154),(2,219.2,71.154),(2,219.2666667,71.0736),(2,219.3333333,71.0736),(2,219.4,71.0736),(2,219.4666667,71.0736),(2,219.5333333,71.0334),(2,219.6,71.0334),(2,219.6666667,71.0334),(2,219.7333333,71.0334),(2,219.8,71.1138),(2,219.8666667,71.1138),(2,219.9333333,71.1138),(2,220,71.1138),(2,220.0666667,70.8726),(2,220.1333333,70.8726),(2,220.2,70.8726),(2,220.2666667,71.8374),(2,220.3333333,71.8374),(2,220.4,71.8374),(2,220.4666667,71.8374),(2,220.5333333,72.4806),(2,220.6,72.4806),(2,220.6666667,72.4806),(2,220.7333333,72.4806),(2,220.8,71.0736),(2,220.8666667,71.0736),(2,220.9333333,71.0736),(2,221,71.0736),(2,221.0666667,70.953),(2,221.1333333,70.953),(2,221.2,70.953),(2,221.2666667,71.1942),(2,221.3333333,71.1942),(2,221.4,71.1942),(2,221.4666667,71.1942),(2,221.5333333,71.0736),(2,221.6,71.0736),(2,221.6666667,71.0736),(2,221.7333333,71.0736),(2,221.8,70.953),(2,221.8666667,70.953),(2,221.9333333,70.953),(2,222,70.953),(2,222.0666667,70.8324),(2,222.1333333,70.8324),(2,222.2,70.8324),(2,222.2666667,70.8726),(2,222.3333333,70.8726),(2,222.4,70.8726),(2,222.4666667,70.8726),(2,222.5333333,70.953),(2,222.6,70.953),(2,222.6666667,70.953),(2,222.7333333,70.953),(2,222.8,71.0736),(2,222.8666667,71.0736),(2,222.9333333,71.0736),(2,223,71.0736),(2,223.0666667,71.1942),(2,223.1333333,71.1942),(2,223.2,71.1942),(2,223.2666667,0.02),(2,223.3333333,0.02),(2,223.4,0.02),(2,223.4666667,0.02),(2,223.5333333,0.02),(2,223.6,0.02),(2,223.6666667,0.02),(2,223.7333333,0.02),(2,223.8,0.02),(2,223.8666667,0.02),(2,223.9333333,0.02),(2,224,0.02),(2,224.0666667,0.02),(2,224.1333333,0.02),(2,224.2,0.02),(2,224.2666667,0.02),(2,224.3333333,0.02),(2,224.4,0.02),(2,224.4666667,0.02),(2,224.5333333,0.02),(2,224.6,0.02),(2,224.6666667,0.02),(2,224.7333333,0.02),(2,224.8,0.02),(2,224.8666667,0.02),(2,224.9333333,0.02),(2,225,0.02),(2,225.0666667,0.02),(2,225.1333333,0.02),(2,225.2,0.02),(2,225.2666667,73.2444),(2,225.3333333,73.2444),(2,225.4,73.2444),(2,225.4666667,73.2444),(2,225.5333333,73.2444),(2,225.6,73.2444),(2,225.6666667,73.2444),(2,225.7333333,73.2444),(2,225.8,73.2846),(2,225.8666667,73.2846),(2,225.9333333,73.2846),(2,226,73.2846),(2,226.0666667,73.767),(2,226.1333333,73.767),(2,226.2,73.767),(2,226.2666667,73.4856),(2,226.3333333,73.4856),(2,226.4,73.4856),(2,226.4666667,73.4856),(2,226.5333333,73.4454),(2,226.6,73.4454),(2,226.6666667,73.4454),(2,226.7333333,73.4454),(2,226.8,74.0886),(2,226.8666667,74.0886),(2,226.9333333,74.0886),(2,227,74.0886),(2,227.0666667,73.5258),(2,227.1333333,73.5258),(2,227.2,73.5258),(2,227.2666667,73.4454),(2,227.3333333,73.4454),(2,227.4,73.4454),(2,227.4666667,73.4454),(2,227.5333333,73.2846),(2,227.6,73.2846),(2,227.6666667,73.2846),(2,227.7333333,73.2846),(2,227.8,0.02),(2,227.8666667,0.02),(2,227.9333333,0.02),(2,228,0.02),(2,228.0666667,0.02),(2,228.1333333,0.02),(2,228.2,0.02),(2,228.2666667,0.02),(2,228.3333333,0.02),(2,228.4,0.02),(2,228.4666667,0.02),(2,228.5333333,0.02),(2,228.6,0.02),(2,228.6666667,0.02),(2,228.7333333,0.02),(2,228.8,0.02),(2,228.8666667,0.02),(2,228.9333333,0.02),(2,229,0.02),(2,229.0666667,0.02),(2,229.1333333,0.02),(2,229.2,0.02),(2,229.2666667,0.02),(2,229.3333333,0.02),(2,229.4,0.02),(2,229.4666667,0.02),(2,229.5333333,0.02),(2,229.6,0.02),(2,229.6666667,0.02),(2,229.7333333,0.02),(2,229.8,0.02),(2,229.8666667,0.02),(2,229.9333333,0.02),(2,230,0.02),(2,230.0666667,0.02),(2,230.1333333,0.02),(2,230.2,0.02),(2,230.2666667,0.02),(2,230.3333333,0.02),(2,230.4,0.02),(2,230.4666667,0.02),(2,230.5333333,0.02),(2,230.6,0.02),(2,230.6666667,0.02),(2,230.7333333,0.02),(2,230.8,0.02),(2,230.8666667,0.02),(2,230.9333333,0.02),(2,231,0.02),(2,231.0666667,0.02),(2,231.1333333,0.02),(2,231.2,0.02),(2,231.2666667,0.02),(2,231.3333333,0.02),(2,231.4,0.02),(2,231.4666667,0.02),(2,231.5333333,0.02),(2,231.6,0.02),(2,231.6666667,0.02),(2,231.7333333,0.02),(2,231.8,72.7218),(2,231.8666667,72.7218),(2,231.9333333,72.7218),(2,232,72.7218),(2,232.0666667,73.5258),(2,232.1333333,73.5258),(2,232.2,73.5258),(2,232.2666667,73.0434),(2,232.3333333,73.0434),(2,232.4,73.0434),(2,232.4666667,73.0434),(2,232.5333333,71.2746),(2,232.6,71.2746),(2,232.6666667,71.2746),(2,232.7333333,71.2746),(2,232.8,71.355),(2,232.8666667,71.355),(2,232.9333333,71.355),(2,233,71.355),(2,233.0666667,71.9982),(2,233.1333333,71.9982),(2,233.2,71.9982),(2,233.2666667,71.757),(2,233.3333333,71.757),(2,233.4,71.757),(2,233.4666667,71.757),(2,233.5333333,70.9932),(2,233.6,70.9932),(2,233.6666667,70.9932),(2,233.7333333,70.9932),(2,233.8,71.1138),(2,233.8666667,71.1138),(2,233.9333333,71.1138),(2,234,71.1138),(2,234.0666667,71.1138),(2,234.1333333,71.1138),(2,234.2,71.1138),(2,234.2666667,0.02),(2,234.3333333,0.02),(2,234.4,0.02),(2,234.4666667,0.02),(2,234.5333333,0.02),(2,234.6,0.02),(2,234.6666667,0.02),(2,234.7333333,0.02),(2,234.8,0.02),(2,234.8666667,0.02),(2,234.9333333,0.02),(2,235,0.02),(2,235.0666667,0.02),(2,235.1333333,0.02),(2,235.2,0.02),(2,235.2666667,0.02),(2,235.3333333,0.02),(2,235.4,0.02),(2,235.4666667,0.02),(2,235.5333333,0.02),(2,235.6,0.02),(2,235.6666667,0.02),(2,235.7333333,0.02),(2,235.8,0.02),(2,235.8666667,0.02),(2,235.9333333,0.02),(2,236,0.02),(2,236.0666667,0.02),(2,236.1333333,0.02),(2,236.2,0.02),(2,236.2666667,71.8776),(2,236.3333333,71.8776),(2,236.4,71.8776),(2,236.4666667,71.8776),(2,236.5333333,71.958),(2,236.6,71.958),(2,236.6666667,71.958),(2,236.7333333,71.958),(2,236.8,71.154),(2,236.8666667,71.154),(2,236.9333333,71.154),(2,237,71.154),(2,237.0666667,71.1942),(2,237.1333333,71.1942),(2,237.2,71.1942),(2,237.2666667,71.154),(2,237.3333333,71.154),(2,237.4,71.154),(2,237.4666667,71.154),(2,237.5333333,71.154),(2,237.6,71.154),(2,237.6666667,71.154),(2,237.7333333,71.154),(2,237.8,71.0736),(2,237.8666667,71.0736),(2,237.9333333,71.0736),(2,238,71.0736),(2,238.0666667,72.1992),(2,238.1333333,72.1992),(2,238.2,72.1992),(2,238.2666667,71.4354),(2,238.3333333,71.4354),(2,238.4,71.4354),(2,238.4666667,71.4354),(2,238.5333333,71.0736),(2,238.6,71.0736),(2,238.6666667,71.0736),(2,238.7333333,71.0736),(2,238.8,71.1138),(2,238.8666667,71.1138),(2,238.9333333,71.1138),(2,239,71.1138),(2,239.0666667,70.953),(2,239.1333333,70.953),(2,239.2,70.953),(2,239.2666667,71.154),(2,239.3333333,71.154),(2,239.4,71.154),(2,239.4666667,71.154),(2,239.5333333,71.4354),(2,239.6,71.4354),(2,239.6666667,71.4354),(2,239.7333333,71.4354),(2,239.8,72.0384),(2,239.8666667,72.0384),(2,239.9333333,72.0384),(2,240,72.0384),(2,240.0666667,70.7922),(2,240.1333333,70.7922),(2,240.2,70.7922),(2,240.2666667,96.7212),(2,240.3333333,96.7212),(2,240.4,96.7212),(2,240.4666667,96.7212),(2,240.5333333,72.5208),(2,240.6,72.5208),(2,240.6666667,72.5208),(2,240.7333333,72.5208),(2,240.8,71.0736),(2,240.8666667,71.0736),(2,240.9333333,71.0736),(2,241,71.0736),(2,241.0666667,70.6716),(2,241.1333333,70.6716),(2,241.2,70.6716),(2,241.2666667,70.9128),(2,241.3333333,70.9128),(2,241.4,70.9128),(2,241.4666667,70.9128),(2,241.5333333,71.5962),(2,241.6,71.5962),(2,241.6666667,71.5962),(2,241.7333333,71.5962),(2,241.8,72.0786),(2,241.8666667,72.0786),(2,241.9333333,72.0786),(2,242,72.0786),(2,242.0666667,70.9932),(2,242.1333333,70.9932),(2,242.2,70.9932),(2,242.2666667,70.9128),(2,242.3333333,70.9128),(2,242.4,70.9128),(2,242.4666667,70.9128),(2,242.5333333,70.8324),(2,242.6,70.8324),(2,242.6666667,70.8324),(2,242.7333333,70.8324),(2,242.8,71.556),(2,242.8666667,71.556),(2,242.9333333,71.556),(2,243,71.556),(2,243.0666667,70.7922),(2,243.1333333,70.7922),(2,243.2,70.7922),(2,243.2666667,70.752),(2,243.3333333,70.752),(2,243.4,70.752),(2,243.4666667,70.752),(2,243.5333333,70.5912),(2,243.6,70.5912),(2,243.6666667,70.5912),(2,243.7333333,70.5912),(2,243.8,41.2452),(2,243.8666667,41.2452),(2,243.9333333,41.2452),(2,244,41.2452),(2,244.0666667,4.1004),(2,244.1333333,4.1004),(2,244.2,4.1004),(2,244.2666667,4.8642),(2,244.3333333,4.8642),(2,244.4,4.8642),(2,244.4666667,4.8642),(2,244.5333333,5.3868),(2,244.6,5.3868),(2,244.6666667,5.3868),(2,244.7333333,5.3868),(2,244.8,5.3868),(2,244.8666667,5.3868),(2,244.9333333,5.3868),(2,245,5.3868),(2,245.0666667,5.226),(2,245.1333333,5.226),(2,245.2,5.226),(2,245.2666667,4.3416),(2,245.3333333,4.3416),(2,245.4,4.3416),(2,245.4666667,4.3416),(2,245.5333333,4.2612),(2,245.6,4.2612),(2,245.6666667,4.2612),(2,245.7333333,4.2612),(2,245.8,4.221),(2,245.8666667,4.221),(2,245.9333333,4.221),(2,246,4.221),(2,246.0666667,4.1004),(2,246.1333333,4.1004),(2,246.2,4.1004),(2,246.2666667,4.3416),(2,246.3333333,4.3416),(2,246.4,4.3416),(2,246.4666667,4.3416),(2,246.5333333,25.1652),(2,246.6,25.1652),(2,246.6666667,25.1652),(2,246.7333333,25.1652),(2,246.8,73.164),(2,246.8666667,73.164),(2,246.9333333,73.164),(2,247,73.164),(2,247.0666667,85.827),(2,247.1333333,85.827),(2,247.2,85.827),(2,247.2666667,90.0882),(2,247.3333333,90.0882),(2,247.4,90.0882),(2,247.4666667,90.0882),(2,247.5333333,89.043),(2,247.6,89.043),(2,247.6666667,89.043),(2,247.7333333,89.043),(2,247.8,88.842),(2,247.8666667,88.842),(2,247.9333333,88.842),(2,248,88.842),(2,248.0666667,88.9626),(2,248.1333333,88.9626),(2,248.2,88.9626),(2,248.2666667,87.5556),(2,248.3333333,87.5556),(2,248.4,87.5556),(2,248.4666667,87.5556),(2,248.5333333,88.1586),(2,248.6,88.1586),(2,248.6666667,88.1586),(2,248.7333333,88.1586),(2,248.8,88.1184),(2,248.8666667,88.1184),(2,248.9333333,88.1184),(2,249,88.1184),(2,249.0666667,87.837),(2,249.1333333,87.837),(2,249.2,87.837),(2,249.2666667,87.7164),(2,249.3333333,87.7164),(2,249.4,87.7164),(2,249.4666667,87.7164),(2,249.5333333,87.9174),(2,249.6,87.9174),(2,249.6666667,87.9174),(2,249.7333333,87.9174),(2,249.8,88.3998),(2,249.8666667,88.3998),(2,249.9333333,88.3998),(2,250,88.3998),(2,250.0666667,88.8018),(2,250.1333333,88.8018),(2,250.2,88.8018),(2,250.2666667,88.3194),(2,250.3333333,88.3194),(2,250.4,88.3194),(2,250.4666667,88.3194),(2,250.5333333,87.636),(2,250.6,87.636),(2,250.6666667,87.636),(2,250.7333333,87.636),(2,250.8,87.9978),(2,250.8666667,87.9978),(2,250.9333333,87.9978),(2,251,87.9978),(2,251.0666667,87.9576),(2,251.1333333,87.9576),(2,251.2,87.9576),(2,251.2666667,88.1586),(2,251.3333333,88.1586),(2,251.4,88.1586),(2,251.4666667,88.1586),(2,251.5333333,89.9676),(2,251.6,89.9676),(2,251.6666667,89.9676),(2,251.7333333,89.9676),(2,251.8,87.9174),(2,251.8666667,87.9174),(2,251.9333333,87.9174),(2,252,87.9174),(2,252.0666667,87.5556),(2,252.1333333,87.5556),(2,252.2,87.5556),(2,252.2666667,88.5606),(2,252.3333333,88.5606),(2,252.4,88.5606),(2,252.4666667,88.5606),(2,252.5333333,88.0782),(2,252.6,88.0782),(2,252.6666667,88.0782),(2,252.7333333,88.0782),(2,252.8,0.02),(2,252.8666667,0.02),(2,252.9333333,0.02),(2,253,0.02),(2,253.0666667,0.02),(2,253.1333333,0.02),(2,253.2,0.02),(2,253.2666667,0.02),(2,253.3333333,0.02),(2,253.4,0.02),(2,253.4666667,0.02),(2,253.5333333,0.02),(2,253.6,0.02),(2,253.6666667,0.02),(2,253.7333333,0.02),(2,253.8,0.02),(2,253.8666667,0.02),(2,253.9333333,0.02),(2,254,0.02),(2,254.0666667,0.02),(2,254.1333333,0.02),(2,254.2,0.02),(2,254.2666667,0.02),(2,254.3333333,0.02),(2,254.4,0.02),(2,254.4666667,0.02),(2,254.5333333,0.02),(2,254.6,0.02),(2,254.6666667,0.02),(2,254.7333333,0.02),(2,254.8,0.02),(2,254.8666667,0.02),(2,254.9333333,0.02),(2,255,0.02),(2,255.0666667,0.02),(2,255.1333333,0.02),(2,255.2,0.02),(2,255.2666667,0.02),(2,255.3333333,0.02),(2,255.4,0.02),(2,255.4666667,0.02),(2,255.5333333,0.02),(2,255.6,0.02),(2,255.6666667,0.02),(2,255.7333333,0.02),(2,255.8,0.02),(2,255.8666667,0.02),(2,255.9333333,0.02),(2,256,0.02),(2,256.0666667,0.02),(2,256.1333333,0.02),(2,256.2,0.02),(2,256.2666667,0.02),(2,256.3333333,0.02),(2,256.4,0.02),(2,256.4666667,0.02),(2,256.5333333,88.7214),(2,256.6,88.7214),(2,256.6666667,88.7214),(2,256.7333333,88.7214),(2,256.8,88.9224),(2,256.8666667,88.9224),(2,256.9333333,88.9224),(2,257,88.9224),(2,257.0666667,87.636),(2,257.1333333,87.636),(2,257.2,87.636),(2,257.2666667,87.435),(2,257.3333333,87.435),(2,257.4,87.435),(2,257.4666667,87.435),(2,257.5333333,87.7164),(2,257.6,87.7164),(2,257.6666667,87.7164),(2,257.7333333,87.7164),(2,257.8,87.7968),(2,257.8666667,87.7968),(2,257.9333333,87.7968),(2,258,87.7968),(2,258.0666667,87.0732),(2,258.1333333,87.0732),(2,258.2,87.0732),(2,258.2666667,87.5154),(2,258.3333333,87.5154),(2,258.4,87.5154),(2,258.4666667,87.5154),(2,258.5333333,87.3144),(2,258.6,87.3144),(2,258.6666667,87.3144),(2,258.7333333,87.3144),(2,258.8,87.7566),(2,258.8666667,87.7566),(2,258.9333333,87.7566),(2,259,87.7566),(2,259.0666667,88.5606),(2,259.1333333,88.5606),(2,259.2,88.5606),(2,259.2666667,87.3144),(2,259.3333333,87.3144),(2,259.4,87.3144),(2,259.4666667,87.3144),(2,259.5333333,87.2742),(2,259.6,87.2742),(2,259.6666667,87.2742),(2,259.7333333,87.2742),(2,259.8,0.02),(2,259.8666667,0.02),(2,259.9333333,0.02),(2,260,0.02),(2,260.0666667,0.02),(2,260.1333333,0.02),(2,260.2,0.02),(2,260.2666667,0.02),(2,260.3333333,0.02),(2,260.4,0.02),(2,260.4666667,0.02),(2,260.5333333,0.02),(2,260.6,0.02),(2,260.6666667,0.02),(2,260.7333333,0.02),(2,260.8,0.02),(2,260.8666667,0.02),(2,260.9333333,0.02),(2,261,0.02),(2,261.0666667,0.02),(2,261.1333333,0.02),(2,261.2,0.02),(2,261.2666667,0.02),(2,261.3333333,0.02),(2,261.4,0.02),(2,261.4666667,0.02),(2,261.5333333,0.02),(2,261.6,0.02),(2,261.6666667,0.02),(2,261.7333333,0.02),(2,261.8,0.02),(2,261.8666667,0.02),(2,261.9333333,0.02),(2,262,0.02),(2,262.0666667,0.02),(2,262.1333333,0.02),(2,262.2,0.02),(2,262.2666667,0.02),(2,262.3333333,0.02),(2,262.4,0.02),(2,262.4666667,0.02),(2,262.5333333,0.02),(2,262.6,0.02),(2,262.6666667,0.02),(2,262.7333333,0.02),(2,262.8,0.02),(2,262.8666667,0.02),(2,262.9333333,0.02),(2,263,0.02),(2,263.0666667,4.221),(2,263.1333333,4.221),(2,263.2,4.221),(2,263.2666667,4.5024),(2,263.3333333,4.5024),(2,263.4,4.5024),(2,263.4666667,4.5024),(2,263.5333333,7.236),(2,263.6,7.236),(2,263.6666667,7.236),(2,263.7333333,7.236),(2,263.8,11.8188),(2,263.8666667,11.8188),(2,263.9333333,11.8188),(2,264,11.8188),(2,264.0666667,70.0686),(2,264.1333333,70.0686),(2,264.2,70.0686),(2,264.2666667,70.4706),(2,264.3333333,70.4706),(2,264.4,70.4706),(2,264.4666667,70.4706),(2,264.5333333,0.02),(2,264.6,0.02),(2,264.6666667,0.02),(2,264.7333333,0.02),(2,264.8,0.02),(2,264.8666667,0.02),(2,264.9333333,0.02),(2,265,0.02),(2,265.0666667,0.02),(2,265.1333333,0.02),(2,265.2,0.02),(2,265.2666667,0.02),(2,265.3333333,0.02),(2,265.4,0.02),(2,265.4666667,0.02),(2,265.5333333,0.02),(2,265.6,0.02),(2,265.6666667,0.02),(2,265.7333333,0.02),(2,265.8,0.02),(2,265.8666667,0.02),(2,265.9333333,0.02),(2,266,0.02),(2,266.0666667,0.02),(2,266.1333333,0.02),(2,266.2,0.02),(2,266.2666667,0.02),(2,266.3333333,0.02),(2,266.4,0.02),(2,266.4666667,0.02),(2,266.5333333,0.02),(2,266.6,0.02),(2,266.6666667,0.02),(2,266.7333333,0.02),(2,266.8,0.02),(2,266.8666667,0.02),(2,266.9333333,0.02),(2,267,0.02),(2,267.0666667,0.02),(2,267.1333333,0.02),(2,267.2,0.02),(2,267.2666667,0.02),(2,267.3333333,0.02),(2,267.4,0.02),(2,267.4666667,0.02),(2,267.5333333,0.02),(2,267.6,0.02),(2,267.6666667,0.02),(2,267.7333333,0.02),(2,267.8,70.0284),(2,267.8666667,70.0284),(2,267.9333333,70.0284),(2,268,70.0284),(2,268.0666667,70.0686),(2,268.1333333,70.0686),(2,268.2,70.0686),(2,268.2666667,70.1892),(2,268.3333333,70.1892),(2,268.4,70.1892),(2,268.4666667,70.1892),(2,268.5333333,69.9078),(2,268.6,69.9078),(2,268.6666667,69.9078),(2,268.7333333,69.9078),(2,268.8,70.1892),(2,268.8666667,70.1892),(2,268.9333333,70.1892),(2,269,70.1892),(2,269.0666667,69.948),(2,269.1333333,69.948),(2,269.2,69.948),(2,269.2666667,71.1942),(2,269.3333333,71.1942),(2,269.4,71.1942),(2,269.4666667,71.1942),(2,269.5333333,70.4304),(2,269.6,70.4304),(2,269.6666667,70.4304),(2,269.7333333,70.4304),(2,269.8,70.149),(2,269.8666667,70.149),(2,269.9333333,70.149),(2,270,70.149),(2,270.0666667,70.2696),(2,270.1333333,70.2696),(2,270.2,70.2696),(2,270.2666667,39.1146),(2,270.3333333,39.1146),(2,270.4,39.1146),(2,270.4666667,39.1146),(2,270.5333333,6.1506),(2,270.6,6.1506),(2,270.6666667,6.1506),(2,270.7333333,6.1506),(2,270.8,5.1456),(2,270.8666667,5.1456),(2,270.9333333,5.1456),(2,271,5.1456),(2,271.0666667,6.3114),(2,271.1333333,6.3114),(2,271.2,6.3114),(2,271.2666667,6.1908),(2,271.3333333,6.1908),(2,271.4,6.1908),(2,271.4666667,6.1908),(2,271.5333333,6.1506),(2,271.6,6.1506),(2,271.6666667,6.1506),(2,271.7333333,6.1506),(2,271.8,5.3064),(2,271.8666667,5.3064),(2,271.9333333,5.3064),(2,272,5.3064),(2,272.0666667,0.02),(2,272.1333333,0.02),(2,272.2,0.02),(2,272.2666667,0.02),(2,272.3333333,0.02),(2,272.4,0.02),(2,272.4666667,0.02),(2,272.5333333,0.02),(2,272.6,0.02),(2,272.6666667,0.02),(2,272.7333333,0.02),(2,272.8,0.02),(2,272.8666667,0.02),(2,272.9333333,0.02),(2,273,0.02),(2,273.0666667,0.02),(2,273.1333333,0.02),(2,273.2,0.02),(2,273.2666667,0.02),(2,273.3333333,0.02),(2,273.4,0.02),(2,273.4666667,0.02),(2,273.5333333,0.02),(2,273.6,0.02),(2,273.6666667,0.02),(2,273.7333333,0.02),(2,273.8,0.02),(2,273.8666667,0.02),(2,273.9333333,0.02),(2,274,0.02),(2,274.0666667,0.02),(2,274.1333333,0.02),(2,274.2,0.02),(2,274.2666667,0.02),(2,274.3333333,0.02),(2,274.4,0.02),(2,274.4666667,0.02),(2,274.5333333,0.02),(2,274.6,0.02),(2,274.6666667,0.02),(2,274.7333333,0.02),(2,274.8,71.3952),(2,274.8666667,71.3952),(2,274.9333333,71.3952),(2,275,71.3952),(2,275.0666667,71.2746),(2,275.1333333,71.2746),(2,275.2,71.2746),(2,275.2666667,71.958),(2,275.3333333,71.958),(2,275.4,71.958),(2,275.4666667,71.958),(2,275.5333333,71.1138),(2,275.6,71.1138),(2,275.6666667,71.1138),(2,275.7333333,71.1138),(2,275.8,71.757),(2,275.8666667,71.757),(2,275.9333333,71.757),(2,276,71.757),(2,276.0666667,70.752),(2,276.1333333,70.752),(2,276.2,70.752),(2,276.2666667,70.8324),(2,276.3333333,70.8324),(2,276.4,70.8324),(2,276.4666667,70.8324),(2,276.5333333,71.8374),(2,276.6,71.8374),(2,276.6666667,71.8374),(2,276.7333333,71.8374),(2,276.8,71.2746),(2,276.8666667,71.2746),(2,276.9333333,71.2746),(2,277,71.2746),(2,277.0666667,71.8374),(2,277.1333333,71.8374),(2,277.2,71.8374),(2,277.2666667,0.02),(2,277.3333333,0.02),(2,277.4,0.02),(2,277.4666667,0.02),(2,277.5333333,0.02),(2,277.6,0.02),(2,277.6666667,0.02),(2,277.7333333,0.02),(2,277.8,0.02),(2,277.8666667,0.02),(2,277.9333333,0.02),(2,278,0.02),(2,278.0666667,0.02),(2,278.1333333,0.02),(2,278.2,0.02),(2,278.2666667,0.02),(2,278.3333333,0.02),(2,278.4,0.02),(2,278.4666667,0.02),(2,278.5333333,71.757),(2,278.6,71.757),(2,278.6666667,71.757),(2,278.7333333,71.757),(2,278.8,70.9128),(2,278.8666667,70.9128),(2,278.9333333,70.9128),(2,279,70.9128),(2,279.0666667,71.2746),(2,279.1333333,71.2746),(2,279.2,71.2746),(2,279.2666667,70.9932),(2,279.3333333,70.9932),(2,279.4,70.9932),(2,279.4666667,70.9932),(2,279.5333333,71.0736),(2,279.6,71.0736),(2,279.6666667,71.0736),(2,279.7333333,71.0736),(2,279.8,70.8726),(2,279.8666667,70.8726),(2,279.9333333,70.8726),(2,280,70.8726),(2,280.0666667,71.6364),(2,280.1333333,71.6364),(2,280.2,71.6364),(2,280.2666667,71.1942),(2,280.3333333,71.1942),(2,280.4,71.1942),(2,280.4666667,71.1942),(2,280.5333333,71.3952),(2,280.6,71.3952),(2,280.6666667,71.3952),(2,280.7333333,71.3952),(2,280.8,70.953),(2,280.8666667,70.953),(2,280.9333333,70.953),(2,281,70.953),(2,281.0666667,70.9128),(2,281.1333333,70.9128),(2,281.2,70.9128),(2,281.2666667,0.02),(2,281.3333333,0.02),(2,281.4,0.02),(2,281.4666667,0.02),(2,281.5333333,0.02),(2,281.6,0.02),(2,281.6666667,0.02),(2,281.7333333,0.02),(2,281.8,70.7922),(2,281.8666667,70.7922),(2,281.9333333,70.7922),(2,282,70.7922),(2,282.0666667,71.5158),(2,282.1333333,71.5158),(2,282.2,71.5158),(2,282.2666667,71.1942),(2,282.3333333,71.1942),(2,282.4,71.1942),(2,282.4666667,71.1942),(2,282.5333333,70.953),(2,282.6,70.953),(2,282.6666667,70.953),(2,282.7333333,70.953),(2,282.8,70.9128),(2,282.8666667,70.9128),(2,282.9333333,70.9128),(2,283,70.9128),(2,283.0666667,70.8324),(2,283.1333333,70.8324),(2,283.2,70.8324),(2,283.2666667,70.8726),(2,283.3333333,70.8726),(2,283.4,70.8726),(2,283.4666667,70.8726),(2,283.5333333,70.7118),(2,283.6,70.7118),(2,283.6666667,70.7118),(2,283.7333333,70.7118),(2,283.8,0.02),(2,283.8666667,0.02),(2,283.9333333,0.02),(2,284,0.02),(2,284.0666667,0.02),(2,284.1333333,0.02),(2,284.2,0.02),(2,284.2666667,0.02),(2,284.3333333,0.02),(2,284.4,0.02),(2,284.4666667,0.02),(2,284.5333333,0.02),(2,284.6,0.02),(2,284.6666667,0.02),(2,284.7333333,0.02),(2,284.8,0.02),(2,284.8666667,0.02),(2,284.9333333,0.02),(2,285,0.02),(2,285.0666667,0.02),(2,285.1333333,0.02),(2,285.2,0.02),(2,285.2666667,0.02),(2,285.3333333,0.02),(2,285.4,0.02),(2,285.4666667,0.02),(2,285.5333333,0.02),(2,285.6,0.02),(2,285.6666667,0.02),(2,285.7333333,0.02),(2,285.8,70.7922),(2,285.8666667,70.7922),(2,285.9333333,70.7922),(2,286,70.7922),(2,286.0666667,70.7118),(2,286.1333333,70.7118),(2,286.2,70.7118),(2,286.2666667,70.7118),(2,286.3333333,70.7118),(2,286.4,70.7118),(2,286.4666667,70.7118),(2,286.5333333,70.6314),(2,286.6,70.6314),(2,286.6666667,70.6314),(2,286.7333333,70.6314),(2,286.8,70.752),(2,286.8666667,70.752),(2,286.9333333,70.752),(2,287,70.752),(2,287.0666667,71.8776),(2,287.1333333,71.8776),(2,287.2,71.8776),(2,287.2666667,71.1138),(2,287.3333333,71.1138),(2,287.4,71.1138),(2,287.4666667,71.1138),(2,287.5333333,70.9128),(2,287.6,70.9128),(2,287.6666667,70.9128),(2,287.7333333,70.9128),(2,287.8,70.4304),(2,287.8666667,70.4304),(2,287.9333333,70.4304),(2,288,70.4304),(2,288.0666667,0.02),(2,288.1333333,0.02),(2,288.2,0.02),(2,288.2666667,0.02),(2,288.3333333,0.02),(2,288.4,0.02),(2,288.4666667,0.02),(2,288.5333333,0.02),(2,288.6,0.02),(2,288.6666667,0.02),(2,288.7333333,0.02),(2,288.8,0.02),(2,288.8666667,0.02),(2,288.9333333,0.02),(2,289,0.02),(2,289.0666667,73.2846),(2,289.1333333,73.2846),(2,289.2,73.2846),(2,289.2666667,73.3248),(2,289.3333333,73.3248),(2,289.4,73.3248),(2,289.4666667,73.3248),(2,289.5333333,73.9278),(2,289.6,73.9278),(2,289.6666667,73.9278),(2,289.7333333,73.9278),(2,289.8,32.6022),(2,289.8666667,32.6022),(2,289.9333333,32.6022),(2,290,32.6022),(2,290.0666667,6.6732),(2,290.1333333,6.6732),(2,290.2,6.6732),(2,290.2666667,6.7134),(2,290.3333333,6.7134),(2,290.4,6.7134),(2,290.4666667,6.7134),(2,290.5333333,6.7134),(2,290.6,6.7134),(2,290.6666667,6.7134),(2,290.7333333,6.7134),(2,290.8,7.1154),(2,290.8666667,7.1154),(2,290.9333333,7.1154),(2,291,7.1154),(2,291.0666667,6.432),(2,291.1333333,6.432),(2,291.2,6.432),(2,291.2666667,6.5526),(2,291.3333333,6.5526),(2,291.4,6.5526),(2,291.4666667,6.5526),(2,291.5333333,6.1908),(2,291.6,6.1908),(2,291.6666667,6.1908),(2,291.7333333,6.1908),(2,291.8,6.3516),(2,291.8666667,6.3516),(2,291.9333333,6.3516),(2,292,6.3516),(2,292.0666667,6.231),(2,292.1333333,6.231),(2,292.2,6.231),(2,292.2666667,6.4722),(2,292.3333333,6.4722),(2,292.4,6.4722),(2,292.4666667,6.4722),(2,292.5333333,7.5978),(2,292.6,7.5978),(2,292.6666667,7.5978),(2,292.7333333,7.5978),(2,292.8,7.839),(2,292.8666667,7.839),(2,292.9333333,7.839),(2,293,7.839),(2,293.0666667,7.3968),(2,293.1333333,7.3968),(2,293.2,7.3968),(2,293.2666667,7.7184),(2,293.3333333,7.7184),(2,293.4,7.7184),(2,293.4666667,7.7184),(2,293.5333333,7.1154),(2,293.6,7.1154),(2,293.6666667,7.1154),(2,293.7333333,7.1154),(2,293.8,6.231),(2,293.8666667,6.231),(2,293.9333333,6.231),(2,294,6.231),(2,294.0666667,6.3516),(2,294.1333333,6.3516),(2,294.2,6.3516),(2,294.2666667,6.0702),(2,294.3333333,6.0702),(2,294.4,6.0702),(2,294.4666667,6.0702),(2,294.5333333,6.4722),(2,294.6,6.4722),(2,294.6666667,6.4722),(2,294.7333333,6.4722),(2,294.8,33.768),(2,294.8666667,33.768),(2,294.9333333,33.768),(2,295,33.768),(2,295.0666667,72.4404),(2,295.1333333,72.4404),(2,295.2,72.4404),(2,295.2666667,73.164),(2,295.3333333,73.164),(2,295.4,73.164),(2,295.4666667,73.164),(2,295.5333333,73.6062),(2,295.6,73.6062),(2,295.6666667,73.6062),(2,295.7333333,73.6062),(2,295.8,72.9228),(2,295.8666667,72.9228),(2,295.9333333,72.9228),(2,296,72.9228),(2,296.0666667,73.2042),(2,296.1333333,73.2042),(2,296.2,73.2042),(2,296.2666667,73.164),(2,296.3333333,73.164),(2,296.4,73.164),(2,296.4666667,73.164),(2,296.5333333,73.2042),(2,296.6,73.2042),(2,296.6666667,73.2042),(2,296.7333333,73.2042),(2,296.8,0.02),(2,296.8666667,0.02),(2,296.9333333,0.02),(2,297,0.02),(2,297.0666667,0.02),(2,297.1333333,0.02),(2,297.2,0.02),(2,297.2666667,0.02),(2,297.3333333,0.02),(2,297.4,0.02),(2,297.4666667,0.02),(2,297.5333333,0.02),(2,297.6,0.02),(2,297.6666667,0.02),(2,297.7333333,0.02),(2,297.8,0.02),(2,297.8666667,0.02),(2,297.9333333,0.02),(2,298,0.02),(2,298.0666667,0.02),(2,298.1333333,0.02),(2,298.2,0.02),(2,298.2666667,0.02),(2,298.3333333,0.02),(2,298.4,0.02),(2,298.4666667,0.02),(2,298.5333333,73.566),(2,298.6,73.566),(2,298.6666667,73.566),(2,298.7333333,73.566),(2,298.8,73.4454),(2,298.8666667,73.4454),(2,298.9333333,73.4454),(2,299,73.4454),(2,299.0666667,73.4454),(2,299.1333333,73.4454),(2,299.2,73.4454),(2,299.2666667,74.0886),(2,299.3333333,74.0886),(2,299.4,74.0886),(2,299.4666667,74.0886),(2,299.5333333,73.6062),(2,299.6,73.6062),(2,299.6666667,73.6062),(2,299.7333333,73.6062),(2,299.8,73.1238),(2,299.8666667,73.1238),(2,299.9333333,73.1238),(2,300,73.1238),(2,300.0666667,73.1238),(2,300.1333333,73.1238),(2,300.2,73.1238),(2,300.2666667,74.1288),(2,300.3333333,74.1288),(2,300.4,74.1288),(2,300.4666667,74.1288),(2,300.5333333,73.6464),(2,300.6,73.6464),(2,300.6666667,73.6464),(2,300.7333333,73.6464),(2,300.8,73.968),(2,300.8666667,73.968),(2,300.9333333,73.968),(2,301,73.968),(2,301.0666667,72.8826),(2,301.1333333,72.8826),(2,301.2,72.8826),(2,301.2666667,73.0836),(2,301.3333333,73.0836),(2,301.4,73.0836),(2,301.4666667,73.0836),(2,301.5333333,72.8826),(2,301.6,72.8826),(2,301.6666667,72.8826),(2,301.7333333,72.8826),(2,301.8,73.0434),(2,301.8666667,73.0434),(2,301.9333333,73.0434),(2,302,73.0434),(2,302.0666667,0.02),(2,302.1333333,0.02),(2,302.2,0.02),(2,302.2666667,0.02),(2,302.3333333,0.02),(2,302.4,0.02),(2,302.4666667,0.02),(2,302.5333333,0.02),(2,302.6,0.02),(2,302.6666667,0.02),(2,302.7333333,0.02),(2,302.8,0.02),(2,302.8666667,0.02),(2,302.9333333,0.02),(2,303,0.02),(2,303.0666667,0.02),(2,303.1333333,0.02),(2,303.2,0.02),(2,303.2666667,0.02),(2,303.3333333,0.02),(2,303.4,0.02),(2,303.4666667,0.02),(2,303.5333333,0.02),(2,303.6,0.02),(2,303.6666667,0.02),(2,303.7333333,0.02),(2,303.8,0.02),(2,303.8666667,0.02),(2,303.9333333,0.02),(2,304,0.02),(2,304.0666667,0.02),(2,304.1333333,0.02),(2,304.2,0.02),(2,304.2666667,0.02),(2,304.3333333,0.02),(2,304.4,0.02),(2,304.4666667,0.02),(2,304.5333333,0.02),(2,304.6,0.02),(2,304.6666667,0.02),(2,304.7333333,0.02),(2,304.8,0.02),(2,304.8666667,0.02),(2,304.9333333,0.02),(2,305,0.02),(2,305.0666667,0.02),(2,305.1333333,0.02),(2,305.2,0.02),(2,305.2666667,0.02),(2,305.3333333,0.02),(2,305.4,0.02),(2,305.4666667,0.02),(2,305.5333333,0.02),(2,305.6,0.02),(2,305.6666667,0.02),(2,305.7333333,0.02),(2,305.8,72.8826),(2,305.8666667,72.8826),(2,305.9333333,72.8826),(2,306,72.8826),(2,306.0666667,72.6414),(2,306.1333333,72.6414),(2,306.2,72.6414),(2,306.2666667,72.8424),(2,306.3333333,72.8424),(2,306.4,72.8424),(2,306.4666667,72.8424),(2,306.5333333,72.762),(2,306.6,72.762),(2,306.6666667,72.762),(2,306.7333333,72.762),(2,306.8,72.8826),(2,306.8666667,72.8826),(2,306.9333333,72.8826),(2,307,72.8826),(2,307.0666667,72.8022),(2,307.1333333,72.8022),(2,307.2,72.8022),(2,307.2666667,72.8022),(2,307.3333333,72.8022),(2,307.4,72.8022),(2,307.4666667,72.8022),(2,307.5333333,72.8022),(2,307.6,72.8022),(2,307.6666667,72.8022),(2,307.7333333,72.8022),(2,307.8,72.4806),(2,307.8666667,72.4806),(2,307.9333333,72.4806),(2,308,72.4806),(2,308.0666667,72.0786),(2,308.1333333,72.0786),(2,308.2,72.0786),(2,308.2666667,73.0032),(2,308.3333333,73.0032),(2,308.4,73.0032),(2,308.4666667,73.0032),(2,308.5333333,72.6816),(2,308.6,72.6816),(2,308.6666667,72.6816),(2,308.7333333,72.6816),(2,308.8,72.963),(2,308.8666667,72.963),(2,308.9333333,72.963),(2,309,72.963),(2,309.0666667,72.5208),(2,309.1333333,72.5208),(2,309.2,72.5208),(2,309.2666667,73.0836),(2,309.3333333,73.0836),(2,309.4,73.0836),(2,309.4666667,73.0836),(2,309.5333333,73.0434),(2,309.6,73.0434),(2,309.6666667,73.0434),(2,309.7333333,73.0434),(2,309.8,73.6062),(2,309.8666667,73.6062),(2,309.9333333,73.6062),(2,310,73.6062),(2,310.0666667,0.02),(2,310.1333333,0.02),(2,310.2,0.02),(2,310.2666667,0.02),(2,310.3333333,0.02),(2,310.4,0.02),(2,310.4666667,0.02),(2,310.5333333,0.02),(2,310.6,0.02),(2,310.6666667,0.02),(2,310.7333333,0.02),(2,310.8,0.02),(2,310.8666667,0.02),(2,310.9333333,0.02),(2,311,0.02),(2,311.0666667,0.02),(2,311.1333333,0.02),(2,311.2,0.02),(2,311.2666667,0.02),(2,311.3333333,0.02),(2,311.4,0.02),(2,311.4666667,0.02),(2,311.5333333,0.02),(2,311.6,0.02),(2,311.6666667,0.02),(2,311.7333333,0.02),(2,311.8,73.7268),(2,311.8666667,73.7268),(2,311.9333333,73.7268),(2,312,73.7268),(2,312.0666667,70.551),(2,312.1333333,70.551),(2,312.2,70.551),(2,312.2666667,70.8726),(2,312.3333333,70.8726),(2,312.4,70.8726),(2,312.4666667,70.8726),(2,312.5333333,71.8776),(2,312.6,71.8776),(2,312.6666667,71.8776),(2,312.7333333,71.8776),(2,312.8,71.8374),(2,312.8666667,71.8374),(2,312.9333333,71.8374),(2,313,71.8374),(2,313.0666667,0.02),(2,313.1333333,0.02),(2,313.2,0.02),(2,313.2666667,0.02),(2,313.3333333,0.02),(2,313.4,0.02),(2,313.4666667,0.02),(2,313.5333333,0.02),(2,313.6,0.02),(2,313.6666667,0.02),(2,313.7333333,0.02),(2,313.8,0.02),(2,313.8666667,0.02),(2,313.9333333,0.02),(2,314,0.02),(2,314.0666667,0.02),(2,314.1333333,0.02),(2,314.2,0.02),(2,314.2666667,0.02),(2,314.3333333,0.02),(2,314.4,0.02),(2,314.4666667,0.02),(2,314.5333333,0.02),(2,314.6,0.02),(2,314.6666667,0.02),(2,314.7333333,0.02),(2,314.8,0.02),(2,314.8666667,0.02),(2,314.9333333,0.02),(2,315,0.02),(2,315.0666667,0.02),(2,315.1333333,0.02),(2,315.2,0.02),(2,315.2666667,0.02),(2,315.3333333,0.02),(2,315.4,0.02),(2,315.4666667,0.02),(2,315.5333333,0.02),(2,315.6,0.02),(2,315.6666667,0.02),(2,315.7333333,0.02),(2,315.8,0.02),(2,315.8666667,0.02),(2,315.9333333,0.02),(2,316,0.02),(2,316.0666667,4.5426),(2,316.1333333,4.5426),(2,316.2,4.5426),(2,316.2666667,4.9446),(2,316.3333333,4.9446),(2,316.4,4.9446),(2,316.4666667,4.9446),(2,316.5333333,4.7034),(2,316.6,4.7034),(2,316.6666667,4.7034),(2,316.7333333,4.7034),(2,316.8,5.829),(2,316.8666667,5.829),(2,316.9333333,5.829),(2,317,5.829),(2,317.0666667,6.0702),(2,317.1333333,6.0702),(2,317.2,6.0702),(2,317.2666667,4.7034),(2,317.3333333,4.7034),(2,317.4,4.7034),(2,317.4666667,4.7034),(2,317.5333333,4.7034),(2,317.6,4.7034),(2,317.6666667,4.7034),(2,317.7333333,4.7034),(2,317.8,4.7436),(2,317.8666667,4.7436),(2,317.9333333,4.7436),(2,318,4.7436),(2,318.0666667,4.8642),(2,318.1333333,4.8642),(2,318.2,4.8642),(2,318.2666667,5.2662),(2,318.3333333,5.2662),(2,318.4,5.2662),(2,318.4666667,5.2662),(2,318.5333333,4.5828),(2,318.6,4.5828),(2,318.6666667,4.5828),(2,318.7333333,4.5828),(2,318.8,5.628),(2,318.8666667,5.628),(2,318.9333333,5.628),(2,319,5.628),(2,319.0666667,39.1548),(2,319.1333333,39.1548),(2,319.2,39.1548),(2,319.2666667,70.4304),(2,319.3333333,70.4304),(2,319.4,70.4304),(2,319.4666667,70.4304),(2,319.5333333,70.7118),(2,319.6,70.7118),(2,319.6666667,70.7118),(2,319.7333333,70.7118),(2,319.8,71.4354),(2,319.8666667,71.4354),(2,319.9333333,71.4354),(2,320,71.4354),(2,320.0666667,71.8374),(2,320.1333333,71.8374),(2,320.2,71.8374),(2,320.2666667,71.7168),(2,320.3333333,71.7168),(2,320.4,71.7168),(2,320.4666667,71.7168),(2,320.5333333,71.0334),(2,320.6,71.0334),(2,320.6666667,71.0334),(2,320.7333333,71.0334),(2,320.8,0.02),(2,320.8666667,0.02),(2,320.9333333,0.02),(2,321,0.02),(2,321.0666667,0.02),(2,321.1333333,0.02),(2,321.2,0.02),(2,321.2666667,0.02),(2,321.3333333,0.02),(2,321.4,0.02),(2,321.4666667,0.02),(2,321.5333333,0.02),(2,321.6,0.02),(2,321.6666667,0.02),(2,321.7333333,0.02),(2,321.8,0.02),(2,321.8666667,0.02),(2,321.9333333,0.02),(2,322,0.02),(2,322.0666667,0.02),(2,322.1333333,0.02),(2,322.2,0.02),(2,322.2666667,0.02),(2,322.3333333,0.02),(2,322.4,0.02),(2,322.4666667,0.02),(2,322.5333333,0.02),(2,322.6,0.02),(2,322.6666667,0.02),(2,322.7333333,0.02),(2,322.8,0.02),(2,322.8666667,0.02),(2,322.9333333,0.02),(2,323,0.02),(2,323.0666667,71.2344),(2,323.1333333,71.2344),(2,323.2,71.2344),(2,323.2666667,70.1088),(2,323.3333333,70.1088),(2,323.4,70.1088),(2,323.4666667,70.1088),(2,323.5333333,70.2294),(2,323.6,70.2294),(2,323.6666667,70.2294),(2,323.7333333,70.2294),(2,323.8,70.4304),(2,323.8666667,70.4304),(2,323.9333333,70.4304),(2,324,70.4304),(2,324.0666667,70.35),(2,324.1333333,70.35),(2,324.2,70.35),(2,324.2666667,71.6766),(2,324.3333333,71.6766),(2,324.4,71.6766),(2,324.4666667,71.6766),(2,324.5333333,70.35),(2,324.6,70.35),(2,324.6666667,70.35),(2,324.7333333,70.35),(2,324.8,70.2696),(2,324.8666667,70.2696),(2,324.9333333,70.2696),(2,325,70.2696),(2,325.0666667,70.2294),(2,325.1333333,70.2294),(2,325.2,70.2294),(2,325.2666667,70.4706),(2,325.3333333,70.4706),(2,325.4,70.4706),(2,325.4666667,70.4706),(2,325.5333333,0.02),(2,325.6,0.02),(2,325.6666667,0.02),(2,325.7333333,0.02),(2,325.8,0.02),(2,325.8666667,0.02),(2,325.9333333,0.02),(2,326,0.02),(2,326.0666667,0.02),(2,326.1333333,0.02),(2,326.2,0.02),(2,326.2666667,0.02),(2,326.3333333,0.02),(2,326.4,0.02),(2,326.4666667,0.02),(2,326.5333333,0.02),(2,326.6,0.02),(2,326.6666667,0.02),(2,326.7333333,0.02),(2,326.8,0.02),(2,326.8666667,0.02),(2,326.9333333,0.02),(2,327,0.02),(2,327.0666667,0.02),(2,327.1333333,0.02),(2,327.2,0.02),(2,327.2666667,0.02),(2,327.3333333,0.02),(2,327.4,0.02),(2,327.4666667,0.02),(2,327.5333333,0.02),(2,327.6,0.02),(2,327.6666667,0.02),(2,327.7333333,0.02),(2,327.8,0.02),(2,327.8666667,0.02),(2,327.9333333,0.02),(2,328,0.02),(2,328.0666667,0.02),(2,328.1333333,0.02),(2,328.2,0.02),(2,328.2666667,0.02),(2,328.3333333,0.02),(2,328.4,0.02),(2,328.4666667,0.02),(2,328.5333333,70.0686),(2,328.6,70.0686),(2,328.6666667,70.0686),(2,328.7333333,70.0686),(2,328.8,70.1892),(2,328.8666667,70.1892),(2,328.9333333,70.1892),(2,329,70.1892),(2,329.0666667,70.0686),(2,329.1333333,70.0686),(2,329.2,70.0686),(2,329.2666667,70.0284),(2,329.3333333,70.0284),(2,329.4,70.0284),(2,329.4666667,70.0284),(2,329.5333333,69.9078),(2,329.6,69.9078),(2,329.6666667,69.9078),(2,329.7333333,69.9078),(2,329.8,70.149),(2,329.8666667,70.149),(2,329.9333333,70.149),(2,330,70.149),(2,330.0666667,70.0284),(2,330.1333333,70.0284),(2,330.2,70.0284),(2,330.2666667,70.3902),(2,330.3333333,70.3902),(2,330.4,70.3902),(2,330.4666667,70.3902),(2,330.5333333,70.2294),(2,330.6,70.2294),(2,330.6666667,70.2294),(2,330.7333333,70.2294),(2,330.8,69.9882),(2,330.8666667,69.9882),(2,330.9333333,69.9882),(2,331,69.9882),(2,331.0666667,70.2294),(2,331.1333333,70.2294),(2,331.2,70.2294),(2,331.2666667,71.0736),(2,331.3333333,71.0736),(2,331.4,71.0736),(2,331.4666667,71.0736),(2,331.5333333,71.1942),(2,331.6,71.1942),(2,331.6666667,71.1942),(2,331.7333333,71.1942),(2,331.8,0.02),(2,331.8666667,0.02),(2,331.9333333,0.02),(2,332,0.02),(2,332.0666667,0.02),(2,332.1333333,0.02),(2,332.2,0.02),(2,332.2666667,0.02),(2,332.3333333,0.02),(2,332.4,0.02),(2,332.4666667,0.02),(2,332.5333333,0.02),(2,332.6,0.02),(2,332.6666667,0.02),(2,332.7333333,0.02),(2,332.8,0.02),(2,332.8666667,0.02),(2,332.9333333,0.02),(2,333,0.02),(2,333.0666667,71.3148),(2,333.1333333,71.3148),(2,333.2,71.3148),(2,333.2666667,70.8324),(2,333.3333333,70.8324),(2,333.4,70.8324),(2,333.4666667,70.8324),(2,333.5333333,71.2344),(2,333.6,71.2344),(2,333.6666667,71.2344),(2,333.7333333,71.2344),(2,333.8,71.4756),(2,333.8666667,71.4756),(2,333.9333333,71.4756),(2,334,71.4756),(2,334.0666667,70.9932),(2,334.1333333,70.9932),(2,334.2,70.9932),(2,334.2666667,0.02),(2,334.3333333,0.02),(2,334.4,0.02),(2,334.4666667,0.02),(2,334.5333333,0.02),(2,334.6,0.02),(2,334.6666667,0.02),(2,334.7333333,0.02),(2,334.8,71.2344),(2,334.8666667,71.2344),(2,334.9333333,71.2344),(2,335,71.2344),(2,335.0666667,71.154),(2,335.1333333,71.154),(2,335.2,71.154),(2,335.2666667,71.5158),(2,335.3333333,71.5158),(2,335.4,71.5158),(2,335.4666667,71.5158),(2,335.5333333,70.9128),(2,335.6,70.9128),(2,335.6666667,70.9128),(2,335.7333333,70.9128),(2,335.8,71.0334),(2,335.8666667,71.0334),(2,335.9333333,71.0334),(2,336,71.0334);
UNLOCK TABLES;
